id,FIPS,x,y,POP10
81,42049.0,1277277.6705918983,441124.5067999844,1866.0
82,42049.0,1277277.6705918985,431124.5067999862,2093.0
83,42039.0,1277277.6705918992,421124.5067999838,590.0
84,42039.0,1277277.670591899,411124.50679998565,636.0
85,,1277277.670591899,401124.50679998606,582.0
86,,1277277.670591898,391124.5067999851,602.0
87,,1277277.6705918983,381124.5067999827,87.0
185,,1285937.924629743,456124.506799988,0.0
186,42049.0,1285937.9246297432,446124.50679998554,10191.0
187,42049.0,1285937.9246297423,436124.5067999888,3271.0
188,42049.0,1285937.9246297432,426124.506799985,5400.0
189,42039.0,1285937.9246297437,416124.5067999854,2531.0
190,42039.0,1285937.924629743,406124.5067999859,2514.0
191,42039.0,1285937.924629744,396124.5067999849,1384.0
192,42039.0,1285937.924629743,386124.50679998106,2817.0
193,42085.0,1285937.924629743,376124.5067999829,1856.0
194,42085.0,1285937.924629743,366124.5067999847,2415.0
195,42085.0,1285937.9246297437,356124.5067999852,32926.0
196,,1285937.9246297432,346124.5067999828,1315.0
197,,1285937.9246297432,336124.5067999832,560.0
198,,1285937.924629744,326124.5067999836,43.0
289,,1294598.178667588,481124.5067999869,0.0
290,,1294598.1786675877,471124.5067999845,0.0
291,,1294598.1786675882,461124.50679998635,0.0
292,42049.0,1294598.178667588,451124.5067999839,23133.0
293,42049.0,1294598.1786675875,441124.5067999858,2616.0
294,42049.0,1294598.1786675875,431124.5067999862,1610.0
295,42039.0,1294598.1786675877,421124.5067999852,1116.0
296,42039.0,1294598.1786675877,411124.50679998565,1724.0
297,42039.0,1294598.1786675882,401124.50679998467,5048.0
298,42039.0,1294598.1786675875,391124.5067999865,2083.0
299,42085.0,1294598.1786675877,381124.50679998554,10514.0
300,42085.0,1294598.1786675884,371124.50679998455,5821.0
301,42085.0,1294598.1786675877,361124.50679998496,7909.0
302,42085.0,1294598.178667588,351124.50679998397,7211.0
303,42073.0,1294598.1786675882,341124.506799983,3976.0
304,42073.0,1294598.178667588,331124.50679998344,4937.0
305,42073.0,1294598.178667588,321124.506799981,1770.0
306,42007.0,1294598.178667588,311124.50679998146,1676.0
307,,1294598.1786675882,301124.50679998327,1084.0
308,,1294598.1786675877,291124.5067999823,642.0
309,,1294598.178667588,281124.5067999813,142.0
396,,1303258.4327054324,466124.5067999847,6608.0
397,42049.0,1303258.4327054326,456124.5067999865,110912.0
398,42049.0,1303258.432705432,446124.506799987,6793.0
399,42049.0,1303258.4327054322,436124.506799986,8493.0
400,42039.0,1303258.432705432,426124.5067999864,2537.0
401,42039.0,1303258.432705432,416124.5067999854,3319.0
402,42039.0,1303258.4327054324,406124.50679998304,14062.0
403,42039.0,1303258.432705432,396124.5067999863,1863.0
404,42085.0,1303258.432705432,386124.5067999839,1811.0
405,42085.0,1303258.432705432,376124.5067999857,2012.0
406,42085.0,1303258.432705432,366124.5067999833,2599.0
407,42085.0,1303258.4327054322,356124.50679998234,3096.0
408,42073.0,1303258.4327054324,346124.5067999842,7095.0
409,42073.0,1303258.4327054326,336124.5067999832,37178.0
410,42073.0,1303258.4327054324,326124.5067999836,6621.0
411,42007.0,1303258.4327054329,316124.50679998123,4017.0
412,42007.0,1303258.432705433,306124.5067999831,9368.0
413,42007.0,1303258.4327054326,296124.5067999835,9694.0
414,42007.0,1303258.4327054326,286124.5067999811,4070.0
415,42007.0,1303258.4327054329,276124.5067999801,1713.0
416,42125.0,1303258.432705433,266124.50679998053,1727.0
417,42125.0,1303258.4327054326,256124.5067999824,1020.0
418,,1303258.4327054326,246124.5067999814,395.0
419,,1303258.4327054326,236124.50679998184,642.0
420,,1303258.432705433,226124.50679997943,26.0
502,,1311918.6867432762,471124.5067999859,2898.0
503,42049.0,1311918.686743276,461124.50679998915,44605.0
504,42049.0,1311918.6867432757,451124.50679998536,5710.0
505,42049.0,1311918.6867432764,441124.50679998717,4700.0
506,42049.0,1311918.686743276,431124.5067999862,2483.0
507,42039.0,1311918.686743277,421124.50679998664,5024.0
508,42039.0,1311918.6867432764,411124.50679998705,7456.0
509,42039.0,1311918.6867432764,401124.50679998606,6719.0
510,42039.0,1311918.686743277,391124.5067999837,1421.0
511,42085.0,1311918.6867432767,381124.5067999827,1428.0
512,42085.0,1311918.6867432757,371124.5067999831,2706.0
513,42085.0,1311918.6867432767,361124.50679998356,6632.0
514,42085.0,1311918.6867432767,351124.5067999811,2488.0
515,42073.0,1311918.6867432762,341124.506799983,2707.0
516,42073.0,1311918.6867432764,331124.506799982,8404.0
517,42073.0,1311918.6867432776,321124.506799981,17416.0
518,42007.0,1311918.6867432764,311124.50679998286,21912.0
519,42007.0,1311918.6867432771,301124.5067999819,39038.0
520,42007.0,1311918.6867432774,291124.5067999823,12587.0
521,42007.0,1311918.6867432774,281124.5067999813,3298.0
522,42125.0,1311918.6867432771,271124.50679998315,1654.0
523,42125.0,1311918.686743277,261124.5067999836,5121.0
524,42125.0,1311918.6867432771,251124.5067999812,2021.0
525,42125.0,1311918.6867432771,241124.5067999802,1481.0
526,42125.0,1311918.6867432771,231124.50679998062,1469.0
527,42125.0,1311918.6867432771,221124.50679997966,505.0
528,42059.0,1311918.686743277,211124.50679998007,325.0
529,,1311918.6867432776,201124.50679997908,198.0
530,,1311918.686743277,191124.5067999795,55.0
607,,1320578.94078112,476124.5067999871,7648.0
608,42049.0,1320578.9407811207,466124.5067999861,3372.0
609,42049.0,1320578.9407811202,456124.5067999865,3226.0
610,42049.0,1320578.9407811207,446124.50679998414,1664.0
611,42049.0,1320578.9407811202,436124.506799986,1956.0
612,42039.0,1320578.9407811202,426124.5067999864,1449.0
613,42039.0,1320578.9407811211,416124.5067999854,1278.0
614,42039.0,1320578.940781121,406124.50679998443,2009.0
615,42039.0,1320578.9407811202,396124.5067999849,3011.0
616,42085.0,1320578.940781121,386124.50679998245,1359.0
617,42085.0,1320578.940781121,376124.5067999857,2960.0
618,42085.0,1320578.9407811211,366124.5067999833,1581.0
619,42085.0,1320578.9407811204,356124.50679998234,13757.0
620,42073.0,1320578.9407811211,346124.5067999828,2420.0
621,42019.0,1320578.9407811204,336124.5067999832,2950.0
622,42073.0,1320578.9407811214,326124.5067999836,2773.0
623,42007.0,1320578.940781121,316124.5067999826,5523.0
624,42007.0,1320578.9407811218,306124.5067999831,6866.0
625,42007.0,1320578.9407811211,296124.5067999835,30366.0
626,42003.0,1320578.9407811214,286124.5067999811,34277.0
627,42003.0,1320578.9407811214,276124.5067999801,10302.0
628,42125.0,1320578.9407811216,266124.50679998053,7785.0
629,42125.0,1320578.9407811211,256124.50679998382,3014.0
630,42125.0,1320578.9407811214,246124.50679997998,8645.0
631,42125.0,1320578.9407811211,236124.50679998184,4008.0
632,42125.0,1320578.9407811216,226124.50679997943,929.0
633,42059.0,1320578.940781121,216124.5067999813,989.0
634,42059.0,1320578.9407811216,206124.5067999803,570.0
635,42059.0,1320578.9407811218,196124.5067999793,636.0
713,36013.0,1329239.1948189652,481124.5067999841,1971.0
714,36013.0,1329239.1948189656,471124.5067999859,1448.0
715,42049.0,1329239.1948189647,461124.50679998775,1441.0
716,42049.0,1329239.1948189656,451124.5067999839,1712.0
717,42049.0,1329239.1948189647,441124.50679998717,4814.0
718,42039.0,1329239.1948189647,431124.5067999862,1718.0
719,42039.0,1329239.1948189654,421124.5067999852,1146.0
720,42039.0,1329239.194818965,411124.50679998565,1388.0
721,42039.0,1329239.1948189663,401124.50679998327,1076.0
722,42121.0,1329239.1948189654,391124.5067999851,1821.0
723,42121.0,1329239.1948189656,381124.5067999827,1986.0
724,42121.0,1329239.1948189652,371124.5067999831,866.0
725,42121.0,1329239.1948189656,361124.50679998496,2220.0
726,42019.0,1329239.1948189656,351124.50679998257,3345.0
727,42019.0,1329239.1948189663,341124.506799983,9407.0
728,42019.0,1329239.1948189647,331124.50679998484,2600.0
729,42019.0,1329239.194818966,321124.50679998245,3692.0
730,42019.0,1329239.1948189654,311124.50679998286,17961.0
731,42003.0,1329239.1948189666,301124.5067999819,30383.0
732,42003.0,1329239.1948189654,291124.5067999823,14578.0
733,42003.0,1329239.194818966,281124.5067999813,38520.0
734,42003.0,1329239.1948189659,271124.50679998175,18487.0
735,42125.0,1329239.1948189656,261124.5067999836,14039.0
736,42125.0,1329239.194818966,251124.5067999812,26818.0
737,42125.0,1329239.194818966,241124.5067999816,25724.0
738,42125.0,1329239.1948189663,231124.50679998205,1637.0
739,42059.0,1329239.1948189652,221124.50679998106,821.0
740,42059.0,1329239.1948189663,211124.5067999815,928.0
741,42059.0,1329239.1948189666,201124.50679997908,506.0
742,,1329239.1948189666,191124.50679998094,67.0
816,,1337899.4488568094,506124.5067999872,0.0
817,,1337899.4488568096,496124.50679998763,5.0
818,36013.0,1337899.4488568092,486124.50679998525,4036.0
819,36013.0,1337899.4488568094,476124.5067999885,567.0
820,36013.0,1337899.4488568099,466124.5067999861,844.0
821,36013.0,1337899.44885681,456124.5067999865,1054.0
822,42049.0,1337899.448856809,446124.50679998554,1933.0
823,42049.0,1337899.4488568096,436124.50679998455,1370.0
824,42039.0,1337899.4488568096,426124.5067999864,1755.0
825,42039.0,1337899.44885681,416124.5067999854,1683.0
826,42121.0,1337899.44885681,406124.50679998443,1387.0
827,42121.0,1337899.4488568103,396124.5067999849,2020.0
828,42121.0,1337899.4488568092,386124.5067999839,11939.0
829,42121.0,1337899.4488568099,376124.5067999843,2073.0
830,42121.0,1337899.4488568099,366124.5067999833,1423.0
831,42019.0,1337899.4488568099,356124.50679998234,1485.0
832,42019.0,1337899.4488568099,346124.5067999842,1506.0
833,42019.0,1337899.4488568094,336124.5067999846,5277.0
834,42019.0,1337899.4488568103,326124.5067999836,18115.0
835,42019.0,1337899.4488568103,316124.5067999826,5850.0
836,42019.0,1337899.4488568096,306124.5067999831,17787.0
837,42003.0,1337899.4488568103,296124.5067999821,35945.0
838,42003.0,1337899.4488568106,286124.5067999811,80121.0
839,42003.0,1337899.4488568108,276124.5067999801,110440.0
840,42003.0,1337899.4488568106,266124.50679998053,82757.0
841,42125.0,1337899.4488568099,256124.50679998097,28420.0
842,42125.0,1337899.4488568106,246124.5067999814,3001.0
843,42125.0,1337899.4488568108,236124.50679998184,2398.0
844,42059.0,1337899.44885681,226124.50679998085,1339.0
845,42059.0,1337899.4488568113,216124.50679997986,10983.0
846,42059.0,1337899.4488568113,206124.50679997887,956.0
847,42059.0,1337899.4488568103,196124.5067999807,611.0
923,,1346559.7028946532,501124.50679998746,2121.0
924,36013.0,1346559.7028946537,491124.50679998787,2016.0
925,36013.0,1346559.7028946541,481124.5067999855,2712.0
926,36013.0,1346559.702894654,471124.5067999859,1459.0
927,36013.0,1346559.702894654,461124.5067999849,1304.0
928,42123.0,1346559.702894654,451124.50679998676,1952.0
929,42049.0,1346559.7028946537,441124.5067999858,7430.0
930,42039.0,1346559.7028946546,431124.5067999862,1351.0
931,42039.0,1346559.7028946532,421124.50679998664,1180.0
932,42039.0,1346559.7028946537,411124.50679998565,7646.0
933,42121.0,1346559.7028946544,401124.50679998467,1028.0
934,42121.0,1346559.7028946546,391124.5067999865,15082.0
935,42121.0,1346559.7028946546,381124.5067999841,2336.0
936,42121.0,1346559.7028946546,371124.50679998455,901.0
937,42121.0,1346559.7028946534,361124.50679998496,1268.0
938,42019.0,1346559.702894654,351124.50679998397,1889.0
939,42019.0,1346559.702894655,341124.506799983,2036.0
940,42019.0,1346559.702894654,331124.50679998484,7701.0
941,42019.0,1346559.702894655,321124.506799981,23363.0
942,42019.0,1346559.7028946544,311124.50679998146,6132.0
943,42003.0,1346559.7028946546,301124.50679998327,22466.0
944,42003.0,1346559.7028946548,291124.5067999823,43204.0
945,42003.0,1346559.7028946548,281124.5067999813,197462.0
946,42003.0,1346559.702894654,271124.50679998175,128980.0
947,42003.0,1346559.7028946546,261124.50679998216,42060.0
948,42125.0,1346559.7028946548,251124.5067999826,4622.0
949,42125.0,1346559.7028946548,241124.5067999788,7115.0
950,42125.0,1346559.7028946546,231124.50679998205,3934.0
951,42059.0,1346559.7028946546,221124.50679997966,3641.0
952,42059.0,1346559.7028946546,211124.50679998007,1098.0
953,42059.0,1346559.7028946546,201124.5067999805,1175.0
1027,,1355219.9569324984,516124.50679998536,0.0
1028,36013.0,1355219.9569324974,506124.50679998583,23188.0
1029,36013.0,1355219.9569324986,496124.50679998763,2845.0
1030,36013.0,1355219.9569324984,486124.50679998525,1107.0
1031,36013.0,1355219.9569324988,476124.50679998426,2215.0
1032,36013.0,1355219.9569324984,466124.5067999875,1681.0
1033,36013.0,1355219.9569324977,456124.5067999865,1041.0
1034,42123.0,1355219.9569324984,446124.50679998554,954.0
1035,42123.0,1355219.9569324981,436124.50679998455,561.0
1036,42123.0,1355219.9569324984,426124.506799985,569.0
1037,42123.0,1355219.9569324981,416124.506799984,737.0
1038,42121.0,1355219.956932498,406124.5067999859,1689.0
1039,42121.0,1355219.956932499,396124.5067999849,1020.0
1040,42121.0,1355219.9569324984,386124.5067999853,2993.0
1041,42121.0,1355219.956932498,376124.5067999829,1225.0
1042,42121.0,1355219.9569324984,366124.5067999833,1974.0
1043,42019.0,1355219.956932499,356124.50679998373,2114.0
1044,42019.0,1355219.9569324986,346124.50679998135,2431.0
1045,42019.0,1355219.9569324986,336124.5067999832,4054.0
1046,42019.0,1355219.9569324984,326124.5067999836,4365.0
1047,42019.0,1355219.956932498,316124.5067999841,9694.0
1048,42019.0,1355219.956932499,306124.5067999831,5571.0
1049,42003.0,1355219.9569324986,296124.5067999821,19858.0
1050,42003.0,1355219.9569324984,286124.5067999825,64611.0
1051,42003.0,1355219.9569324984,276124.5067999801,116665.0
1052,42003.0,1355219.9569324986,266124.506799982,52151.0
1053,42003.0,1355219.956932499,256124.5067999824,14991.0
1054,42125.0,1355219.956932499,246124.50679997998,22243.0
1055,42125.0,1355219.9569324993,236124.50679998184,8358.0
1056,42051.0,1355219.9569324993,226124.50679998225,6938.0
1057,42059.0,1355219.9569324981,216124.5067999813,5121.0
1058,42059.0,1355219.9569324988,206124.5067999803,1969.0
1059,,1355219.956932499,196124.5067999807,427.0
1125,,1363880.2109703422,601124.5067999874,3012.0
1126,,1363880.2109703422,591124.5067999865,7465.0
1127,,1363880.2109703422,581124.5067999868,23020.0
1133,,1363880.2109703433,521124.5067999866,152.0
1134,36013.0,1363880.2109703424,511124.506799987,5721.0
1135,36013.0,1363880.210970342,501124.50679998886,1857.0
1136,36013.0,1363880.2109703426,491124.50679998647,2336.0
1137,36013.0,1363880.2109703429,481124.5067999869,1135.0
1138,36013.0,1363880.2109703426,471124.50679998734,7881.0
1139,36013.0,1363880.2109703424,461124.5067999849,1819.0
1140,42123.0,1363880.2109703429,451124.5067999839,1786.0
1141,42123.0,1363880.2109703422,441124.5067999858,1130.0
1142,42123.0,1363880.2109703429,431124.5067999834,560.0
1143,42123.0,1363880.2109703429,421124.50679998664,1143.0
1144,42053.0,1363880.2109703429,411124.50679998426,369.0
1145,42053.0,1363880.210970343,401124.50679998467,823.0
1146,42121.0,1363880.210970343,391124.5067999851,552.0
1147,42121.0,1363880.2109703429,381124.5067999827,1005.0
1148,42031.0,1363880.2109703429,371124.5067999831,3309.0
1149,42031.0,1363880.2109703426,361124.50679998635,1492.0
1150,42031.0,1363880.2109703433,351124.50679998257,801.0
1151,42005.0,1363880.2109703429,341124.50679998583,2563.0
1152,42005.0,1363880.2109703433,331124.50679998344,2585.0
1153,42005.0,1363880.210970343,321124.506799981,2500.0
1154,42005.0,1363880.2109703436,311124.50679998146,8624.0
1155,42129.0,1363880.2109703436,301124.5067999847,35890.0
1156,42003.0,1363880.2109703436,291124.5067999823,27382.0
1157,42003.0,1363880.210970344,281124.5067999813,53797.0
1158,42129.0,1363880.2109703438,271124.50679998036,44308.0
1159,42003.0,1363880.2109703443,261124.50679998077,13626.0
1160,42129.0,1363880.210970343,251124.5067999812,16493.0
1161,42051.0,1363880.2109703433,241124.5067999816,14543.0
1162,42051.0,1363880.2109703436,231124.50679998062,11745.0
1163,42051.0,1363880.2109703443,221124.50679997966,6506.0
1164,42051.0,1363880.2109703443,211124.50679998007,6653.0
1165,42059.0,1363880.2109703436,201124.50679997908,3447.0
1230,,1372540.465008187,606124.5067999858,773.0
1231,36063.0,1372540.4650081866,596124.5067999904,4496.0
1232,36063.0,1372540.465008187,586124.5067999895,21957.0
1233,,1372540.4650081866,576124.506799987,26932.0
1234,,1372540.465008187,566124.5067999875,1151.0
1237,,1372540.4650081864,536124.5067999874,531.0
1238,,1372540.4650081864,526124.5067999878,4924.0
1239,36013.0,1372540.4650081873,516124.50679998536,5641.0
1240,36013.0,1372540.4650081873,506124.5067999844,1550.0
1241,36013.0,1372540.4650081873,496124.50679998624,660.0
1242,36013.0,1372540.4650081876,486124.50679998525,1728.0
1243,36013.0,1372540.4650081876,476124.5067999857,5883.0
1244,36013.0,1372540.4650081876,466124.5067999847,36196.0
1245,42123.0,1372540.4650081869,456124.50679998513,1902.0
1246,42123.0,1372540.4650081873,446124.506799987,2807.0
1247,42123.0,1372540.4650081878,436124.50679998455,1362.0
1248,42123.0,1372540.465008187,426124.5067999864,442.0
1249,42053.0,1372540.4650081878,416124.5067999826,462.0
1250,42053.0,1372540.465008187,406124.50679998443,803.0
1251,42053.0,1372540.4650081869,396124.5067999863,973.0
1252,42031.0,1372540.465008187,386124.50679998106,1693.0
1253,42031.0,1372540.4650081878,376124.5067999843,3207.0
1254,42031.0,1372540.4650081878,366124.5067999833,679.0
1255,42031.0,1372540.465008188,356124.50679998234,2079.0
1256,42031.0,1372540.4650081878,346124.5067999856,2318.0
1257,42005.0,1372540.465008188,336124.5067999832,1298.0
1258,42005.0,1372540.4650081876,326124.5067999851,11439.0
1259,42005.0,1372540.4650081876,316124.5067999826,4960.0
1260,42005.0,1372540.4650081869,306124.5067999831,11057.0
1261,42129.0,1372540.4650081876,296124.5067999835,8972.0
1262,42129.0,1372540.4650081876,286124.5067999811,15426.0
1263,42129.0,1372540.465008188,276124.5067999815,23713.0
1264,42129.0,1372540.4650081885,266124.50679998053,28328.0
1265,42129.0,1372540.4650081878,256124.50679998097,7601.0
1266,42051.0,1372540.465008188,246124.5067999814,5098.0
1267,42051.0,1372540.4650081878,236124.50679998184,3567.0
1268,42051.0,1372540.465008188,226124.50679997943,12648.0
1269,42051.0,1372540.4650081885,216124.50679997986,8215.0
1270,42051.0,1372540.465008188,206124.5067999803,3576.0
1335,,1381200.719046031,621124.506799988,0.0
1336,,1381200.7190460304,611124.5067999883,1941.0
1337,36063.0,1381200.7190460307,601124.5067999874,3313.0
1338,36063.0,1381200.719046031,591124.5067999879,6463.0
1339,36063.0,1381200.7190460311,581124.5067999868,42774.0
1340,36029.0,1381200.7190460311,571124.5067999887,84958.0
1341,,1381200.7190460311,561124.5067999878,51146.0
1342,,1381200.7190460316,551124.5067999881,0.0
1343,,1381200.719046031,541124.5067999858,12352.0
1344,36029.0,1381200.7190460316,531124.5067999861,7450.0
1345,36029.0,1381200.7190460304,521124.50679998944,2152.0
1346,36009.0,1381200.7190460316,511124.506799987,1482.0
1347,36013.0,1381200.719046031,501124.506799986,1580.0
1348,36013.0,1381200.7190460316,491124.50679998647,1469.0
1349,36013.0,1381200.7190460314,481124.5067999841,1935.0
1350,36013.0,1381200.7190460311,471124.5067999859,3979.0
1351,36013.0,1381200.7190460311,461124.50679998775,2187.0
1352,42123.0,1381200.7190460316,451124.50679998676,2758.0
1353,42123.0,1381200.7190460316,441124.5067999844,6069.0
1354,42123.0,1381200.719046032,431124.5067999848,211.0
1355,42123.0,1381200.7190460316,421124.5067999852,55.0
1356,42053.0,1381200.7190460318,411124.50679998426,231.0
1357,42053.0,1381200.7190460314,401124.50679998467,61.0
1358,42031.0,1381200.7190460316,391124.5067999837,1365.0
1359,42031.0,1381200.7190460311,381124.5067999841,1318.0
1360,42031.0,1381200.719046032,371124.5067999831,10010.0
1361,42031.0,1381200.7190460316,361124.50679998356,1442.0
1362,42031.0,1381200.7190460318,351124.50679998397,967.0
1363,42005.0,1381200.7190460314,341124.50679998443,1195.0
1364,42005.0,1381200.7190460325,331124.50679998344,2179.0
1365,42005.0,1381200.7190460323,321124.506799981,7509.0
1366,42005.0,1381200.719046032,311124.50679998286,1872.0
1367,42005.0,1381200.7190460318,301124.50679998327,13197.0
1368,42129.0,1381200.7190460318,291124.5067999809,3654.0
1369,42129.0,1381200.7190460318,281124.5067999813,10740.0
1370,42129.0,1381200.7190460323,271124.50679998175,48261.0
1371,42129.0,1381200.719046032,261124.50679998077,13897.0
1372,42129.0,1381200.7190460328,251124.50679997978,10358.0
1373,42051.0,1381200.7190460318,241124.5067999802,7006.0
1374,42051.0,1381200.7190460323,231124.50679998062,7897.0
1375,42051.0,1381200.7190460318,221124.50679997966,21047.0
1376,42051.0,1381200.7190460328,211124.50679998007,1020.0
1377,,1381200.7190460323,201124.5067999805,49.0
1441,,1389860.9730838756,616124.5067999896,1046.0
1442,36063.0,1389860.9730838754,606124.5067999886,6517.0
1443,36063.0,1389860.9730838756,596124.5067999876,10466.0
1444,36063.0,1389860.9730838751,586124.5067999895,8026.0
1445,36029.0,1389860.9730838756,576124.5067999884,82029.0
1446,36029.0,1389860.9730838756,566124.5067999889,209626.0
1447,36029.0,1389860.9730838758,556124.5067999865,83008.0
1448,36029.0,1389860.9730838756,546124.5067999855,37593.0
1449,36029.0,1389860.9730838763,536124.5067999874,7304.0
1450,36029.0,1389860.973083876,526124.5067999878,3103.0
1451,36029.0,1389860.9730838756,516124.5067999868,8064.0
1452,36009.0,1389860.9730838756,506124.50679998583,1200.0
1453,36009.0,1389860.9730838765,496124.50679998624,1051.0
1454,36009.0,1389860.9730838756,486124.50679998525,1527.0
1455,36009.0,1389860.9730838756,476124.5067999857,2134.0
1456,36009.0,1389860.973083876,466124.50679998327,725.0
1457,42123.0,1389860.9730838765,456124.5067999865,1256.0
1458,42123.0,1389860.9730838765,446124.50679998554,10906.0
1459,42123.0,1389860.9730838756,436124.506799986,1592.0
1460,42123.0,1389860.9730838751,426124.506799985,216.0
1461,42053.0,1389860.9730838756,416124.5067999826,252.0
1462,42053.0,1389860.9730838768,406124.50679998304,67.0
1463,42053.0,1389860.9730838768,396124.5067999849,640.0
1464,42031.0,1389860.9730838756,386124.50679998245,498.0
1465,42031.0,1389860.973083876,376124.5067999829,554.0
1466,42031.0,1389860.973083877,366124.5067999833,1708.0
1467,42031.0,1389860.9730838768,356124.50679998234,1629.0
1468,42005.0,1389860.9730838765,346124.50679997995,3926.0
1469,42005.0,1389860.9730838772,336124.5067999832,904.0
1470,42005.0,1389860.9730838768,326124.5067999808,2747.0
1471,42005.0,1389860.973083877,316124.50679998123,2464.0
1472,42005.0,1389860.9730838768,306124.50679998164,1629.0
1473,42063.0,1389860.9730838765,296124.5067999849,3207.0
1474,42129.0,1389860.973083876,286124.5067999825,4188.0
1475,42129.0,1389860.9730838765,276124.5067999815,5714.0
1476,42129.0,1389860.9730838772,266124.50679998053,18835.0
1477,42129.0,1389860.973083877,256124.50679997957,13306.0
1478,42051.0,1389860.9730838768,246124.5067999814,8119.0
1479,42051.0,1389860.9730838763,236124.50679998042,13070.0
1480,42051.0,1389860.9730838775,226124.50679997943,448.0
1481,42051.0,1389860.973083878,216124.50679997844,2355.0
1482,42051.0,1389860.973083877,206124.5067999817,416.0
1547,,1398521.22712172,621124.506799988,132.0
1548,36063.0,1398521.227121719,611124.5067999898,2475.0
1549,36063.0,1398521.2271217194,601124.5067999874,5398.0
1550,36063.0,1398521.2271217199,591124.5067999893,30886.0
1551,36029.0,1398521.2271217199,581124.5067999868,24832.0
1552,36029.0,1398521.2271217206,571124.5067999859,66546.0
1553,36029.0,1398521.2271217199,561124.5067999878,73550.0
1554,36029.0,1398521.2271217192,551124.5067999895,44930.0
1555,36029.0,1398521.2271217199,541124.5067999872,12996.0
1556,36029.0,1398521.2271217199,531124.5067999861,2351.0
1557,36029.0,1398521.2271217199,521124.506799988,1523.0
1558,36009.0,1398521.2271217199,511124.5067999856,733.0
1559,36009.0,1398521.2271217196,501124.506799986,1884.0
1560,36009.0,1398521.2271217194,491124.50679998787,1297.0
1561,36009.0,1398521.2271217196,481124.5067999855,1907.0
1562,36009.0,1398521.2271217199,471124.50679998734,465.0
1563,42123.0,1398521.2271217194,461124.50679998635,123.0
1564,42123.0,1398521.2271217196,451124.50679998536,196.0
1565,42123.0,1398521.2271217194,441124.5067999858,38.0
1566,42123.0,1398521.2271217203,431124.5067999848,2042.0
1567,42123.0,1398521.2271217196,421124.50679998664,234.0
1568,42053.0,1398521.2271217203,411124.50679998426,124.0
1569,42053.0,1398521.2271217206,401124.50679998327,3220.0
1570,42053.0,1398521.2271217203,391124.5067999851,358.0
1571,42065.0,1398521.22712172,381124.5067999827,892.0
1572,42065.0,1398521.2271217206,371124.5067999831,2273.0
1573,42065.0,1398521.2271217208,361124.50679998496,1430.0
1574,42065.0,1398521.2271217203,351124.50679998257,1158.0
1575,42005.0,1398521.227121721,341124.506799983,1222.0
1576,42005.0,1398521.2271217203,331124.506799982,1952.0
1577,42005.0,1398521.2271217206,321124.50679998385,1376.0
1578,42063.0,1398521.2271217206,311124.50679998146,2487.0
1579,42063.0,1398521.2271217203,301124.5067999819,2021.0
1580,42063.0,1398521.2271217203,291124.5067999823,1420.0
1581,42129.0,1398521.227121721,281124.50679998414,3331.0
1582,42129.0,1398521.2271217208,271124.50679998315,25368.0
1583,42129.0,1398521.2271217203,261124.50679998216,2952.0
1584,42129.0,1398521.2271217206,251124.50679997978,3388.0
1585,42051.0,1398521.227121721,241124.5067999816,3251.0
1586,42051.0,1398521.2271217206,231124.50679998062,1339.0
1587,42051.0,1398521.2271217208,221124.50679997966,493.0
1588,42051.0,1398521.227121721,211124.50679998007,2076.0
1651,,1407181.4811595648,636124.5067999873,0.0
1653,36063.0,1407181.481159564,616124.5067999867,1609.0
1654,36063.0,1407181.4811595639,606124.5067999872,2626.0
1655,36063.0,1407181.481159564,596124.5067999904,3369.0
1656,36029.0,1407181.481159564,586124.5067999895,2861.0
1657,36029.0,1407181.4811595634,576124.5067999884,11585.0
1658,36029.0,1407181.481159564,566124.5067999875,19626.0
1659,36029.0,1407181.481159564,556124.5067999894,14933.0
1660,36029.0,1407181.4811595648,546124.5067999855,8759.0
1661,36029.0,1407181.4811595646,536124.5067999859,4439.0
1662,36029.0,1407181.4811595643,526124.5067999878,5262.0
1663,36009.0,1407181.481159564,516124.5067999868,956.0
1664,36009.0,1407181.481159564,506124.5067999872,1068.0
1665,36009.0,1407181.4811595648,496124.50679998624,1854.0
1666,36009.0,1407181.4811595653,486124.50679998385,1421.0
1667,36009.0,1407181.4811595643,476124.5067999871,70.0
1668,36009.0,1407181.481159565,466124.5067999847,83.0
1669,42083.0,1407181.4811595646,456124.50679998513,88.0
1670,42083.0,1407181.4811595648,446124.506799987,24.0
1671,42083.0,1407181.4811595648,436124.506799986,446.0
1672,42083.0,1407181.4811595655,426124.50679998356,71.0
1673,42047.0,1407181.4811595643,416124.5067999854,79.0
1674,42053.0,1407181.481159564,406124.5067999859,22.0
1675,42047.0,1407181.4811595653,396124.5067999863,78.0
1676,42065.0,1407181.4811595648,386124.50679998245,186.0
1677,42065.0,1407181.4811595648,376124.5067999843,794.0
1678,42065.0,1407181.4811595648,366124.5067999833,5834.0
1679,42065.0,1407181.4811595646,356124.5067999852,1049.0
1680,42065.0,1407181.4811595653,346124.5067999842,998.0
1681,42063.0,1407181.4811595653,336124.5067999818,1908.0
1682,42063.0,1407181.481159565,326124.5067999836,2431.0
1683,42063.0,1407181.481159566,316124.50679998123,3666.0
1684,42063.0,1407181.4811595655,306124.5067999831,22278.0
1685,42063.0,1407181.4811595655,296124.5067999835,4290.0
1686,42129.0,1407181.4811595648,286124.5067999811,6738.0
1687,42129.0,1407181.4811595648,276124.5067999829,5818.0
1688,42129.0,1407181.481159565,266124.506799982,4434.0
1689,42129.0,1407181.481159565,256124.50679998097,1843.0
1690,42129.0,1407181.4811595662,246124.50679997998,1660.0
1691,42111.0,1407181.481159566,236124.50679998042,520.0
1692,42111.0,1407181.4811595655,226124.50679997943,470.0
1693,42051.0,1407181.4811595662,216124.50679997844,1629.0
1694,,1407181.4811595648,206124.5067999817,198.0
1758,,1415841.735197408,631124.5067999903,0.0
1759,36073.0,1415841.7351974093,621124.506799988,826.0
1760,36073.0,1415841.7351974086,611124.5067999869,3114.0
1761,36073.0,1415841.7351974088,601124.5067999874,9683.0
1762,36037.0,1415841.7351974086,591124.5067999879,1103.0
1763,36029.0,1415841.7351974093,581124.5067999868,6585.0
1764,36029.0,1415841.7351974088,571124.5067999873,8409.0
1765,36029.0,1415841.7351974086,561124.5067999878,6306.0
1766,36029.0,1415841.7351974081,551124.5067999895,4381.0
1767,36029.0,1415841.7351974086,541124.5067999872,3622.0
1768,36029.0,1415841.7351974088,531124.5067999861,1429.0
1769,36009.0,1415841.7351974086,521124.506799988,2522.0
1770,36009.0,1415841.7351974086,511124.506799987,1399.0
1771,36009.0,1415841.7351974093,501124.506799986,1320.0
1772,36009.0,1415841.7351974084,491124.50679998787,1345.0
1773,36009.0,1415841.735197409,481124.50679998833,6033.0
1774,36009.0,1415841.735197409,471124.50679998734,100.0
1775,42083.0,1415841.735197409,461124.50679998635,1339.0
1776,42083.0,1415841.7351974093,451124.50679998536,278.0
1777,42083.0,1415841.7351974095,441124.5067999844,70.0
1778,42083.0,1415841.73519741,431124.5067999834,4795.0
1779,42047.0,1415841.73519741,421124.5067999838,794.0
1780,42047.0,1415841.73519741,411124.50679998426,32.0
1781,42047.0,1415841.7351974093,401124.50679998327,45.0
1782,42065.0,1415841.7351974093,391124.5067999851,158.0
1783,42065.0,1415841.73519741,381124.50679998554,1220.0
1784,42065.0,1415841.7351974088,371124.5067999831,884.0
1785,42065.0,1415841.7351974093,361124.50679998635,754.0
1786,42065.0,1415841.7351974102,351124.50679998257,8816.0
1787,42063.0,1415841.7351974095,341124.506799983,2119.0
1788,42063.0,1415841.7351974093,331124.506799982,1551.0
1789,42063.0,1415841.7351974098,321124.50679998245,2421.0
1790,42063.0,1415841.7351974102,311124.50679998146,7928.0
1791,42063.0,1415841.7351974093,301124.5067999819,5171.0
1792,42063.0,1415841.7351974098,291124.5067999823,2403.0
1793,42129.0,1415841.73519741,281124.5067999799,2279.0
1794,42129.0,1415841.7351974102,271124.50679998175,3688.0
1795,42129.0,1415841.7351974102,261124.50679998077,1130.0
1796,42111.0,1415841.7351974093,251124.5067999812,849.0
1797,42111.0,1415841.7351974098,241124.5067999816,1259.0
1798,42111.0,1415841.7351974102,231124.50679998062,1218.0
1799,42111.0,1415841.7351974093,221124.50679998248,817.0
1800,42111.0,1415841.7351974102,211124.50679997867,644.0
1863,,1424501.989235253,636124.5067999873,0.0
1864,,1424501.989235253,626124.5067999891,343.0
1865,36073.0,1424501.989235253,616124.5067999896,1831.0
1866,36073.0,1424501.989235253,606124.5067999886,1912.0
1867,36073.0,1424501.989235253,596124.5067999876,1380.0
1868,36037.0,1424501.9892352524,586124.5067999895,2123.0
1869,36037.0,1424501.9892352533,576124.506799987,2515.0
1870,36037.0,1424501.989235253,566124.5067999861,2265.0
1871,36121.0,1424501.989235253,556124.5067999879,1524.0
1872,36121.0,1424501.9892352528,546124.5067999869,1750.0
1873,36029.0,1424501.9892352542,536124.5067999859,2125.0
1874,36009.0,1424501.989235254,526124.5067999864,5043.0
1875,36009.0,1424501.9892352533,516124.50679998397,2371.0
1876,36009.0,1424501.9892352538,506124.50679998583,589.0
1877,36009.0,1424501.9892352538,496124.50679998624,697.0
1878,36009.0,1424501.9892352542,486124.50679998385,739.0
1879,36009.0,1424501.9892352538,476124.5067999857,848.0
1880,42083.0,1424501.9892352533,466124.5067999875,14254.0
1881,42083.0,1424501.9892352538,456124.50679998513,2177.0
1882,42083.0,1424501.9892352542,446124.50679998414,1908.0
1883,42083.0,1424501.9892352538,436124.50679998455,625.0
1884,42083.0,1424501.9892352545,426124.506799985,524.0
1885,42047.0,1424501.989235254,416124.506799984,444.0
1886,42047.0,1424501.9892352535,406124.50679998443,4978.0
1887,42047.0,1424501.989235254,396124.50679998344,288.0
1888,42065.0,1424501.9892352538,386124.5067999839,3555.0
1889,42065.0,1424501.9892352542,376124.5067999843,1988.0
1890,42065.0,1424501.9892352545,366124.5067999833,4756.0
1891,42065.0,1424501.9892352545,356124.50679998234,2857.0
1892,42065.0,1424501.9892352545,346124.5067999828,3019.0
1893,42063.0,1424501.9892352542,336124.5067999818,951.0
1894,42063.0,1424501.9892352545,326124.5067999836,2403.0
1895,42063.0,1424501.9892352538,316124.5067999826,3264.0
1896,42063.0,1424501.9892352538,306124.5067999845,1543.0
1897,42063.0,1424501.9892352538,296124.5067999849,2574.0
1898,42129.0,1424501.9892352545,286124.5067999811,2843.0
1899,42129.0,1424501.9892352545,276124.5067999844,894.0
1900,42111.0,1424501.989235255,266124.50679998053,1531.0
1901,42111.0,1424501.9892352547,256124.5067999824,2491.0
1902,42111.0,1424501.9892352538,246124.50679998283,9243.0
1903,42111.0,1424501.9892352545,236124.50679998184,2541.0
1904,42111.0,1424501.9892352545,226124.50679998225,321.0
1905,42111.0,1424501.989235255,216124.50679997986,634.0
1969,,1433162.2432730976,641124.5067999886,0.0
1971,36073.0,1433162.2432730976,621124.5067999866,1918.0
1972,36073.0,1433162.2432730976,611124.5067999883,10423.0
1973,36073.0,1433162.2432730983,601124.5067999874,1427.0
1974,36037.0,1433162.2432730978,591124.5067999907,4399.0
1975,36037.0,1433162.243273097,581124.5067999868,5204.0
1976,36037.0,1433162.243273098,571124.5067999887,4758.0
1977,36121.0,1433162.2432730976,561124.5067999878,5476.0
1978,36121.0,1433162.2432730976,551124.5067999867,1661.0
1979,36121.0,1433162.2432730973,541124.5067999872,1239.0
1980,36121.0,1433162.2432730978,531124.5067999875,3283.0
1981,36009.0,1433162.2432730973,521124.5067999866,1635.0
1982,36009.0,1433162.2432730983,511124.506799987,2727.0
1983,36009.0,1433162.2432730976,501124.506799986,816.0
1984,36009.0,1433162.2432730976,491124.50679998647,1078.0
1985,36009.0,1433162.2432730983,481124.5067999855,11779.0
1986,36009.0,1433162.2432730983,471124.5067999859,1082.0
1987,42083.0,1433162.2432730976,461124.50679998635,1544.0
1988,42083.0,1433162.2432730976,451124.50679998676,1096.0
1989,42083.0,1433162.2432730983,441124.5067999858,1090.0
1990,42083.0,1433162.2432730985,431124.5067999848,79.0
1991,42047.0,1433162.2432730983,421124.5067999852,969.0
1992,42047.0,1433162.2432730987,411124.5067999828,3133.0
1993,42047.0,1433162.2432730978,401124.5067999818,1260.0
1994,42047.0,1433162.2432730983,391124.5067999851,1056.0
1995,42065.0,1433162.2432730985,381124.50679998554,3235.0
1996,42033.0,1433162.2432730987,371124.5067999831,16260.0
1997,42033.0,1433162.2432730983,361124.50679998496,3243.0
1998,42033.0,1433162.243273099,351124.5067999811,537.0
1999,42063.0,1433162.2432730983,341124.50679998443,1002.0
2000,42063.0,1433162.2432730983,331124.50679998344,1522.0
2001,42063.0,1433162.2432730987,321124.506799981,2186.0
2002,42063.0,1433162.243273098,311124.50679998286,2026.0
2003,42021.0,1433162.2432730985,301124.5067999819,2486.0
2004,42021.0,1433162.2432730992,291124.5067999823,1860.0
2005,42021.0,1433162.2432730985,281124.5067999813,41897.0
2006,42111.0,1433162.243273098,271124.50679998175,6016.0
2007,42111.0,1433162.2432730983,261124.50679997934,3419.0
2008,42111.0,1433162.2432730992,251124.50679997978,3576.0
2009,42111.0,1433162.2432730987,241124.5067999816,6966.0
2010,42111.0,1433162.2432731,231124.50679997922,1222.0
2011,42111.0,1433162.2432730985,221124.50679997966,3807.0
2012,,1433162.2432730987,211124.50679998007,474.0
2076,,1441822.497310942,626124.5067999878,1491.0
2077,36073.0,1441822.4973109423,616124.5067999867,2739.0
2078,36073.0,1441822.4973109427,606124.5067999886,2706.0
2079,36037.0,1441822.4973109418,596124.5067999876,1693.0
2080,36037.0,1441822.497310942,586124.5067999881,18370.0
2081,36037.0,1441822.4973109413,576124.5067999884,1833.0
2082,36121.0,1441822.4973109413,566124.5067999875,1296.0
2083,36121.0,1441822.497310942,556124.5067999879,1173.0
2084,36121.0,1441822.497310943,546124.5067999855,775.0
2085,36121.0,1441822.497310942,536124.5067999859,1123.0
2086,36003.0,1441822.497310942,526124.5067999864,1137.0
2087,36009.0,1441822.4973109425,516124.50679998536,827.0
2088,36009.0,1441822.497310943,506124.506799983,612.0
2089,36009.0,1441822.4973109425,496124.50679998484,922.0
2090,36009.0,1441822.497310942,486124.5067999867,3514.0
2091,36009.0,1441822.4973109425,476124.5067999857,11247.0
2092,42083.0,1441822.497310942,466124.5067999861,2518.0
2093,42083.0,1441822.4973109425,456124.50679998513,862.0
2094,42083.0,1441822.4973109427,446124.50679998554,2264.0
2095,42083.0,1441822.4973109425,436124.50679998455,107.0
2096,42047.0,1441822.4973109427,426124.506799985,36.0
2097,42047.0,1441822.4973109432,416124.506799984,461.0
2098,42047.0,1441822.4973109427,406124.50679998443,11978.0
2099,42047.0,1441822.4973109427,396124.5067999849,2706.0
2100,42033.0,1441822.497310943,386124.50679998245,820.0
2101,42033.0,1441822.4973109432,376124.5067999829,1218.0
2102,42033.0,1441822.4973109432,366124.5067999833,1267.0
2103,42033.0,1441822.4973109432,356124.50679998373,910.0
2104,42033.0,1441822.4973109427,346124.5067999842,974.0
2105,42033.0,1441822.497310943,336124.5067999846,806.0
2106,42021.0,1441822.497310943,326124.5067999822,2232.0
2107,42021.0,1441822.4973109425,316124.5067999826,6669.0
2108,42021.0,1441822.4973109434,306124.50679998164,2759.0
2109,42021.0,1441822.497310943,296124.5067999821,6626.0
2110,42021.0,1441822.4973109434,286124.50679997966,9076.0
2111,42021.0,1441822.4973109427,276124.5067999829,25218.0
2112,42111.0,1441822.4973109437,266124.50679998053,2570.0
2113,42111.0,1441822.497310943,256124.50679998097,2123.0
2114,42111.0,1441822.4973109432,246124.50679997998,1687.0
2115,42111.0,1441822.4973109434,236124.50679998042,3524.0
2116,42111.0,1441822.4973109427,226124.50679998225,2726.0
2117,42111.0,1441822.4973109441,216124.50679997844,564.0
2181,,1450482.7513487865,641124.5067999886,0.0
2182,,1450482.751348786,631124.5067999875,125.0
2183,36055.0,1450482.7513487858,621124.506799988,7498.0
2184,36055.0,1450482.751348786,611124.5067999883,18748.0
2185,36073.0,1450482.7513487865,601124.5067999888,1814.0
2186,36037.0,1450482.7513487858,591124.5067999907,2906.0
2187,36037.0,1450482.7513487858,581124.5067999868,4110.0
2188,36121.0,1450482.7513487868,571124.5067999873,2094.0
2189,36121.0,1450482.7513487872,561124.5067999862,3033.0
2190,36121.0,1450482.7513487863,551124.5067999895,3732.0
2191,36121.0,1450482.7513487865,541124.5067999872,1131.0
2192,36003.0,1450482.7513487868,531124.5067999861,1090.0
2193,36003.0,1450482.7513487868,521124.5067999866,2775.0
2194,36003.0,1450482.7513487872,511124.5067999842,607.0
2195,36003.0,1450482.7513487872,501124.50679998746,3098.0
2196,36003.0,1450482.7513487856,491124.50679998787,1156.0
2197,36003.0,1450482.7513487872,481124.5067999855,2173.0
2198,42083.0,1450482.7513487868,471124.5067999845,1774.0
2199,42083.0,1450482.751348787,461124.5067999849,1044.0
2200,42083.0,1450482.7513487863,451124.50679998676,913.0
2201,42083.0,1450482.751348787,441124.5067999844,431.0
2202,42083.0,1450482.7513487875,431124.5067999848,58.0
2203,42047.0,1450482.7513487863,421124.50679998664,43.0
2204,42047.0,1450482.7513487863,411124.5067999828,782.0
2205,42047.0,1450482.7513487868,401124.50679998327,239.0
2206,42047.0,1450482.7513487872,391124.5067999837,1869.0
2207,42033.0,1450482.7513487872,381124.5067999841,242.0
2208,42033.0,1450482.7513487868,371124.50679998455,63.0
2209,42033.0,1450482.751348787,361124.5067999821,2936.0
2210,42033.0,1450482.751348787,351124.50679998536,1560.0
2211,42033.0,1450482.7513487868,341124.5067999816,736.0
2212,42033.0,1450482.7513487875,331124.50679998344,630.0
2213,42021.0,1450482.7513487868,321124.50679998385,5023.0
2214,42021.0,1450482.7513487868,311124.50679998426,2327.0
2215,42021.0,1450482.7513487875,301124.50679998327,7214.0
2216,42021.0,1450482.7513487875,291124.50679998373,8246.0
2217,42021.0,1450482.7513487877,281124.5067999813,5699.0
2218,42111.0,1450482.7513487875,271124.50679998175,2315.0
2219,42111.0,1450482.7513487877,261124.50679998077,2841.0
2220,42111.0,1450482.7513487872,251124.5067999826,1039.0
2221,42111.0,1450482.7513487877,241124.5067999816,569.0
2222,42111.0,1450482.7513487875,231124.50679997922,400.0
2223,42111.0,1450482.7513487875,221124.50679997966,744.0
2288,36055.0,1459143.0053866305,626124.5067999891,3457.0
2289,36055.0,1459143.0053866308,616124.5067999882,6354.0
2290,36055.0,1459143.0053866305,606124.5067999886,5444.0
2291,36055.0,1459143.0053866312,596124.5067999876,6031.0
2292,36037.0,1459143.0053866305,586124.5067999881,5329.0
2293,36037.0,1459143.0053866305,576124.506799987,1803.0
2294,36121.0,1459143.0053866305,566124.5067999889,1206.0
2295,36121.0,1459143.0053866308,556124.5067999894,5381.0
2296,36121.0,1459143.0053866315,546124.5067999855,1917.0
2297,36121.0,1459143.0053866312,536124.5067999859,976.0
2298,36003.0,1459143.0053866312,526124.5067999878,1689.0
2299,36003.0,1459143.005386631,516124.50679998536,1450.0
2300,36003.0,1459143.005386631,506124.50679998583,711.0
2301,36003.0,1459143.0053866312,496124.50679998624,2038.0
2302,36003.0,1459143.005386632,486124.50679998525,2380.0
2303,36003.0,1459143.0053866312,476124.5067999857,1651.0
2304,42083.0,1459143.0053866315,466124.5067999847,1172.0
2305,42083.0,1459143.0053866312,456124.5067999865,3107.0
2306,42083.0,1459143.0053866308,446124.50679998414,379.0
2307,42083.0,1459143.0053866315,436124.506799986,60.0
2308,42023.0,1459143.0053866308,426124.506799985,313.0
2309,42023.0,1459143.0053866315,416124.5067999826,601.0
2310,42047.0,1459143.0053866312,406124.50679998304,16.0
2311,42047.0,1459143.0053866317,396124.5067999849,181.0
2312,42033.0,1459143.0053866317,386124.50679998245,0.0
2313,42033.0,1459143.0053866315,376124.5067999843,111.0
2314,42033.0,1459143.0053866315,366124.5067999847,12994.0
2315,42033.0,1459143.005386631,356124.50679998373,3092.0
2316,42033.0,1459143.0053866317,346124.5067999828,678.0
2317,42033.0,1459143.0053866317,336124.5067999832,2742.0
2318,42021.0,1459143.0053866315,326124.5067999822,1337.0
2319,42021.0,1459143.0053866317,316124.5067999826,1997.0
2320,42021.0,1459143.005386632,306124.5067999831,10655.0
2321,42021.0,1459143.005386632,296124.5067999821,3972.0
2322,42021.0,1459143.005386632,286124.50679997966,1169.0
2323,42009.0,1459143.0053866317,276124.5067999815,516.0
2324,42009.0,1459143.005386632,266124.5067999834,1084.0
2325,42009.0,1459143.005386632,256124.50679998097,1477.0
2326,42009.0,1459143.0053866315,246124.50679997998,875.0
2327,42009.0,1459143.0053866326,236124.506799979,352.0
2328,42009.0,1459143.0053866324,226124.50679997943,1775.0
2329,,1459143.0053866317,216124.50679997844,405.0
2393,,1467803.259424475,641124.5067999886,0.0
2394,,1467803.2594244746,631124.5067999889,563.0
2395,36055.0,1467803.259424475,621124.5067999866,28533.0
2396,36055.0,1467803.2594244753,611124.5067999883,33083.0
2397,36055.0,1467803.259424475,601124.5067999874,25796.0
2398,36055.0,1467803.259424475,591124.5067999879,4149.0
2399,36051.0,1467803.259424476,581124.5067999868,3521.0
2400,36051.0,1467803.2594244743,571124.5067999901,2218.0
2401,36051.0,1467803.259424475,561124.5067999878,5525.0
2402,36051.0,1467803.2594244757,551124.5067999881,713.0
2403,36051.0,1467803.2594244757,541124.5067999872,3261.0
2404,36003.0,1467803.259424476,531124.5067999861,594.0
2405,36003.0,1467803.2594244757,521124.5067999866,395.0
2406,36003.0,1467803.2594244757,511124.506799987,1383.0
2407,36003.0,1467803.2594244757,501124.506799986,2328.0
2408,36003.0,1467803.259424476,491124.50679998647,915.0
2409,36003.0,1467803.2594244757,481124.5067999855,929.0
2410,42105.0,1467803.2594244757,471124.5067999859,695.0
2411,42105.0,1467803.2594244757,461124.5067999849,273.0
2412,42105.0,1467803.259424476,451124.50679998536,1185.0
2413,42105.0,1467803.2594244753,441124.5067999844,269.0
2414,42023.0,1467803.259424476,431124.5067999862,319.0
2415,42023.0,1467803.2594244755,421124.5067999852,3249.0
2416,42023.0,1467803.2594244757,411124.50679998426,96.0
2417,42047.0,1467803.2594244762,401124.50679998467,52.0
2418,42047.0,1467803.2594244755,391124.5067999851,0.0
2419,42033.0,1467803.2594244764,381124.5067999827,70.0
2420,42033.0,1467803.259424476,371124.50679998455,1169.0
2421,42033.0,1467803.2594244755,361124.50679998356,2522.0
2422,42033.0,1467803.2594244767,351124.5067999811,893.0
2423,42033.0,1467803.2594244764,341124.50679998443,5951.0
2424,42021.0,1467803.2594244757,331124.50679998344,1485.0
2425,42021.0,1467803.2594244764,321124.50679998245,358.0
2426,42013.0,1467803.259424476,311124.50679998,3583.0
2427,42013.0,1467803.2594244762,301124.50679998327,5183.0
2428,42013.0,1467803.2594244764,291124.5067999823,1889.0
2429,42009.0,1467803.2594244764,281124.50679998274,1741.0
2430,42009.0,1467803.2594244762,271124.50679998175,3346.0
2431,42009.0,1467803.2594244762,261124.50679998216,2648.0
2432,42009.0,1467803.2594244771,251124.50679997835,1233.0
2433,42009.0,1467803.2594244764,241124.5067999802,741.0
2434,42009.0,1467803.2594244764,231124.50679998347,1301.0
2435,42009.0,1467803.259424477,221124.50679997823,453.0
2498,,1476463.5134623195,646124.5067999883,0.0
2500,,1476463.5134623195,626124.5067999878,3499.0
2501,36055.0,1476463.5134623195,616124.5067999896,121194.0
2502,36055.0,1476463.51346232,606124.5067999886,92255.0
2503,36055.0,1476463.5134623202,596124.5067999876,21838.0
2504,36055.0,1476463.5134623202,586124.5067999881,2593.0
2505,36051.0,1476463.51346232,576124.506799987,5314.0
2506,36051.0,1476463.5134623195,566124.5067999861,10105.0
2507,36051.0,1476463.5134623193,556124.5067999865,2856.0
2508,36051.0,1476463.5134623204,546124.5067999855,1156.0
2509,36003.0,1476463.5134623195,536124.5067999859,428.0
2510,36003.0,1476463.51346232,526124.5067999891,358.0
2511,36003.0,1476463.5134623202,516124.50679998536,296.0
2512,36003.0,1476463.51346232,506124.5067999872,383.0
2513,36003.0,1476463.51346232,496124.50679998624,6980.0
2514,36003.0,1476463.5134623207,486124.50679998385,1984.0
2515,42105.0,1476463.5134623195,476124.5067999871,267.0
2516,42105.0,1476463.5134623202,466124.5067999861,517.0
2517,42105.0,1476463.5134623202,456124.5067999865,2841.0
2518,42105.0,1476463.5134623202,446124.50679998414,500.0
2519,42105.0,1476463.5134623202,436124.506799986,712.0
2520,42105.0,1476463.5134623195,426124.5067999878,131.0
2521,42023.0,1476463.5134623202,416124.506799984,111.0
2522,42023.0,1476463.5134623202,406124.50679998443,188.0
2523,42023.0,1476463.5134623202,396124.5067999849,1.0
2524,42033.0,1476463.5134623207,386124.50679998245,377.0
2525,42033.0,1476463.5134623202,376124.5067999857,726.0
2526,42033.0,1476463.5134623202,366124.5067999833,2299.0
2527,42033.0,1476463.5134623207,356124.50679998094,8427.0
2528,42027.0,1476463.5134623195,346124.5067999856,4512.0
2529,42027.0,1476463.51346232,336124.5067999832,249.0
2530,42013.0,1476463.5134623202,326124.5067999822,3788.0
2531,42013.0,1476463.5134623204,316124.5067999826,27117.0
2532,42013.0,1476463.5134623202,306124.5067999831,45161.0
2533,42013.0,1476463.513462321,296124.5067999821,11708.0
2534,42009.0,1476463.5134623207,286124.5067999811,6958.0
2535,42009.0,1476463.513462321,276124.5067999815,1974.0
2536,42009.0,1476463.5134623207,266124.506799982,1394.0
2537,42009.0,1476463.5134623204,256124.5067999824,7285.0
2538,42009.0,1476463.513462321,246124.50679997998,1664.0
2539,42009.0,1476463.5134623204,236124.50679998184,291.0
2540,42009.0,1476463.5134623202,226124.50679998225,543.0
2605,,1485123.7675001642,641124.5067999886,0.0
2607,,1485123.767500164,621124.5067999851,22907.0
2608,36055.0,1485123.767500164,611124.5067999869,155860.0
2609,36055.0,1485123.767500164,601124.5067999874,44547.0
2610,36055.0,1485123.767500164,591124.5067999879,7950.0
2611,36051.0,1485123.7675001638,581124.5067999868,5205.0
2612,36051.0,1485123.7675001638,571124.5067999887,6810.0
2613,36051.0,1485123.767500164,561124.5067999862,2826.0
2614,36051.0,1485123.767500164,551124.5067999881,1667.0
2615,36051.0,1485123.7675001645,541124.5067999858,6350.0
2616,36003.0,1485123.7675001642,531124.5067999861,1289.0
2617,36003.0,1485123.767500164,521124.5067999866,641.0
2618,36003.0,1485123.767500164,511124.506799987,5362.0
2619,36003.0,1485123.767500164,501124.5067999846,1724.0
2620,36003.0,1485123.7675001642,491124.50679998647,1022.0
2621,36003.0,1485123.767500165,481124.5067999841,971.0
2622,42105.0,1485123.7675001642,471124.5067999859,395.0
2623,42105.0,1485123.7675001645,461124.5067999849,454.0
2624,42105.0,1485123.7675001642,451124.50679998536,1332.0
2625,42105.0,1485123.7675001645,441124.5067999844,143.0
2626,42105.0,1485123.767500164,431124.5067999848,67.0
2627,42105.0,1485123.7675001645,421124.5067999852,27.0
2628,42023.0,1485123.7675001645,411124.50679998426,98.0
2629,42023.0,1485123.767500164,401124.50679998606,89.0
2630,42033.0,1485123.7675001647,391124.5067999837,26.0
2631,42033.0,1485123.7675001647,381124.5067999827,591.0
2632,42033.0,1485123.7675001647,371124.50679998455,1569.0
2633,42033.0,1485123.767500164,361124.50679998496,3655.0
2634,42027.0,1485123.7675001654,351124.5067999797,2615.0
2635,42027.0,1485123.7675001647,341124.506799983,1198.0
2636,42013.0,1485123.7675001654,331124.506799982,8484.0
2637,42013.0,1485123.7675001645,321124.50679998245,1080.0
2638,42013.0,1485123.7675001647,311124.50679998286,1885.0
2639,42013.0,1485123.7675001652,301124.50679998327,2973.0
2640,42013.0,1485123.767500165,291124.5067999823,4837.0
2641,42009.0,1485123.7675001654,281124.5067999813,2012.0
2642,42009.0,1485123.7675001654,271124.50679998036,1984.0
2643,42009.0,1485123.7675001642,261124.5067999836,3513.0
2644,42009.0,1485123.7675001652,251124.50679997978,2046.0
2645,42009.0,1485123.7675001652,241124.5067999802,543.0
2646,42009.0,1485123.7675001654,231124.50679998062,350.0
2647,,1485123.7675001647,221124.50679998106,82.0
2711,,1493784.0215380085,636124.5067999873,0.0
2712,,1493784.0215380087,626124.5067999878,9092.0
2713,36055.0,1493784.0215380085,616124.5067999896,40181.0
2714,36055.0,1493784.0215380082,606124.5067999872,71870.0
2715,36055.0,1493784.0215380085,596124.5067999876,12354.0
2716,36069.0,1493784.0215380085,586124.5067999909,3854.0
2717,36069.0,1493784.021538008,576124.5067999884,1725.0
2718,36069.0,1493784.0215380087,566124.5067999875,2162.0
2719,36051.0,1493784.0215380085,556124.5067999879,1940.0
2720,36101.0,1493784.0215380085,546124.5067999855,4001.0
2721,36101.0,1493784.0215380085,536124.5067999859,1339.0
2722,36101.0,1493784.0215380087,526124.5067999864,3312.0
2723,36101.0,1493784.0215380092,516124.50679998536,10798.0
2724,36101.0,1493784.0215380092,506124.5067999872,525.0
2725,36101.0,1493784.0215380092,496124.50679998624,541.0
2726,36003.0,1493784.021538009,486124.50679998385,998.0
2727,42105.0,1493784.0215380092,476124.5067999857,835.0
2728,42105.0,1493784.0215380087,466124.5067999861,547.0
2729,42105.0,1493784.0215380094,456124.50679998513,97.0
2730,42105.0,1493784.0215380087,446124.50679998414,27.0
2731,42105.0,1493784.0215380092,436124.50679998455,26.0
2732,42105.0,1493784.021538009,426124.50679998356,0.0
2733,42035.0,1493784.02153801,416124.5067999826,46.0
2734,42035.0,1493784.0215380085,406124.5067999859,4.0
2735,42035.0,1493784.0215380092,396124.5067999849,6.0
2736,42035.0,1493784.0215380092,386124.5067999839,27.0
2737,42027.0,1493784.0215380092,376124.5067999843,1102.0
2738,42027.0,1493784.021538009,366124.5067999847,78.0
2739,42027.0,1493784.0215380099,356124.50679998234,288.0
2740,42027.0,1493784.0215380096,346124.5067999828,1871.0
2741,42061.0,1493784.0215380092,336124.5067999832,1800.0
2742,42061.0,1493784.0215380092,326124.5067999836,771.0
2743,42013.0,1493784.0215380094,316124.5067999826,1156.0
2744,42013.0,1493784.0215380096,306124.5067999831,2893.0
2745,42061.0,1493784.02153801,296124.5067999835,1020.0
2746,42061.0,1493784.0215380094,286124.50679997966,1451.0
2747,42009.0,1493784.0215380096,276124.5067999801,3296.0
2748,42009.0,1493784.0215380099,266124.50679998053,859.0
2749,42009.0,1493784.0215380096,256124.5067999824,2061.0
2750,42009.0,1493784.0215380106,246124.50679997998,761.0
2751,42009.0,1493784.02153801,236124.50679998042,322.0
2752,42057.0,1493784.0215380106,226124.50679998085,391.0
2818,,1502444.275575853,631124.5067999875,1488.0
2819,36117.0,1502444.2755758532,621124.5067999866,9738.0
2820,36117.0,1502444.275575853,611124.5067999869,11864.0
2821,36055.0,1502444.2755758527,601124.5067999874,12632.0
2822,36069.0,1502444.2755758523,591124.5067999879,15151.0
2823,36069.0,1502444.2755758525,581124.5067999868,3941.0
2824,36069.0,1502444.2755758532,571124.5067999859,2021.0
2825,36069.0,1502444.2755758527,561124.5067999891,989.0
2826,36051.0,1502444.2755758532,551124.5067999867,1371.0
2827,36101.0,1502444.2755758532,541124.5067999872,1821.0
2828,36101.0,1502444.2755758527,531124.5067999875,582.0
2829,36101.0,1502444.275575853,521124.506799988,910.0
2830,36101.0,1502444.275575853,511124.5067999842,3119.0
2831,36101.0,1502444.275575853,501124.506799986,705.0
2832,36101.0,1502444.2755758534,491124.50679998787,351.0
2833,42105.0,1502444.275575854,481124.5067999841,858.0
2834,42105.0,1502444.275575853,471124.5067999845,579.0
2835,42105.0,1502444.2755758534,461124.50679998635,288.0
2836,42105.0,1502444.2755758527,451124.5067999839,108.0
2837,42105.0,1502444.275575854,441124.5067999829,65.0
2838,42105.0,1502444.275575853,431124.5067999862,25.0
2839,42035.0,1502444.275575853,421124.5067999838,150.0
2840,42035.0,1502444.275575854,411124.5067999814,28.0
2841,42035.0,1502444.275575854,401124.50679998327,88.0
2842,42035.0,1502444.275575853,391124.5067999837,0.0
2843,42027.0,1502444.275575853,381124.50679998554,360.0
2844,42027.0,1502444.275575853,371124.5067999831,1495.0
2845,42027.0,1502444.2755758537,361124.50679998496,694.0
2846,42027.0,1502444.275575854,351124.5067999811,5472.0
2847,42027.0,1502444.2755758532,341124.50679998443,2532.0
2848,42061.0,1502444.275575853,331124.50679998344,472.0
2849,42061.0,1502444.275575854,321124.50679998245,2562.0
2850,42061.0,1502444.2755758532,311124.50679998286,7047.0
2851,42061.0,1502444.2755758541,301124.5067999805,893.0
2852,42061.0,1502444.2755758532,291124.5067999823,660.0
2853,42061.0,1502444.275575854,281124.5067999813,1688.0
2854,42009.0,1502444.2755758548,271124.5067999789,714.0
2855,42057.0,1502444.2755758546,261124.50679998216,684.0
2856,42057.0,1502444.2755758543,251124.5067999812,722.0
2857,42057.0,1502444.2755758543,241124.5067999802,811.0
2858,42057.0,1502444.275575854,231124.50679998205,1062.0
2924,36117.0,1511104.529613697,626124.5067999891,6804.0
2925,36117.0,1511104.5296136977,616124.5067999867,6148.0
2926,36117.0,1511104.5296136972,606124.5067999872,10485.0
2927,36069.0,1511104.5296136967,596124.506799989,6898.0
2928,36069.0,1511104.5296136974,586124.5067999881,16198.0
2929,36069.0,1511104.529613697,576124.506799987,3327.0
2930,36069.0,1511104.529613698,566124.5067999861,1480.0
2931,36069.0,1511104.5296136981,556124.5067999865,2166.0
2932,36101.0,1511104.529613698,546124.5067999855,909.0
2933,36101.0,1511104.5296136974,536124.5067999859,1934.0
2934,36101.0,1511104.529613697,526124.5067999864,1225.0
2935,36101.0,1511104.5296136977,516124.50679998536,595.0
2936,36101.0,1511104.5296136984,506124.5067999844,648.0
2937,36101.0,1511104.5296136977,496124.50679998484,1105.0
2938,36101.0,1511104.5296136984,486124.50679998385,670.0
2939,42117.0,1511104.5296136977,476124.5067999857,2014.0
2940,42117.0,1511104.5296136981,466124.5067999847,300.0
2941,42105.0,1511104.5296136984,456124.50679998513,1608.0
2942,42105.0,1511104.529613698,446124.50679998414,396.0
2943,42105.0,1511104.5296136977,436124.50679998455,14.0
2944,42035.0,1511104.5296136984,426124.50679998356,4.0
2945,42035.0,1511104.5296136981,416124.5067999826,457.0
2946,42035.0,1511104.529613698,406124.50679998443,2163.0
2947,42035.0,1511104.529613698,396124.50679998344,0.0
2948,42027.0,1511104.5296136984,386124.5067999839,110.0
2949,42027.0,1511104.5296136981,376124.5067999843,590.0
2950,42027.0,1511104.5296136977,366124.5067999833,3875.0
2951,42027.0,1511104.529613698,356124.50679998234,11809.0
2952,42027.0,1511104.5296136988,346124.50679998135,62703.0
2953,42061.0,1511104.5296136981,336124.5067999832,985.0
2954,42061.0,1511104.5296136984,326124.5067999822,961.0
2955,42061.0,1511104.5296136984,316124.5067999841,8631.0
2956,42061.0,1511104.5296136984,306124.50679998024,1160.0
2957,42061.0,1511104.5296136988,296124.50679998065,1378.0
2958,42061.0,1511104.5296136981,286124.5067999811,1093.0
2959,42061.0,1511104.5296136977,276124.5067999815,914.0
2960,42057.0,1511104.529613699,266124.50679998053,1087.0
2961,42057.0,1511104.529613699,256124.50679998097,1282.0
2962,42057.0,1511104.5296136988,246124.5067999814,1007.0
2963,42057.0,1511104.529613699,236124.506799979,1181.0
2964,,1511104.529613699,226124.50679998085,387.0
3028,,1519764.783651542,651124.5067999853,0.0
3030,36117.0,1519764.7836515417,631124.5067999889,3589.0
3031,36117.0,1519764.7836515415,621124.506799988,2668.0
3032,36117.0,1519764.7836515415,611124.5067999869,2972.0
3033,36069.0,1519764.7836515415,601124.5067999874,5178.0
3034,36069.0,1519764.783651541,591124.5067999879,4318.0
3035,36069.0,1519764.7836515417,581124.5067999868,4136.0
3036,36123.0,1519764.7836515422,571124.5067999859,2412.0
3037,36123.0,1519764.7836515415,561124.5067999878,826.0
3038,36101.0,1519764.7836515422,551124.5067999867,1456.0
3039,36101.0,1519764.7836515415,541124.5067999858,985.0
3040,36101.0,1519764.783651542,531124.506799989,3445.0
3041,36101.0,1519764.7836515422,521124.5067999866,2524.0
3042,36101.0,1519764.7836515415,511124.50679998845,796.0
3043,36101.0,1519764.7836515415,501124.506799986,1265.0
3044,36101.0,1519764.7836515424,491124.506799985,722.0
3045,42117.0,1519764.7836515424,481124.5067999841,1481.0
3046,42117.0,1519764.7836515422,471124.5067999859,702.0
3047,42117.0,1519764.7836515428,461124.5067999835,328.0
3048,42117.0,1519764.783651542,451124.5067999839,143.0
3049,42117.0,1519764.7836515422,441124.5067999844,4.0
3050,42081.0,1519764.783651543,431124.5067999834,31.0
3051,42035.0,1519764.7836515422,421124.5067999852,5.0
3052,42035.0,1519764.7836515426,411124.5067999828,154.0
3053,42035.0,1519764.7836515426,401124.50679998327,7.0
3054,42035.0,1519764.783651543,391124.5067999837,158.0
3055,42027.0,1519764.7836515424,381124.5067999841,1148.0
3056,42027.0,1519764.7836515422,371124.50679998595,2647.0
3057,42027.0,1519764.7836515424,361124.50679998496,16382.0
3058,42027.0,1519764.783651543,351124.50679998257,12636.0
3059,42061.0,1519764.7836515426,341124.5067999816,108.0
3060,42061.0,1519764.7836515428,331124.506799982,1402.0
3061,42061.0,1519764.783651543,321124.506799981,1357.0
3062,42087.0,1519764.7836515426,311124.50679998286,1662.0
3063,42061.0,1519764.7836515428,301124.5067999805,5306.0
3064,42061.0,1519764.7836515428,291124.5067999809,2244.0
3065,42061.0,1519764.7836515428,281124.5067999813,1510.0
3066,42057.0,1519764.7836515428,271124.50679998315,942.0
3067,42057.0,1519764.783651543,261124.50679998077,1413.0
3068,42057.0,1519764.7836515428,251124.50679997978,3595.0
3069,42057.0,1519764.7836515428,241124.5067999802,558.0
3070,42055.0,1519764.7836515428,231124.50679998062,244.0
3135,,1528425.0376893845,636124.5067999916,731.0
3136,36117.0,1528425.0376893855,626124.5067999878,3614.0
3137,36117.0,1528425.037689386,616124.5067999867,1739.0
3138,36117.0,1528425.0376893857,606124.5067999872,12618.0
3139,36069.0,1528425.037689386,596124.506799989,5864.0
3140,36069.0,1528425.0376893852,586124.5067999881,1911.0
3141,36069.0,1528425.0376893862,576124.5067999898,1714.0
3142,36123.0,1528425.0376893852,566124.5067999875,1506.0
3143,36123.0,1528425.0376893862,556124.5067999865,1410.0
3144,36101.0,1528425.0376893862,546124.5067999855,1199.0
3145,36101.0,1528425.0376893864,536124.5067999859,1905.0
3146,36101.0,1528425.037689386,526124.5067999878,5942.0
3147,36101.0,1528425.037689386,516124.50679998536,1312.0
3148,36101.0,1528425.037689386,506124.5067999872,1063.0
3149,36101.0,1528425.0376893862,496124.50679998624,958.0
3150,42117.0,1528425.037689386,486124.50679998525,2889.0
3151,42117.0,1528425.0376893864,476124.50679998426,751.0
3152,42117.0,1528425.037689386,466124.5067999861,440.0
3153,42117.0,1528425.0376893866,456124.50679998513,651.0
3154,42117.0,1528425.037689386,446124.50679998414,60.0
3155,42081.0,1528425.0376893866,436124.50679998455,39.0
3156,42081.0,1528425.0376893866,426124.50679998356,54.0
3157,42035.0,1528425.0376893866,416124.5067999826,62.0
3158,42035.0,1528425.0376893866,406124.50679998304,33.0
3159,42035.0,1528425.0376893864,396124.50679998344,350.0
3160,42035.0,1528425.0376893869,386124.50679998245,3346.0
3161,42027.0,1528425.0376893864,376124.5067999829,2363.0
3162,42027.0,1528425.0376893866,366124.5067999833,3658.0
3163,42027.0,1528425.037689386,356124.50679998234,4124.0
3164,42027.0,1528425.0376893869,346124.5067999828,225.0
3165,42087.0,1528425.0376893866,336124.5067999832,3017.0
3166,42087.0,1528425.0376893866,326124.5067999822,2479.0
3167,42087.0,1528425.037689387,316124.5067999826,2357.0
3168,42087.0,1528425.0376893873,306124.50679998024,1067.0
3169,42061.0,1528425.037689387,296124.5067999835,563.0
3170,42061.0,1528425.0376893873,286124.50679997966,1033.0
3171,42061.0,1528425.0376893869,276124.5067999815,1114.0
3172,42055.0,1528425.0376893873,266124.50679998053,683.0
3173,42055.0,1528425.0376893876,256124.50679998097,1790.0
3174,42055.0,1528425.037689387,246124.50679997998,4654.0
3175,42055.0,1528425.0376893866,236124.50679998184,1650.0
3241,,1537085.2917272307,641124.5067999886,241.0
3242,36117.0,1537085.291727229,631124.5067999903,1696.0
3243,36117.0,1537085.2917272302,621124.506799988,2247.0
3244,36117.0,1537085.2917272307,611124.5067999869,5044.0
3245,36099.0,1537085.2917272304,601124.5067999874,1591.0
3246,36069.0,1537085.29172723,591124.5067999879,17545.0
3247,36069.0,1537085.2917272304,581124.5067999868,2147.0
3248,36123.0,1537085.2917272311,571124.5067999873,2946.0
3249,36123.0,1537085.2917272307,561124.5067999878,7596.0
3250,36123.0,1537085.2917272311,551124.5067999867,1396.0
3251,36101.0,1537085.2917272311,541124.5067999858,1686.0
3252,36101.0,1537085.2917272313,531124.5067999861,1223.0
3253,36101.0,1537085.2917272307,521124.5067999852,2993.0
3254,36101.0,1537085.2917272302,511124.5067999856,2301.0
3255,36101.0,1537085.2917272311,501124.5067999846,3252.0
3256,36101.0,1537085.2917272304,491124.50679998647,1338.0
3257,42117.0,1537085.2917272307,481124.5067999826,850.0
3258,42117.0,1537085.2917272307,471124.5067999859,1131.0
3259,42117.0,1537085.2917272313,461124.5067999849,5424.0
3260,42117.0,1537085.2917272304,451124.50679998536,975.0
3261,42117.0,1537085.2917272304,441124.5067999858,166.0
3262,42081.0,1537085.2917272316,431124.5067999848,12.0
3263,42081.0,1537085.2917272316,421124.5067999852,51.0
3264,42081.0,1537085.2917272311,411124.50679998565,188.0
3265,42035.0,1537085.291727231,401124.50679998327,904.0
3266,42035.0,1537085.291727231,391124.5067999865,16983.0
3267,42035.0,1537085.291727231,381124.5067999841,2323.0
3268,42027.0,1537085.291727231,371124.5067999831,960.0
3269,42027.0,1537085.2917272311,361124.50679998496,2448.0
3270,42087.0,1537085.2917272316,351124.5067999811,1180.0
3271,42087.0,1537085.2917272318,341124.506799983,7706.0
3272,42087.0,1537085.2917272318,331124.506799982,10499.0
3273,42087.0,1537085.2917272316,321124.506799981,1163.0
3274,42067.0,1537085.2917272318,311124.50679998146,334.0
3275,42067.0,1537085.2917272316,301124.5067999819,600.0
3276,42055.0,1537085.291727232,291124.5067999809,986.0
3277,42055.0,1537085.2917272313,281124.5067999799,1685.0
3278,42055.0,1537085.2917272318,271124.50679998175,747.0
3279,42055.0,1537085.2917272316,261124.50679998077,3190.0
3280,42055.0,1537085.2917272318,251124.50679997978,2827.0
3281,42055.0,1537085.2917272316,241124.50679998304,3532.0
3282,,1537085.2917272313,231124.50679998062,545.0
3344,,1545745.545765075,666124.5067999874,0.0
3346,,1545745.5457650744,646124.5067999883,751.0
3347,36117.0,1545745.5457650744,636124.5067999887,2528.0
3348,36117.0,1545745.5457650747,626124.5067999878,3082.0
3349,36117.0,1545745.5457650747,616124.5067999867,3084.0
3350,36099.0,1545745.545765075,606124.5067999872,1308.0
3351,36099.0,1545745.5457650747,596124.5067999876,10927.0
3352,36099.0,1545745.545765075,586124.5067999866,1804.0
3353,36099.0,1545745.5457650747,576124.506799987,785.0
3354,36123.0,1545745.5457650754,566124.5067999861,1271.0
3355,36123.0,1545745.5457650747,556124.5067999879,3474.0
3356,36097.0,1545745.5457650747,546124.5067999869,1288.0
3357,36097.0,1545745.5457650751,536124.5067999859,956.0
3358,36097.0,1545745.5457650747,526124.5067999864,1102.0
3359,36101.0,1545745.545765075,516124.50679998397,2325.0
3360,36101.0,1545745.545765075,506124.5067999872,20226.0
3361,36101.0,1545745.545765075,496124.50679998624,2351.0
3362,42117.0,1545745.5457650747,486124.50679998385,2301.0
3363,42117.0,1545745.5457650751,476124.50679998426,455.0
3364,42117.0,1545745.545765075,466124.5067999861,1930.0
3365,42117.0,1545745.545765075,456124.50679998513,464.0
3366,42117.0,1545745.5457650754,446124.50679998554,510.0
3367,42081.0,1545745.5457650756,436124.50679998455,120.0
3368,42081.0,1545745.5457650751,426124.50679998356,329.0
3369,42081.0,1545745.545765075,416124.506799984,202.0
3370,42081.0,1545745.545765075,406124.50679998443,2148.0
3371,42035.0,1545745.5457650754,396124.5067999849,5931.0
3372,42035.0,1545745.5457650758,386124.50679998245,1246.0
3373,42027.0,1545745.545765076,376124.5067999829,1777.0
3374,42027.0,1545745.5457650765,366124.50679998193,2536.0
3375,42087.0,1545745.5457650763,356124.50679998094,390.0
3376,42087.0,1545745.5457650756,346124.50679998135,1592.0
3377,42087.0,1545745.5457650756,336124.5067999832,10468.0
3378,42067.0,1545745.5457650756,326124.5067999836,922.0
3379,42067.0,1545745.5457650754,316124.50679998123,1012.0
3380,42099.0,1545745.5457650756,306124.5067999831,669.0
3381,42099.0,1545745.5457650758,296124.50679998065,119.0
3382,42055.0,1545745.5457650756,286124.50679997966,922.0
3383,42055.0,1545745.5457650754,276124.5067999787,3171.0
3384,42055.0,1545745.5457650754,266124.50679998053,7335.0
3385,42055.0,1545745.5457650765,256124.50679998097,22915.0
3386,42055.0,1545745.5457650772,246124.50679997858,10509.0
3387,42055.0,1545745.545765076,236124.506799979,6689.0
3444,,1554405.7998029194,731124.5067999903,92.0
3445,,1554405.7998029194,721124.5067999894,0.0
3446,,1554405.7998029192,711124.5067999883,0.0
3447,,1554405.7998029187,701124.5067999902,0.0
3449,,1554405.7998029194,681124.5067999882,0.0
3451,,1554405.7998029187,661124.506799989,4841.0
3452,36011.0,1554405.7998029194,651124.5067999881,1816.0
3453,36011.0,1554405.7998029182,641124.5067999886,2521.0
3454,36011.0,1554405.799802919,631124.5067999889,1843.0
3455,36011.0,1554405.799802919,621124.5067999866,1551.0
3456,36117.0,1554405.7998029185,611124.5067999898,1712.0
3457,36099.0,1554405.7998029194,601124.5067999888,6143.0
3458,36099.0,1554405.7998029187,591124.5067999893,2681.0
3459,36099.0,1554405.7998029194,581124.5067999868,1829.0
3460,36099.0,1554405.7998029198,571124.5067999859,4528.0
3461,36099.0,1554405.7998029192,561124.5067999862,1103.0
3462,36097.0,1554405.7998029194,551124.5067999867,1502.0
3463,36097.0,1554405.7998029192,541124.5067999872,3524.0
3464,36097.0,1554405.7998029187,531124.5067999861,1879.0
3465,36015.0,1554405.7998029196,521124.5067999866,1945.0
3466,36101.0,1554405.7998029194,511124.5067999856,6026.0
3467,36101.0,1554405.7998029196,501124.506799986,1907.0
3468,42117.0,1554405.7998029198,491124.506799985,1605.0
3469,42117.0,1554405.7998029198,481124.5067999855,535.0
3470,42117.0,1554405.7998029192,471124.5067999845,5592.0
3471,42117.0,1554405.7998029198,461124.5067999849,2326.0
3472,42117.0,1554405.799802919,451124.50679998676,616.0
3473,42081.0,1554405.79980292,441124.5067999829,669.0
3474,42081.0,1554405.7998029192,431124.5067999848,525.0
3475,42081.0,1554405.7998029205,421124.5067999838,282.0
3476,42081.0,1554405.7998029194,411124.50679998426,2275.0
3477,42081.0,1554405.79980292,401124.50679998467,9058.0
3478,42035.0,1554405.79980292,391124.5067999851,882.0
3479,42027.0,1554405.7998029203,381124.5067999827,1468.0
3480,42027.0,1554405.7998029203,371124.5067999831,566.0
3481,42119.0,1554405.7998029194,361124.50679998356,73.0
3482,42087.0,1554405.7998029194,351124.5067999811,1761.0
3483,42067.0,1554405.79980292,341124.506799983,2103.0
3484,42067.0,1554405.7998029196,331124.50679998484,6368.0
3485,42067.0,1554405.7998029194,321124.50679998245,1215.0
3486,42099.0,1554405.79980292,311124.50679998146,1191.0
3487,42099.0,1554405.7998029208,301124.5067999819,651.0
3488,42041.0,1554405.7998029203,291124.5067999823,1636.0
3489,42041.0,1554405.7998029203,281124.5067999799,5158.0
3490,42055.0,1554405.79980292,271124.50679998175,12512.0
3491,42055.0,1554405.7998029203,261124.50679998077,23249.0
3492,42055.0,1554405.7998029208,251124.50679997978,4931.0
3493,42055.0,1554405.7998029208,241124.5067999802,12324.0
3548,,1563066.0538407639,746124.5067999882,288.0
3549,36045.0,1563066.053840764,736124.5067999887,1196.0
3550,,1563066.053840763,726124.5067999905,162.0
3551,,1563066.0538407625,716124.5067999881,0.0
3552,,1563066.0538407625,706124.50679999,0.0
3556,,1563066.053840763,666124.5067999903,6017.0
3557,36075.0,1563066.0538407632,656124.5067999893,20098.0
3558,36075.0,1563066.0538407636,646124.5067999883,4558.0
3559,36011.0,1563066.0538407643,636124.5067999873,1912.0
3560,36011.0,1563066.0538407643,626124.5067999864,2618.0
3561,36011.0,1563066.053840764,616124.5067999882,5261.0
3562,36011.0,1563066.0538407636,606124.5067999886,3431.0
3563,36011.0,1563066.053840764,596124.506799989,2031.0
3564,36011.0,1563066.053840764,586124.5067999881,1911.0
3565,36011.0,1563066.0538407643,576124.5067999857,1330.0
3566,36099.0,1563066.0538407643,566124.5067999861,2205.0
3567,36097.0,1563066.0538407639,556124.5067999865,1095.0
3568,36097.0,1563066.0538407636,546124.5067999869,1351.0
3569,36097.0,1563066.0538407639,536124.5067999874,3913.0
3570,36015.0,1563066.0538407636,526124.5067999864,2372.0
3571,36015.0,1563066.0538407643,516124.50679998536,15889.0
3572,36015.0,1563066.053840764,506124.5067999844,8709.0
3573,42015.0,1563066.053840764,496124.50679998624,1823.0
3574,42117.0,1563066.0538407643,486124.50679998525,1037.0
3575,42117.0,1563066.0538407646,476124.5067999871,1260.0
3576,42117.0,1563066.053840764,466124.5067999861,702.0
3577,42117.0,1563066.0538407646,456124.50679998373,922.0
3578,42117.0,1563066.053840764,446124.506799987,495.0
3579,42081.0,1563066.0538407643,436124.50679998455,268.0
3580,42081.0,1563066.0538407643,426124.50679998356,886.0
3581,42081.0,1563066.0538407643,416124.5067999854,5193.0
3582,42081.0,1563066.0538407653,406124.50679998304,3990.0
3583,42081.0,1563066.0538407653,396124.50679998205,1343.0
3584,42027.0,1563066.053840764,386124.5067999839,396.0
3585,42119.0,1563066.0538407643,376124.5067999829,527.0
3586,42119.0,1563066.0538407648,366124.5067999847,1126.0
3587,42109.0,1563066.053840765,356124.50679998234,2121.0
3588,42067.0,1563066.053840764,346124.5067999828,3284.0
3589,42067.0,1563066.0538407653,336124.5067999832,2765.0
3590,42099.0,1563066.053840764,326124.5067999851,2007.0
3591,42099.0,1563066.0538407646,316124.5067999826,2082.0
3592,42099.0,1563066.053840764,306124.5067999831,1305.0
3593,42041.0,1563066.0538407648,296124.5067999835,3419.0
3594,42041.0,1563066.0538407653,286124.50679997966,5283.0
3595,42041.0,1563066.053840765,276124.5067999801,11395.0
3596,42055.0,1563066.053840765,266124.50679997914,1270.0
3597,42055.0,1563066.0538407655,256124.50679998097,7065.0
3598,42055.0,1563066.0538407655,246124.50679997858,10709.0
3599,,1563066.053840765,236124.50679998042,4377.0
3653,,1571726.3078786074,761124.5067999904,19.0
3654,,1571726.3078786077,751124.5067999909,2868.0
3655,36045.0,1571726.3078786072,741124.5067999898,545.0
3656,,1571726.3078786074,731124.5067999903,1088.0
3657,,1571726.307878608,721124.5067999894,347.0
3658,36045.0,1571726.3078786072,711124.5067999911,306.0
3659,,1571726.307878608,701124.5067999888,108.0
3662,,1571726.3078786081,671124.5067999887,1288.0
3663,36075.0,1571726.307878608,661124.506799989,3371.0
3664,36075.0,1571726.3078786086,651124.5067999881,16047.0
3665,36075.0,1571726.307878608,641124.5067999886,4417.0
3666,36067.0,1571726.307878608,631124.5067999875,2375.0
3667,36067.0,1571726.307878608,621124.5067999866,3797.0
3668,36011.0,1571726.307878607,611124.5067999898,4352.0
3669,36011.0,1571726.3078786081,601124.5067999888,33572.0
3670,36011.0,1571726.3078786081,591124.5067999893,1560.0
3671,36011.0,1571726.3078786086,581124.5067999854,1228.0
3672,36011.0,1571726.307878608,571124.5067999873,1234.0
3673,36099.0,1571726.307878608,561124.5067999878,3982.0
3674,36109.0,1571726.3078786077,551124.5067999881,2603.0
3675,36097.0,1571726.307878608,541124.5067999872,982.0
3676,36097.0,1571726.3078786081,531124.5067999861,1325.0
3677,36015.0,1571726.3078786088,521124.5067999852,4397.0
3678,36015.0,1571726.3078786081,511124.5067999856,32187.0
3679,36015.0,1571726.3078786086,501124.506799986,12765.0
3680,42015.0,1571726.3078786088,491124.506799985,1136.0
3681,42015.0,1571726.3078786083,481124.5067999869,1165.0
3682,42015.0,1571726.3078786086,471124.5067999859,710.0
3683,42117.0,1571726.3078786081,461124.5067999849,2740.0
3684,42117.0,1571726.307878609,451124.5067999839,812.0
3685,42081.0,1571726.3078786093,441124.5067999844,583.0
3686,42081.0,1571726.3078786083,431124.5067999848,991.0
3687,42081.0,1571726.3078786086,421124.5067999852,4222.0
3688,42081.0,1571726.3078786086,411124.50679998565,43968.0
3689,42081.0,1571726.3078786086,401124.50679998327,1217.0
3690,42119.0,1571726.3078786081,391124.5067999851,151.0
3691,42119.0,1571726.3078786095,381124.5067999813,2205.0
3692,42119.0,1571726.307878609,371124.50679998455,2217.0
3693,42109.0,1571726.3078786083,361124.5067999821,2719.0
3694,42109.0,1571726.3078786086,351124.50679998257,1748.0
3695,42067.0,1571726.3078786088,341124.5067999816,1964.0
3696,42099.0,1571726.3078786093,331124.506799982,2192.0
3697,42099.0,1571726.3078786088,321124.506799981,3377.0
3698,42099.0,1571726.3078786088,311124.50679998146,2810.0
3699,42041.0,1571726.3078786097,301124.5067999819,3065.0
3700,42041.0,1571726.3078786088,291124.5067999823,5489.0
3701,42041.0,1571726.3078786093,281124.5067999799,2997.0
3702,42001.0,1571726.3078786102,271124.5067999789,1118.0
3703,42001.0,1571726.3078786095,261124.50679998216,3095.0
3704,42001.0,1571726.30787861,251124.50679997835,2022.0
3705,42001.0,1571726.3078786093,241124.5067999802,3930.0
3758,,1580386.5619164528,766124.5067999888,189.0
3759,36045.0,1580386.5619164517,756124.506799992,1857.0
3760,36045.0,1580386.5619164524,746124.5067999896,1383.0
3761,36045.0,1580386.5619164524,736124.5067999901,1551.0
3762,36045.0,1580386.5619164526,726124.5067999891,2508.0
3763,,1580386.5619164521,716124.5067999895,1828.0
3764,36045.0,1580386.561916452,706124.5067999886,1294.0
3765,36045.0,1580386.5619164524,696124.506799989,741.0
3766,,1580386.5619164524,686124.506799988,931.0
3767,,1580386.5619164514,676124.5067999884,566.0
3768,36075.0,1580386.5619164517,666124.5067999889,4615.0
3769,36075.0,1580386.5619164521,656124.5067999893,3176.0
3770,36075.0,1580386.5619164524,646124.5067999869,3454.0
3771,36067.0,1580386.5619164521,636124.5067999887,15972.0
3772,36067.0,1580386.5619164521,626124.5067999878,6802.0
3773,36067.0,1580386.561916452,616124.5067999896,4431.0
3774,36067.0,1580386.5619164524,606124.50679999,5923.0
3775,36011.0,1580386.5619164517,596124.5067999876,1700.0
3776,36011.0,1580386.561916452,586124.5067999866,1295.0
3777,36011.0,1580386.5619164524,576124.5067999857,1233.0
3778,36109.0,1580386.561916453,566124.5067999875,3252.0
3779,36109.0,1580386.561916452,556124.5067999879,5444.0
3780,36109.0,1580386.5619164524,546124.5067999855,4618.0
3781,36109.0,1580386.561916452,536124.5067999874,2582.0
3782,36015.0,1580386.5619164528,526124.5067999864,779.0
3783,36015.0,1580386.5619164524,516124.50679998536,1565.0
3784,36015.0,1580386.561916453,506124.50679998583,1319.0
3785,42015.0,1580386.5619164528,496124.50679998624,2277.0
3786,42015.0,1580386.5619164524,486124.50679998525,1094.0
3787,42015.0,1580386.5619164524,476124.50679998426,2835.0
3788,42015.0,1580386.5619164526,466124.5067999847,1494.0
3789,42015.0,1580386.5619164528,456124.50679998513,1183.0
3790,42081.0,1580386.5619164526,446124.50679998414,44.0
3791,42081.0,1580386.5619164526,436124.50679998455,303.0
3792,42081.0,1580386.5619164533,426124.506799985,2049.0
3793,42081.0,1580386.5619164526,416124.506799984,13974.0
3794,42081.0,1580386.5619164533,406124.50679998304,5366.0
3795,42119.0,1580386.5619164526,396124.5067999849,3298.0
3796,42119.0,1580386.5619164535,386124.50679998245,3039.0
3797,42119.0,1580386.5619164528,376124.50679998146,7911.0
3798,42109.0,1580386.5619164535,366124.50679998193,5309.0
3799,42109.0,1580386.561916454,356124.50679998094,2085.0
3800,42067.0,1580386.5619164533,346124.50679997995,2052.0
3801,42099.0,1580386.561916453,336124.5067999832,1785.0
3802,42099.0,1580386.561916453,326124.5067999836,5528.0
3803,42099.0,1580386.561916453,316124.5067999826,4944.0
3804,42041.0,1580386.5619164535,306124.50679998024,7476.0
3805,42041.0,1580386.5619164538,296124.50679998065,33773.0
3806,42041.0,1580386.5619164538,286124.50679997966,6292.0
3807,42001.0,1580386.5619164538,276124.5067999801,3241.0
3808,42001.0,1580386.5619164535,266124.50679998053,4537.0
3809,42001.0,1580386.5619164542,256124.50679997957,5742.0
3810,42001.0,1580386.5619164538,246124.50679997998,4788.0
3863,,1589046.8159542968,781124.5067999896,0.0
3864,,1589046.815954296,771124.50679999,1376.0
3865,36045.0,1589046.8159542968,761124.5067999904,1433.0
3866,36045.0,1589046.815954296,751124.5067999923,1583.0
3867,36045.0,1589046.8159542964,741124.5067999898,1005.0
3868,36045.0,1589046.8159542962,731124.5067999889,4963.0
3869,36045.0,1589046.8159542966,721124.5067999894,1383.0
3870,36045.0,1589046.8159542966,711124.5067999883,4799.0
3871,36045.0,1589046.8159542973,701124.5067999888,1747.0
3872,36075.0,1589046.8159542973,691124.5067999891,2861.0
3873,36075.0,1589046.8159542964,681124.5067999882,4079.0
3874,36075.0,1589046.8159542962,671124.5067999887,2151.0
3875,36075.0,1589046.8159542968,661124.5067999876,3162.0
3876,36075.0,1589046.8159542964,651124.5067999881,4984.0
3877,36075.0,1589046.8159542962,641124.506799987,6038.0
3878,36067.0,1589046.8159542962,631124.5067999889,48005.0
3879,36067.0,1589046.8159542966,621124.5067999866,31186.0
3880,36067.0,1589046.8159542962,611124.5067999869,7424.0
3881,36067.0,1589046.8159542968,601124.5067999874,2669.0
3882,36011.0,1589046.8159542968,591124.5067999879,933.0
3883,36011.0,1589046.8159542968,581124.5067999868,4350.0
3884,36109.0,1589046.8159542968,571124.5067999859,3956.0
3885,36109.0,1589046.8159542968,561124.5067999878,6197.0
3886,36109.0,1589046.8159542962,551124.5067999881,51239.0
3887,36109.0,1589046.8159542968,541124.5067999858,2921.0
3888,36107.0,1589046.8159542968,531124.5067999861,1929.0
3889,36015.0,1589046.8159542968,521124.506799988,1506.0
3890,36015.0,1589046.815954297,511124.5067999856,1311.0
3891,42015.0,1589046.8159542978,501124.506799986,8107.0
3892,42015.0,1589046.8159542966,491124.50679998787,1081.0
3893,42015.0,1589046.8159542975,481124.5067999841,1202.0
3894,42015.0,1589046.8159542968,471124.5067999845,1002.0
3895,42015.0,1589046.8159542975,461124.5067999835,452.0
3896,42113.0,1589046.815954297,451124.5067999839,406.0
3897,42113.0,1589046.815954297,441124.5067999844,275.0
3898,42081.0,1589046.815954298,431124.5067999834,357.0
3899,42081.0,1589046.815954298,421124.5067999838,2513.0
3900,42081.0,1589046.8159542975,411124.50679998426,7860.0
3901,42097.0,1589046.8159542982,401124.50679998327,8035.0
3902,42119.0,1589046.8159542982,391124.5067999837,15961.0
3903,42119.0,1589046.815954298,381124.5067999813,15550.0
3904,42109.0,1589046.8159542975,371124.50679998455,4564.0
3905,42109.0,1589046.8159542982,361124.50679998356,3507.0
3906,42109.0,1589046.8159542975,351124.50679998257,2790.0
3907,42099.0,1589046.8159542975,341124.5067999816,3607.0
3908,42099.0,1589046.8159542978,331124.5067999806,2130.0
3909,42099.0,1589046.8159542973,321124.50679998245,6321.0
3910,42099.0,1589046.8159542978,311124.50679998286,4731.0
3911,42041.0,1589046.8159542978,301124.50679998327,9918.0
3912,42041.0,1589046.8159542975,291124.5067999823,8089.0
3913,42001.0,1589046.815954298,281124.5067999813,4642.0
3914,42001.0,1589046.8159542978,271124.50679998315,3620.0
3915,42001.0,1589046.8159542982,261124.50679998077,10587.0
3916,42001.0,1589046.8159542978,251124.5067999812,7281.0
3917,,1589046.8159542978,241124.5067999788,444.0
3967,,1597707.0699921406,796124.5067999903,756.0
3968,36089.0,1597707.0699921406,786124.5067999908,613.0
3969,36089.0,1597707.0699921406,776124.5067999898,447.0
3970,36045.0,1597707.0699921406,766124.5067999902,1208.0
3971,36045.0,1597707.0699921409,756124.5067999907,2122.0
3972,36045.0,1597707.0699921413,746124.5067999896,1102.0
3973,36045.0,1597707.0699921409,736124.5067999901,12330.0
3974,36045.0,1597707.0699921406,726124.5067999891,30775.0
3975,36045.0,1597707.0699921409,716124.5067999895,1837.0
3976,36045.0,1597707.0699921406,706124.50679999,897.0
3977,36075.0,1597707.0699921406,696124.506799989,369.0
3978,36075.0,1597707.0699921406,686124.5067999908,1481.0
3979,36075.0,1597707.0699921409,676124.5067999884,1717.0
3980,36075.0,1597707.0699921409,666124.5067999874,1593.0
3981,36075.0,1597707.0699921409,656124.5067999893,4282.0
3982,36075.0,1597707.0699921413,646124.5067999897,9546.0
3983,36067.0,1597707.0699921416,636124.5067999873,44923.0
3984,36067.0,1597707.0699921413,626124.5067999891,116104.0
3985,36067.0,1597707.0699921413,616124.5067999867,52385.0
3986,36067.0,1597707.0699921413,606124.5067999886,2437.0
3987,36067.0,1597707.0699921406,596124.5067999876,1519.0
3988,36023.0,1597707.0699921413,586124.5067999881,1602.0
3989,36011.0,1597707.0699921413,576124.506799987,1836.0
3990,36109.0,1597707.0699921416,566124.5067999861,4064.0
3991,36109.0,1597707.0699921406,556124.5067999894,5176.0
3992,36109.0,1597707.0699921409,546124.5067999841,3342.0
3993,36107.0,1597707.0699921413,536124.5067999874,1195.0
3994,36107.0,1597707.0699921423,526124.5067999864,1510.0
3995,36107.0,1597707.069992142,516124.50679998397,1214.0
3996,36107.0,1597707.0699921413,506124.5067999844,7935.0
3997,42015.0,1597707.0699921416,496124.50679998624,8668.0
3998,42015.0,1597707.069992142,486124.50679998385,1620.0
3999,42015.0,1597707.069992142,476124.5067999857,1189.0
4000,42015.0,1597707.0699921413,466124.5067999847,505.0
4001,42015.0,1597707.0699921413,456124.50679998513,254.0
4002,42113.0,1597707.0699921413,446124.50679998414,555.0
4003,42113.0,1597707.0699921409,436124.506799986,182.0
4004,42081.0,1597707.0699921413,426124.5067999878,1523.0
4005,42081.0,1597707.069992142,416124.5067999826,7119.0
4006,42093.0,1597707.069992142,406124.50679998304,2901.0
4007,42097.0,1597707.069992142,396124.50679998344,2541.0
4008,42093.0,1597707.0699921416,386124.50679998106,2347.0
4009,42109.0,1597707.0699921416,376124.5067999829,22428.0
4010,42097.0,1597707.0699921427,366124.5067999833,9281.0
4011,42097.0,1597707.0699921423,356124.50679998373,3099.0
4012,42043.0,1597707.0699921423,346124.5067999842,2207.0
4013,42043.0,1597707.0699921427,336124.5067999818,7559.0
4014,42043.0,1597707.0699921416,326124.5067999836,4183.0
4015,42099.0,1597707.069992142,316124.50679997983,13913.0
4016,42041.0,1597707.0699921423,306124.50679998024,59958.0
4017,42041.0,1597707.0699921427,296124.5067999835,26015.0
4018,42133.0,1597707.0699921423,286124.50679997966,11138.0
4019,42001.0,1597707.0699921423,276124.5067999801,5752.0
4020,42001.0,1597707.0699921423,266124.50679998053,8604.0
4021,42001.0,1597707.0699921423,256124.50679997957,6956.0
4022,42001.0,1597707.0699921427,246124.50679997998,7318.0
4072,,1606367.3240299847,811124.5067999897,4840.0
4073,36089.0,1606367.3240299851,801124.5067999916,1373.0
4074,36089.0,1606367.3240299851,791124.5067999919,710.0
4075,36089.0,1606367.3240299858,781124.506799991,524.0
4076,36089.0,1606367.3240299844,771124.5067999915,379.0
4077,36045.0,1606367.3240299847,761124.5067999918,523.0
4078,36045.0,1606367.3240299853,751124.5067999895,2116.0
4079,36045.0,1606367.3240299858,741124.5067999884,4733.0
4080,36045.0,1606367.3240299853,731124.5067999903,8297.0
4081,36045.0,1606367.3240299851,721124.5067999908,895.0
4082,36049.0,1606367.3240299853,711124.5067999869,310.0
4083,36045.0,1606367.3240299847,701124.5067999888,129.0
4084,36075.0,1606367.3240299853,691124.5067999907,259.0
4085,36075.0,1606367.3240299858,681124.5067999882,478.0
4086,36075.0,1606367.3240299858,671124.5067999887,752.0
4087,36075.0,1606367.3240299858,661124.5067999876,1348.0
4088,36075.0,1606367.3240299858,651124.5067999867,3279.0
4089,36075.0,1606367.3240299853,641124.50679999,5013.0
4090,36067.0,1606367.3240299851,631124.5067999903,14704.0
4091,36067.0,1606367.3240299858,621124.5067999866,58378.0
4092,36067.0,1606367.3240299865,611124.5067999855,4176.0
4093,36067.0,1606367.3240299858,601124.5067999874,3293.0
4094,36023.0,1606367.3240299853,591124.5067999879,2285.0
4095,36023.0,1606367.324029986,581124.5067999868,5983.0
4096,36023.0,1606367.3240299865,571124.5067999859,25408.0
4097,36023.0,1606367.3240299858,561124.5067999862,3765.0
4098,36107.0,1606367.324029986,551124.5067999867,1244.0
4099,36109.0,1606367.324029986,541124.5067999858,801.0
4100,36107.0,1606367.3240299858,531124.5067999861,2975.0
4101,36107.0,1606367.3240299858,521124.5067999866,2811.0
4102,36107.0,1606367.3240299865,511124.5067999856,3080.0
4103,42015.0,1606367.324029986,501124.5067999832,1275.0
4104,42015.0,1606367.3240299865,491124.506799985,1013.0
4105,42015.0,1606367.324029986,481124.5067999855,6204.0
4106,42015.0,1606367.324029986,471124.5067999859,2211.0
4107,42015.0,1606367.324029986,461124.50679998775,825.0
4108,42113.0,1606367.3240299867,451124.5067999825,446.0
4109,42113.0,1606367.324029986,441124.5067999829,625.0
4110,42113.0,1606367.3240299867,431124.50679998193,600.0
4111,42081.0,1606367.3240299858,421124.50679998664,1328.0
4112,42081.0,1606367.3240299853,411124.50679998565,1070.0
4113,42093.0,1606367.3240299865,401124.50679998467,2299.0
4114,42093.0,1606367.3240299865,391124.5067999823,4658.0
4115,42097.0,1606367.324029986,381124.5067999827,2539.0
4116,42097.0,1606367.3240299872,371124.5067999817,3658.0
4117,42097.0,1606367.324029986,361124.50679998356,1550.0
4118,42043.0,1606367.3240299872,351124.5067999797,2565.0
4119,42043.0,1606367.324029986,341124.5067999816,4155.0
4120,42043.0,1606367.324029986,331124.50679998484,2082.0
4121,42043.0,1606367.3240299872,321124.506799981,14997.0
4122,42043.0,1606367.3240299867,311124.50679998146,104980.0
4123,42133.0,1606367.3240299872,301124.5067999805,33257.0
4124,42133.0,1606367.3240299865,291124.50679998373,4670.0
4125,42133.0,1606367.3240299872,281124.5067999799,4827.0
4126,42133.0,1606367.3240299874,271124.50679998036,8277.0
4127,42001.0,1606367.3240299874,261124.50679998077,34159.0
4128,42001.0,1606367.3240299872,251124.50679997835,10772.0
4176,,1615027.5780678296,826124.5067999904,110.0
4177,36089.0,1615027.5780678296,816124.5067999895,8170.0
4178,36089.0,1615027.578067829,806124.50679999,2090.0
4179,36089.0,1615027.578067829,796124.5067999903,840.0
4180,36089.0,1615027.5780678296,786124.5067999908,354.0
4181,36089.0,1615027.5780678298,776124.5067999898,693.0
4182,36089.0,1615027.5780678296,766124.5067999902,928.0
4183,36045.0,1615027.5780678296,756124.5067999907,977.0
4184,36045.0,1615027.5780678303,746124.5067999896,0.0
4185,36045.0,1615027.5780678296,736124.5067999901,4171.0
4186,36045.0,1615027.5780678296,726124.5067999891,1907.0
4187,36049.0,1615027.5780678291,716124.506799991,294.0
4188,36049.0,1615027.5780678291,706124.5067999886,90.0
4189,36049.0,1615027.5780678298,696124.506799989,7.0
4190,36075.0,1615027.5780678303,686124.5067999866,190.0
4191,36075.0,1615027.5780678298,676124.5067999884,309.0
4192,36065.0,1615027.5780678303,666124.5067999874,1309.0
4193,36075.0,1615027.5780678298,656124.5067999879,921.0
4194,36075.0,1615027.5780678298,646124.5067999869,1873.0
4195,36053.0,1615027.5780678298,636124.5067999873,6929.0
4196,36067.0,1615027.5780678291,626124.5067999878,16443.0
4197,36067.0,1615027.5780678296,616124.5067999867,10100.0
4198,36067.0,1615027.5780678298,606124.5067999872,2598.0
4199,36023.0,1615027.5780678303,596124.5067999876,703.0
4200,36023.0,1615027.5780678303,586124.5067999866,1132.0
4201,36023.0,1615027.5780678303,576124.506799987,2761.0
4202,36023.0,1615027.5780678305,566124.5067999861,1145.0
4203,36023.0,1615027.5780678303,556124.5067999865,782.0
4204,36107.0,1615027.5780678298,546124.5067999855,1623.0
4205,36107.0,1615027.5780678296,536124.5067999874,2872.0
4206,36107.0,1615027.5780678305,526124.5067999864,2798.0
4207,36107.0,1615027.5780678305,516124.50679998536,6839.0
4208,42015.0,1615027.578067831,506124.5067999844,979.0
4209,42015.0,1615027.5780678305,496124.50679998484,1207.0
4210,42015.0,1615027.5780678298,486124.50679998525,1651.0
4211,42015.0,1615027.5780678298,476124.50679998426,1693.0
4212,42015.0,1615027.5780678296,466124.5067999861,900.0
4213,42113.0,1615027.578067831,456124.50679998373,1577.0
4214,42113.0,1615027.5780678305,446124.50679998554,643.0
4215,42113.0,1615027.5780678298,436124.50679998455,234.0
4216,42081.0,1615027.5780678305,426124.50679998356,710.0
4217,42037.0,1615027.5780678305,416124.506799984,1192.0
4218,42037.0,1615027.578067831,406124.50679998304,3476.0
4219,42037.0,1615027.5780678312,396124.50679998205,3503.0
4220,42097.0,1615027.5780678305,386124.50679998245,9618.0
4221,42097.0,1615027.5780678305,376124.5067999829,4681.0
4222,42097.0,1615027.5780678303,366124.5067999833,2697.0
4223,42107.0,1615027.5780678305,356124.50679998373,1531.0
4224,42043.0,1615027.5780678305,346124.5067999828,4691.0
4225,42043.0,1615027.578067831,336124.5067999818,247.0
4226,42043.0,1615027.5780678305,326124.5067999822,3495.0
4227,42043.0,1615027.578067831,316124.5067999826,45734.0
4228,42043.0,1615027.5780678312,306124.50679998164,33603.0
4229,42133.0,1615027.5780678305,296124.50679998065,16750.0
4230,42133.0,1615027.5780678305,286124.50679997966,13315.0
4231,42133.0,1615027.5780678312,276124.5067999815,23522.0
4232,42133.0,1615027.578067831,266124.506799982,10673.0
4233,42133.0,1615027.5780678317,256124.50679998097,14833.0
4234,,1615027.578067832,246124.50679997858,735.0
4282,36089.0,1623687.8321056736,831124.5067999917,568.0
4283,36089.0,1623687.8321056736,821124.5067999893,1464.0
4284,36089.0,1623687.832105674,811124.5067999897,1209.0
4285,36089.0,1623687.8321056743,801124.5067999887,1145.0
4286,36089.0,1623687.832105674,791124.5067999905,604.0
4287,36089.0,1623687.8321056743,781124.5067999896,2220.0
4288,36089.0,1623687.832105674,771124.50679999,5788.0
4289,36045.0,1623687.8321056736,761124.5067999918,137.0
4290,36049.0,1623687.832105674,751124.5067999909,10.0
4291,36045.0,1623687.8321056743,741124.5067999912,1217.0
4292,36049.0,1623687.8321056743,731124.5067999889,5502.0
4293,36049.0,1623687.8321056743,721124.5067999894,767.0
4294,36049.0,1623687.8321056748,711124.5067999883,281.0
4295,36049.0,1623687.8321056748,701124.5067999888,4.0
4296,36049.0,1623687.8321056748,691124.5067999891,1.0
4297,36049.0,1623687.832105674,681124.5067999882,197.0
4298,36065.0,1623687.8321056743,671124.5067999887,665.0
4299,36065.0,1623687.8321056743,661124.5067999876,4122.0
4300,36065.0,1623687.8321056743,651124.5067999895,1891.0
4301,36065.0,1623687.8321056743,641124.506799987,2666.0
4302,36053.0,1623687.832105674,631124.5067999875,6664.0
4303,36053.0,1623687.8321056743,621124.5067999894,3829.0
4304,36053.0,1623687.8321056748,611124.5067999855,4554.0
4305,36067.0,1623687.8321056743,601124.5067999902,987.0
4306,36023.0,1623687.8321056743,591124.5067999865,916.0
4307,36023.0,1623687.8321056748,581124.5067999882,616.0
4308,36023.0,1623687.8321056755,571124.5067999873,973.0
4309,36023.0,1623687.832105675,561124.5067999878,2378.0
4310,36007.0,1623687.8321056748,551124.5067999881,2178.0
4311,36007.0,1623687.832105675,541124.5067999858,1400.0
4312,36107.0,1623687.8321056748,531124.5067999875,3197.0
4313,36107.0,1623687.832105675,521124.5067999866,16512.0
4314,36107.0,1623687.8321056757,511124.5067999842,4887.0
4315,42015.0,1623687.8321056755,501124.5067999846,944.0
4316,42015.0,1623687.8321056743,491124.50679998647,1325.0
4317,42015.0,1623687.8321056762,481124.5067999826,1289.0
4318,42015.0,1623687.8321056755,471124.5067999845,1632.0
4319,42015.0,1623687.8321056743,461124.50679998775,826.0
4320,42113.0,1623687.8321056762,451124.5067999839,419.0
4321,42113.0,1623687.8321056755,441124.5067999844,85.0
4322,42113.0,1623687.8321056755,431124.5067999834,413.0
4323,42037.0,1623687.8321056757,421124.5067999838,2592.0
4324,42037.0,1623687.8321056748,411124.5067999828,1914.0
4325,42037.0,1623687.832105675,401124.50679998467,19649.0
4326,42037.0,1623687.832105675,391124.5067999837,7186.0
4327,42037.0,1623687.8321056757,381124.5067999813,2836.0
4328,42097.0,1623687.8321056757,371124.5067999817,20780.0
4329,42107.0,1623687.8321056757,361124.50679998356,2202.0
4330,42107.0,1623687.8321056757,351124.50679998257,6274.0
4331,42075.0,1623687.8321056762,341124.5067999816,601.0
4332,42075.0,1623687.8321056757,331124.506799982,2255.0
4333,42043.0,1623687.8321056762,321124.5067999796,11549.0
4334,42043.0,1623687.8321056762,311124.50679998146,30399.0
4335,42043.0,1623687.8321056762,301124.5067999819,13380.0
4336,42133.0,1623687.8321056757,291124.5067999823,16940.0
4337,42133.0,1623687.8321056757,281124.5067999785,94069.0
4338,42133.0,1623687.8321056757,271124.50679998036,12580.0
4339,42133.0,1623687.8321056757,261124.50679998216,5711.0
4340,,1623687.8321056762,251124.50679997835,2090.0
4386,,1632348.0861435188,846124.506799991,0.0
4387,36089.0,1632348.0861435179,836124.5067999929,1587.0
4388,36089.0,1632348.0861435186,826124.5067999904,1141.0
4389,36089.0,1632348.0861435186,816124.5067999923,1110.0
4390,36089.0,1632348.0861435188,806124.50679999,1102.0
4391,36089.0,1632348.0861435186,796124.5067999918,1235.0
4392,36089.0,1632348.086143518,786124.5067999908,509.0
4393,36089.0,1632348.0861435193,776124.5067999898,388.0
4394,36089.0,1632348.086143518,766124.5067999902,968.0
4395,36049.0,1632348.086143518,756124.5067999907,894.0
4396,36049.0,1632348.086143518,746124.5067999882,325.0
4397,36049.0,1632348.0861435188,736124.5067999887,216.0
4398,36049.0,1632348.0861435188,726124.5067999919,2165.0
4399,36049.0,1632348.0861435186,716124.5067999881,5244.0
4400,36049.0,1632348.0861435186,706124.5067999886,358.0
4401,36049.0,1632348.0861435186,696124.506799989,20.0
4402,36049.0,1632348.0861435186,686124.5067999894,65.0
4403,36049.0,1632348.0861435195,676124.5067999884,203.0
4404,36065.0,1632348.0861435188,666124.5067999889,1125.0
4405,36065.0,1632348.0861435195,656124.5067999865,3052.0
4406,36065.0,1632348.0861435193,646124.5067999869,2668.0
4407,36053.0,1632348.0861435186,636124.5067999873,13065.0
4408,36053.0,1632348.0861435188,626124.5067999891,2225.0
4409,36053.0,1632348.0861435195,616124.5067999867,2061.0
4410,36053.0,1632348.0861435195,606124.5067999872,1490.0
4411,36053.0,1632348.0861435195,596124.5067999862,1342.0
4412,36017.0,1632348.0861435193,586124.5067999881,533.0
4413,36023.0,1632348.0861435186,576124.506799987,1581.0
4414,36023.0,1632348.0861435195,566124.5067999875,1004.0
4415,36007.0,1632348.08614352,556124.5067999879,1309.0
4416,36007.0,1632348.0861435195,546124.5067999869,3190.0
4417,36007.0,1632348.0861435188,536124.5067999888,3296.0
4418,36007.0,1632348.0861435193,526124.5067999878,48089.0
4419,36007.0,1632348.0861435195,516124.5067999868,9935.0
4420,42115.0,1632348.0861435195,506124.50679998583,803.0
4421,42115.0,1632348.0861435188,496124.50679998624,512.0
4422,42115.0,1632348.08614352,486124.50679998525,930.0
4423,42015.0,1632348.0861435202,476124.50679998286,1745.0
4424,42131.0,1632348.0861435195,466124.5067999847,1446.0
4425,42131.0,1632348.08614352,456124.50679998373,267.0
4426,42131.0,1632348.0861435193,446124.50679998554,44.0
4427,42079.0,1632348.08614352,436124.50679998315,480.0
4428,42079.0,1632348.0861435202,426124.506799985,1653.0
4429,42037.0,1632348.0861435193,416124.506799984,2050.0
4430,42037.0,1632348.08614352,406124.50679998304,5609.0
4431,42037.0,1632348.0861435195,396124.5067999849,3600.0
4432,42037.0,1632348.08614352,386124.50679998245,2053.0
4433,42097.0,1632348.0861435193,376124.5067999843,10545.0
4434,42107.0,1632348.0861435202,366124.50679998193,1448.0
4435,42107.0,1632348.0861435202,356124.5067999795,2372.0
4436,42107.0,1632348.0861435202,346124.50679998135,1521.0
4437,42075.0,1632348.0861435202,336124.5067999818,6565.0
4438,42075.0,1632348.0861435202,326124.5067999808,9838.0
4439,42075.0,1632348.08614352,316124.50679998123,19244.0
4440,42071.0,1632348.0861435202,306124.50679998164,18928.0
4441,42071.0,1632348.08614352,296124.50679998065,13676.0
4442,42133.0,1632348.08614352,286124.5067999811,22929.0
4443,42133.0,1632348.0861435207,276124.5067999801,54999.0
4444,42133.0,1632348.0861435202,266124.50679997914,6992.0
4445,42133.0,1632348.0861435207,256124.50679998097,14334.0
4492,,1641008.3401813626,851124.5067999908,453.0
4493,36089.0,1641008.3401813623,841124.5067999912,1022.0
4494,36089.0,1641008.3401813626,831124.5067999903,847.0
4495,36089.0,1641008.3401813633,821124.5067999907,1415.0
4496,36089.0,1641008.3401813626,811124.5067999897,7509.0
4497,36089.0,1641008.3401813623,801124.5067999902,1572.0
4498,36089.0,1641008.3401813623,791124.5067999905,1345.0
4499,36089.0,1641008.3401813626,781124.506799991,859.0
4500,36089.0,1641008.3401813626,771124.5067999915,419.0
4501,36089.0,1641008.3401813633,761124.506799989,871.0
4502,36049.0,1641008.3401813633,751124.5067999909,227.0
4503,36049.0,1641008.3401813626,741124.5067999884,201.0
4504,36049.0,1641008.3401813633,731124.5067999903,1703.0
4505,36049.0,1641008.3401813626,721124.5067999894,1564.0
4506,36049.0,1641008.3401813633,711124.5067999883,1845.0
4507,36049.0,1641008.3401813626,701124.5067999902,697.0
4508,36049.0,1641008.3401813633,691124.5067999891,720.0
4509,36049.0,1641008.3401813633,681124.5067999882,651.0
4510,36065.0,1641008.3401813626,671124.5067999887,760.0
4511,36065.0,1641008.3401813633,661124.506799989,3784.0
4512,36065.0,1641008.3401813637,651124.5067999881,2196.0
4513,36065.0,1641008.3401813633,641124.5067999886,6926.0
4514,36053.0,1641008.3401813633,631124.5067999889,8271.0
4515,36053.0,1641008.340181363,621124.5067999894,1955.0
4516,36053.0,1641008.3401813633,611124.5067999883,3594.0
4517,36053.0,1641008.340181363,601124.506799986,804.0
4518,36017.0,1641008.340181363,591124.5067999893,806.0
4519,36017.0,1641008.340181363,581124.5067999882,590.0
4520,36017.0,1641008.340181363,571124.5067999859,690.0
4521,36017.0,1641008.3401813637,561124.5067999862,969.0
4522,36017.0,1641008.3401813633,551124.5067999867,1752.0
4523,36007.0,1641008.3401813633,541124.5067999886,3632.0
4524,36007.0,1641008.3401813633,531124.5067999875,22783.0
4525,36007.0,1641008.340181364,521124.5067999852,59230.0
4526,42115.0,1641008.340181364,511124.5067999856,2263.0
4527,42115.0,1641008.340181364,501124.5067999846,1300.0
4528,42115.0,1641008.3401813633,491124.50679998647,1074.0
4529,42115.0,1641008.3401813637,481124.5067999855,1253.0
4530,42131.0,1641008.3401813644,471124.5067999845,2210.0
4531,42131.0,1641008.3401813644,461124.5067999849,1122.0
4532,42131.0,1641008.3401813633,451124.50679998536,238.0
4533,42079.0,1641008.3401813633,441124.50679998717,1008.0
4534,42079.0,1641008.3401813637,431124.5067999848,3866.0
4535,42079.0,1641008.340181364,421124.5067999838,3581.0
4536,42079.0,1641008.340181364,411124.5067999828,11597.0
4537,42037.0,1641008.340181364,401124.50679998467,8193.0
4538,42037.0,1641008.3401813644,391124.5067999837,704.0
4539,42107.0,1641008.3401813647,381124.5067999827,3315.0
4540,42107.0,1641008.3401813644,371124.5067999831,7448.0
4541,42107.0,1641008.3401813644,361124.50679998356,2907.0
4542,42107.0,1641008.340181364,351124.50679998257,6226.0
4543,42011.0,1641008.3401813651,341124.5067999816,4006.0
4544,42075.0,1641008.3401813644,331124.50679998344,23952.0
4545,42075.0,1641008.3401813644,321124.50679998245,34801.0
4546,42071.0,1641008.340181364,311124.50679998146,6446.0
4547,42071.0,1641008.3401813644,301124.5067999819,15222.0
4548,42071.0,1641008.340181364,291124.5067999809,24480.0
4549,42133.0,1641008.340181364,281124.5067999813,11990.0
4550,42133.0,1641008.3401813644,271124.50679998036,11375.0
4551,42133.0,1641008.3401813654,261124.50679997934,9435.0
4552,,1641008.3401813647,251124.50679997835,468.0
4597,36089.0,1649668.5942192068,856124.5067999935,144.0
4598,36089.0,1649668.5942192068,846124.5067999953,13295.0
4599,36089.0,1649668.5942192078,836124.5067999901,2951.0
4600,36089.0,1649668.5942192064,826124.5067999919,3697.0
4601,36089.0,1649668.5942192064,816124.5067999895,11471.0
4602,36089.0,1649668.5942192075,806124.5067999914,1237.0
4603,36089.0,1649668.594219207,796124.5067999903,439.0
4604,36089.0,1649668.5942192068,786124.5067999922,535.0
4605,36089.0,1649668.5942192075,776124.5067999898,171.0
4606,36089.0,1649668.594219207,766124.5067999916,438.0
4607,36089.0,1649668.5942192075,756124.5067999907,2.0
4608,36049.0,1649668.5942192075,746124.5067999882,11.0
4609,36049.0,1649668.5942192075,736124.5067999887,97.0
4610,36049.0,1649668.5942192078,726124.5067999891,372.0
4611,36049.0,1649668.5942192078,716124.5067999881,394.0
4612,36049.0,1649668.5942192082,706124.5067999886,925.0
4613,36049.0,1649668.5942192082,696124.506799989,2630.0
4614,36049.0,1649668.5942192075,686124.5067999894,3052.0
4615,36065.0,1649668.5942192078,676124.5067999912,666.0
4616,36065.0,1649668.5942192078,666124.5067999889,2845.0
4617,36065.0,1649668.5942192078,656124.5067999893,30136.0
4618,36065.0,1649668.5942192078,646124.5067999869,5917.0
4619,36065.0,1649668.5942192075,636124.5067999873,3995.0
4620,36065.0,1649668.5942192075,626124.5067999878,2057.0
4621,36053.0,1649668.5942192075,616124.5067999882,3048.0
4622,36053.0,1649668.5942192078,606124.5067999886,4099.0
4623,36017.0,1649668.5942192068,596124.5067999904,811.0
4624,36017.0,1649668.5942192075,586124.5067999881,1177.0
4625,36017.0,1649668.594219209,576124.5067999857,660.0
4626,36017.0,1649668.5942192082,566124.5067999861,657.0
4627,36017.0,1649668.5942192082,556124.5067999851,3063.0
4628,36017.0,1649668.5942192082,546124.5067999855,2023.0
4629,36007.0,1649668.5942192082,536124.5067999859,5953.0
4630,36007.0,1649668.5942192082,526124.506799985,11409.0
4631,36007.0,1649668.5942192085,516124.50679998397,3484.0
4632,42115.0,1649668.5942192078,506124.50679998583,1335.0
4633,42115.0,1649668.594219209,496124.50679998484,3662.0
4634,42115.0,1649668.5942192085,486124.50679998385,1832.0
4635,42115.0,1649668.594219209,476124.5067999857,1871.0
4636,42131.0,1649668.594219209,466124.5067999861,5831.0
4637,42131.0,1649668.5942192082,456124.5067999865,1616.0
4638,42131.0,1649668.5942192082,446124.50679998414,5891.0
4639,42079.0,1649668.5942192085,436124.50679998455,6691.0
4640,42079.0,1649668.5942192082,426124.506799985,6311.0
4641,42079.0,1649668.5942192092,416124.5067999826,2377.0
4642,42079.0,1649668.5942192092,406124.50679998304,2787.0
4643,42079.0,1649668.5942192085,396124.50679998344,3337.0
4644,42107.0,1649668.5942192085,386124.50679998106,7296.0
4645,42107.0,1649668.5942192096,376124.50679998146,11595.0
4646,42107.0,1649668.5942192092,366124.50679998193,29422.0
4647,42107.0,1649668.5942192078,356124.50679998373,5411.0
4648,42011.0,1649668.5942192085,346124.5067999842,2561.0
4649,42011.0,1649668.59421921,336124.5067999818,10028.0
4650,42075.0,1649668.594219209,326124.5067999822,11031.0
4651,42071.0,1649668.594219209,316124.50679998123,5214.0
4652,42071.0,1649668.5942192096,306124.50679998024,16622.0
4653,42071.0,1649668.5942192096,296124.50679998065,40685.0
4654,42071.0,1649668.594219209,286124.5067999825,4645.0
4655,42133.0,1649668.5942192092,276124.5067999801,3242.0
4656,42133.0,1649668.5942192096,266124.50679998053,2656.0
4657,,1649668.5942192096,256124.50679997957,1253.0
4703,,1658328.8482570506,861124.5067999932,27.0
4704,36089.0,1658328.8482570506,851124.5067999923,2118.0
4705,36089.0,1658328.8482570506,841124.5067999912,1151.0
4706,36089.0,1658328.848257052,831124.5067999903,1050.0
4707,36089.0,1658328.8482570508,821124.506799992,1450.0
4708,36089.0,1658328.8482570515,811124.5067999897,1723.0
4709,36089.0,1658328.8482570513,801124.5067999902,1072.0
4710,36089.0,1658328.8482570513,791124.5067999919,3.0
4711,36089.0,1658328.8482570513,781124.5067999896,4.0
4712,36089.0,1658328.848257052,771124.50679999,325.0
4713,36089.0,1658328.8482570506,761124.5067999918,981.0
4714,36043.0,1658328.848257052,751124.5067999895,0.0
4715,36043.0,1658328.8482570515,741124.5067999884,0.0
4716,36049.0,1658328.8482570515,731124.5067999889,23.0
4717,36049.0,1658328.848257052,721124.5067999894,2.0
4718,36049.0,1658328.848257052,711124.5067999883,58.0
4719,36049.0,1658328.8482570513,701124.5067999888,176.0
4720,36065.0,1658328.8482570515,691124.5067999907,634.0
4721,36065.0,1658328.8482570522,681124.5067999882,1384.0
4722,36065.0,1658328.8482570515,671124.5067999887,689.0
4723,36065.0,1658328.848257052,661124.5067999876,1881.0
4724,36065.0,1658328.8482570513,651124.5067999881,7045.0
4725,36065.0,1658328.8482570515,641124.5067999886,12303.0
4726,36065.0,1658328.8482570513,631124.5067999889,3778.0
4727,36053.0,1658328.8482570522,621124.5067999894,2277.0
4728,36053.0,1658328.8482570527,611124.5067999869,3324.0
4729,36017.0,1658328.848257052,601124.5067999874,2852.0
4730,36017.0,1658328.8482570515,591124.5067999879,3201.0
4731,36017.0,1658328.8482570522,581124.5067999868,7444.0
4732,36017.0,1658328.848257052,571124.5067999873,3391.0
4733,36017.0,1658328.848257052,561124.5067999862,1038.0
4734,36017.0,1658328.8482570515,551124.5067999881,1240.0
4735,36007.0,1658328.8482570527,541124.5067999858,1965.0
4736,36007.0,1658328.848257053,531124.5067999861,2479.0
4737,36007.0,1658328.8482570527,521124.5067999852,1974.0
4738,42115.0,1658328.848257053,511124.5067999842,4011.0
4739,42115.0,1658328.8482570515,501124.50679998746,2467.0
4740,42115.0,1658328.8482570522,491124.506799985,1489.0
4741,42115.0,1658328.8482570527,481124.5067999855,1296.0
4742,42131.0,1658328.8482570522,471124.5067999859,2616.0
4743,42131.0,1658328.848257052,461124.50679998635,4274.0
4744,42131.0,1658328.848257053,451124.50679998536,3682.0
4745,42079.0,1658328.8482570522,441124.5067999844,19204.0
4746,42079.0,1658328.848257052,431124.5067999848,39695.0
4747,42079.0,1658328.848257053,421124.5067999838,12927.0
4748,42079.0,1658328.848257053,411124.5067999828,4453.0
4749,42079.0,1658328.848257053,401124.50679998467,24831.0
4750,42107.0,1658328.8482570534,391124.5067999823,1198.0
4751,42107.0,1658328.8482570534,381124.5067999827,7029.0
4752,42107.0,1658328.848257053,371124.5067999817,5696.0
4753,42107.0,1658328.8482570522,361124.50679998356,16117.0
4754,42011.0,1658328.8482570534,351124.50679998257,2389.0
4755,42011.0,1658328.848257053,341124.5067999802,4154.0
4756,42075.0,1658328.8482570534,331124.506799982,10477.0
4757,42071.0,1658328.8482570527,321124.506799981,5925.0
4758,42071.0,1658328.8482570539,311124.50679998,29649.0
4759,42071.0,1658328.8482570539,301124.50679998327,54332.0
4760,42071.0,1658328.8482570539,291124.5067999823,95076.0
4761,42071.0,1658328.848257053,281124.5067999799,6728.0
4762,42133.0,1658328.8482570539,271124.50679998036,2169.0
4763,42133.0,1658328.848257054,261124.50679998216,4952.0
4809,36033.0,1666989.102294896,856124.5067999907,3043.0
4810,36089.0,1666989.102294895,846124.5067999924,629.0
4811,36089.0,1666989.1022948958,836124.5067999901,2131.0
4812,36089.0,1666989.1022948958,826124.5067999904,904.0
4813,36089.0,1666989.1022948958,816124.5067999895,1064.0
4814,36089.0,1666989.102294895,806124.5067999914,239.0
4815,36089.0,1666989.102294895,796124.5067999903,20.0
4816,36089.0,1666989.1022948953,786124.5067999908,0.0
4817,36089.0,1666989.1022948953,776124.5067999926,32.0
4818,36089.0,1666989.1022948953,766124.5067999916,242.0
4819,36089.0,1666989.1022948953,756124.5067999893,7.0
4820,36043.0,1666989.1022948958,746124.5067999896,8.0
4821,36043.0,1666989.1022948953,736124.5067999887,13.0
4822,36043.0,1666989.1022948958,726124.5067999905,0.0
4823,36043.0,1666989.1022948958,716124.5067999881,20.0
4824,36043.0,1666989.1022948965,706124.5067999886,42.0
4825,36065.0,1666989.102294896,696124.506799989,328.0
4826,36065.0,1666989.1022948965,686124.5067999866,807.0
4827,36065.0,1666989.102294895,676124.5067999898,1418.0
4828,36065.0,1666989.102294896,666124.5067999889,2466.0
4829,36065.0,1666989.1022948958,656124.5067999879,4749.0
4830,36065.0,1666989.102294896,646124.5067999869,61012.0
4831,36065.0,1666989.1022948958,636124.5067999887,16381.0
4832,36065.0,1666989.1022948965,626124.5067999878,2727.0
4833,36053.0,1666989.1022948965,616124.5067999867,1034.0
4834,36053.0,1666989.102294896,606124.5067999872,384.0
4835,36017.0,1666989.1022948965,596124.5067999862,1189.0
4836,36017.0,1666989.1022948958,586124.5067999881,1217.0
4837,36017.0,1666989.1022948967,576124.506799987,4706.0
4838,36017.0,1666989.1022948965,566124.5067999861,1379.0
4839,36017.0,1666989.1022948958,556124.5067999865,2050.0
4840,36017.0,1666989.1022948967,546124.5067999855,2579.0
4841,36007.0,1666989.1022948967,536124.5067999874,1716.0
4842,36007.0,1666989.102294896,526124.5067999878,1960.0
4843,42115.0,1666989.1022948972,516124.50679998397,3842.0
4844,42115.0,1666989.1022948977,506124.50679998583,1265.0
4845,42115.0,1666989.1022948965,496124.50679998763,1522.0
4846,42115.0,1666989.1022948972,486124.50679998525,1447.0
4847,42131.0,1666989.1022948967,476124.50679998426,3154.0
4848,42069.0,1666989.102294896,466124.5067999875,6371.0
4849,42069.0,1666989.1022948965,456124.50679998513,3355.0
4850,42079.0,1666989.1022948972,446124.50679998274,29273.0
4851,42079.0,1666989.1022948965,436124.50679998455,75955.0
4852,42079.0,1666989.1022948965,426124.506799985,14819.0
4853,42079.0,1666989.1022948965,416124.506799984,5031.0
4854,42079.0,1666989.1022948977,406124.50679998164,16708.0
4855,42025.0,1666989.1022948972,396124.50679998344,19902.0
4856,42107.0,1666989.1022948972,386124.50679998245,10496.0
4857,42107.0,1666989.1022948972,376124.50679998146,2419.0
4858,42107.0,1666989.1022948977,366124.5067999833,4624.0
4859,42011.0,1666989.1022948972,356124.50679998234,3835.0
4860,42011.0,1666989.1022948967,346124.5067999828,4969.0
4861,42011.0,1666989.1022948967,336124.5067999818,6244.0
4862,42071.0,1666989.102294898,326124.5067999808,10374.0
4863,42071.0,1666989.102294898,316124.50679997983,33148.0
4864,42071.0,1666989.1022948972,306124.50679998164,20229.0
4865,42071.0,1666989.1022948977,296124.5067999821,23422.0
4866,42071.0,1666989.1022948967,286124.5067999811,12069.0
4867,42071.0,1666989.1022948977,276124.5067999815,5330.0
4868,42133.0,1666989.1022948984,266124.50679997914,2850.0
4869,,1666989.102294898,256124.50679997957,385.0
4915,36033.0,1675649.3563327398,861124.5067999932,1919.0
4916,36033.0,1675649.3563327391,851124.5067999923,1087.0
4917,36033.0,1675649.3563327396,841124.5067999898,1309.0
4918,36089.0,1675649.3563327398,831124.5067999903,1043.0
4919,36089.0,1675649.3563327398,821124.506799992,209.0
4920,36089.0,1675649.3563327398,811124.5067999925,49.0
4921,36089.0,1675649.3563327391,801124.5067999916,52.0
4922,36089.0,1675649.3563327396,791124.5067999919,1.0
4923,36089.0,1675649.3563327398,781124.5067999896,5.0
4924,36089.0,1675649.3563327398,771124.5067999886,200.0
4925,36089.0,1675649.3563327398,761124.5067999904,0.0
4926,36043.0,1675649.3563327398,751124.5067999895,0.0
4927,36043.0,1675649.3563327398,741124.5067999884,7.0
4928,36043.0,1675649.3563327407,731124.5067999889,2.0
4929,36043.0,1675649.3563327396,721124.5067999894,223.0
4930,36043.0,1675649.3563327398,711124.5067999883,1070.0
4931,36043.0,1675649.3563327407,701124.5067999874,0.0
4932,36043.0,1675649.3563327407,691124.5067999891,2.0
4933,36043.0,1675649.3563327407,681124.5067999868,380.0
4934,36065.0,1675649.3563327403,671124.5067999887,1680.0
4935,36065.0,1675649.3563327398,661124.506799989,2069.0
4936,36065.0,1675649.3563327407,651124.5067999867,12180.0
4937,36043.0,1675649.356332741,641124.506799987,24593.0
4938,36065.0,1675649.3563327398,631124.5067999903,3577.0
4939,36065.0,1675649.3563327403,621124.5067999866,2734.0
4940,36053.0,1675649.3563327403,611124.5067999869,1654.0
4941,36077.0,1675649.3563327407,601124.5067999874,1411.0
4942,36077.0,1675649.3563327407,591124.5067999865,2194.0
4943,36077.0,1675649.3563327403,581124.5067999854,1281.0
4944,36077.0,1675649.3563327403,571124.5067999859,1371.0
4945,36017.0,1675649.3563327407,561124.5067999878,4806.0
4946,36017.0,1675649.3563327403,551124.5067999881,2917.0
4947,36007.0,1675649.3563327403,541124.5067999858,376.0
4948,36007.0,1675649.3563327403,531124.5067999861,687.0
4949,36007.0,1675649.356332741,521124.5067999866,447.0
4950,42115.0,1675649.3563327407,511124.5067999842,783.0
4951,42115.0,1675649.3563327407,501124.506799986,975.0
4952,42115.0,1675649.3563327407,491124.506799985,1230.0
4953,42115.0,1675649.356332741,481124.5067999841,2102.0
4954,42069.0,1675649.356332741,471124.5067999859,5259.0
4955,42069.0,1675649.356332741,461124.5067999835,41186.0
4956,42069.0,1675649.356332741,451124.5067999825,65106.0
4957,42079.0,1675649.356332741,441124.5067999844,11481.0
4958,42079.0,1675649.3563327421,431124.50679998193,2161.0
4959,42079.0,1675649.356332741,421124.5067999838,1425.0
4960,42079.0,1675649.356332741,411124.50679998426,3597.0
4961,42025.0,1675649.3563327407,401124.50679998467,3302.0
4962,42025.0,1675649.3563327403,391124.5067999851,11647.0
4963,42107.0,1675649.3563327421,381124.5067999813,2343.0
4964,42107.0,1675649.3563327417,371124.5067999831,2071.0
4965,42011.0,1675649.3563327421,361124.5067999821,5905.0
4966,42011.0,1675649.3563327417,351124.5067999797,8293.0
4967,42011.0,1675649.3563327417,341124.5067999816,17156.0
4968,42011.0,1675649.3563327414,331124.506799982,57099.0
4969,42071.0,1675649.3563327417,321124.5067999796,12717.0
4970,42071.0,1675649.3563327414,311124.50679998146,12610.0
4971,42071.0,1675649.3563327417,301124.5067999805,12206.0
4972,42071.0,1675649.3563327414,291124.5067999809,9825.0
4973,42071.0,1675649.3563327417,281124.5067999785,9043.0
4974,42071.0,1675649.3563327421,271124.50679998036,4317.0
4975,,1675649.3563327417,261124.50679997934,652.0
5020,,1684309.6103705845,866124.5067999902,383.0
5021,36033.0,1684309.6103705845,856124.5067999907,814.0
5022,36033.0,1684309.6103705848,846124.5067999924,2584.0
5023,36033.0,1684309.6103705845,836124.5067999901,673.0
5024,36033.0,1684309.610370584,826124.5067999919,1159.0
5025,36033.0,1684309.6103705845,816124.5067999909,14.0
5026,36089.0,1684309.610370584,806124.50679999,0.0
5027,36089.0,1684309.610370584,796124.5067999903,4.0
5028,36089.0,1684309.6103705848,786124.5067999922,65.0
5029,36089.0,1684309.6103705848,776124.5067999898,0.0
5030,36089.0,1684309.6103705848,766124.5067999902,2.0
5031,36041.0,1684309.6103705848,756124.5067999907,0.0
5032,36041.0,1684309.6103705852,746124.5067999882,0.0
5033,36041.0,1684309.6103705845,736124.5067999887,19.0
5034,36043.0,1684309.6103705855,726124.5067999891,326.0
5035,36043.0,1684309.6103705845,716124.5067999881,110.0
5036,36043.0,1684309.6103705852,706124.5067999886,0.0
5037,36043.0,1684309.6103705852,696124.506799989,8.0
5038,36043.0,1684309.6103705848,686124.5067999866,39.0
5039,36043.0,1684309.6103705848,676124.5067999884,687.0
5040,36043.0,1684309.6103705848,666124.5067999874,1571.0
5041,36043.0,1684309.6103705855,656124.5067999879,1938.0
5042,36043.0,1684309.6103705852,646124.5067999883,2843.0
5043,36043.0,1684309.6103705855,636124.5067999873,10227.0
5044,36043.0,1684309.6103705848,626124.5067999891,1809.0
5045,36077.0,1684309.6103705848,616124.5067999867,835.0
5046,36077.0,1684309.610370586,606124.5067999872,1254.0
5047,36077.0,1684309.6103705852,596124.5067999862,1046.0
5048,36077.0,1684309.6103705852,586124.5067999881,1763.0
5049,36077.0,1684309.6103705855,576124.506799987,1211.0
5050,36077.0,1684309.6103705852,566124.5067999861,2198.0
5051,36025.0,1684309.6103705852,556124.5067999879,2928.0
5052,36025.0,1684309.6103705852,546124.5067999869,613.0
5053,36025.0,1684309.610370586,536124.5067999859,580.0
5054,36025.0,1684309.6103705855,526124.5067999878,2253.0
5055,42127.0,1684309.610370586,516124.50679998397,420.0
5056,42127.0,1684309.6103705855,506124.5067999844,783.0
5057,42115.0,1684309.610370586,496124.50679998624,1006.0
5058,42115.0,1684309.6103705855,486124.50679998385,4307.0
5059,42069.0,1684309.6103705855,476124.5067999857,13643.0
5060,42069.0,1684309.6103705855,466124.50679998327,28268.0
5061,42069.0,1684309.610370586,456124.50679998373,34092.0
5062,42069.0,1684309.6103705869,446124.50679998274,3014.0
5063,42069.0,1684309.6103705855,436124.50679998455,883.0
5064,42079.0,1684309.6103705862,426124.50679998356,598.0
5065,42025.0,1684309.610370586,416124.5067999854,681.0
5066,42025.0,1684309.6103705866,406124.50679998304,1320.0
5067,42025.0,1684309.6103705855,396124.5067999849,6705.0
5068,42025.0,1684309.610370586,386124.50679998245,4688.0
5069,42077.0,1684309.6103705862,376124.5067999829,2647.0
5070,42011.0,1684309.6103705862,366124.5067999833,2514.0
5071,42011.0,1684309.6103705873,356124.5067999795,3919.0
5072,42011.0,1684309.6103705862,346124.50679997995,19993.0
5073,42011.0,1684309.6103705866,336124.5067999818,122616.0
5074,42011.0,1684309.6103705873,326124.5067999808,20195.0
5075,42071.0,1684309.6103705862,316124.50679998123,5588.0
5076,42071.0,1684309.6103705866,306124.50679998164,8862.0
5077,42071.0,1684309.6103705866,296124.5067999821,10253.0
5078,42071.0,1684309.6103705862,286124.50679997826,4725.0
5079,42071.0,1684309.6103705869,276124.5067999801,4201.0
5080,42029.0,1684309.6103705862,266124.50679997914,4155.0
5126,,1692969.8644084292,871124.5067999914,16.0
5127,36033.0,1692969.8644084285,861124.5067999932,1913.0
5128,36033.0,1692969.8644084285,851124.5067999937,6778.0
5129,36033.0,1692969.864408429,841124.5067999926,1163.0
5130,36033.0,1692969.8644084297,831124.5067999903,24.0
5131,36033.0,1692969.8644084297,821124.506799992,110.0
5132,36033.0,1692969.86440843,811124.5067999897,0.0
5133,36033.0,1692969.8644084297,801124.5067999916,0.0
5134,36033.0,1692969.864408429,791124.5067999905,0.0
5135,36089.0,1692969.86440843,781124.5067999896,392.0
5136,36089.0,1692969.8644084292,771124.50679999,41.0
5137,36041.0,1692969.8644084292,761124.5067999918,3.0
5138,36041.0,1692969.8644084292,751124.5067999909,2.0
5139,36041.0,1692969.864408429,741124.5067999898,2.0
5140,36041.0,1692969.8644084292,731124.5067999917,86.0
5141,36041.0,1692969.8644084297,721124.5067999922,245.0
5142,36041.0,1692969.8644084297,711124.5067999897,0.0
5143,36043.0,1692969.8644084306,701124.5067999888,0.0
5144,36043.0,1692969.8644084304,691124.5067999878,2.0
5145,36043.0,1692969.8644084292,681124.5067999896,85.0
5146,36043.0,1692969.8644084297,671124.5067999872,222.0
5147,36043.0,1692969.8644084304,661124.506799989,718.0
5148,36043.0,1692969.86440843,651124.5067999881,1830.0
5149,36043.0,1692969.8644084297,641124.5067999886,16639.0
5150,36043.0,1692969.8644084297,631124.5067999875,1536.0
5151,36077.0,1692969.8644084297,621124.506799988,2415.0
5152,36077.0,1692969.8644084304,611124.5067999869,883.0
5153,36077.0,1692969.8644084306,601124.506799986,1128.0
5154,36077.0,1692969.8644084304,591124.5067999879,1187.0
5155,36077.0,1692969.8644084304,581124.5067999868,2259.0
5156,36077.0,1692969.8644084304,571124.5067999859,2401.0
5157,36025.0,1692969.8644084304,561124.5067999848,1445.0
5158,36025.0,1692969.8644084304,551124.5067999895,1241.0
5159,36025.0,1692969.8644084292,541124.5067999872,294.0
5160,36025.0,1692969.8644084304,531124.5067999875,361.0
5161,36025.0,1692969.8644084304,521124.5067999852,1692.0
5162,42127.0,1692969.8644084306,511124.5067999842,788.0
5163,42127.0,1692969.8644084304,501124.5067999832,569.0
5164,42127.0,1692969.8644084297,491124.50679998647,1186.0
5165,42127.0,1692969.8644084304,481124.5067999841,3631.0
5166,42127.0,1692969.8644084306,471124.5067999831,4460.0
5167,42069.0,1692969.8644084306,461124.50679998635,4730.0
5168,42069.0,1692969.8644084306,451124.5067999825,7442.0
5169,42069.0,1692969.8644084306,441124.5067999844,2959.0
5170,42089.0,1692969.8644084318,431124.5067999834,3087.0
5171,42089.0,1692969.8644084313,421124.5067999852,2747.0
5172,42025.0,1692969.864408431,411124.50679998565,4071.0
5173,42025.0,1692969.8644084306,401124.50679998327,4598.0
5174,42025.0,1692969.864408431,391124.5067999865,18122.0
5175,42077.0,1692969.864408431,381124.5067999813,5320.0
5176,42077.0,1692969.8644084318,371124.5067999817,4898.0
5177,42011.0,1692969.8644084313,361124.5067999821,9093.0
5178,42011.0,1692969.8644084306,351124.5067999811,14822.0
5179,42011.0,1692969.8644084313,341124.506799983,6526.0
5180,42011.0,1692969.8644084318,331124.5067999806,28792.0
5181,42011.0,1692969.8644084313,321124.5067999796,5615.0
5182,42029.0,1692969.8644084313,311124.50679998146,12063.0
5183,42029.0,1692969.8644084313,301124.5067999819,13040.0
5184,42029.0,1692969.8644084313,291124.5067999795,11480.0
5185,42029.0,1692969.864408431,281124.5067999813,7599.0
5186,42029.0,1692969.8644084318,271124.50679998036,14844.0
5232,36033.0,1701630.1184462735,866124.5067999916,476.0
5233,36033.0,1701630.1184462735,856124.5067999907,4902.0
5234,36033.0,1701630.1184462735,846124.5067999924,4464.0
5235,36033.0,1701630.1184462735,836124.5067999901,313.0
5236,36033.0,1701630.1184462735,826124.5067999919,21.0
5237,36033.0,1701630.1184462735,816124.5067999895,51.0
5238,36033.0,1701630.1184462735,806124.50679999,40.0
5239,36033.0,1701630.1184462735,796124.5067999903,19.0
5240,36033.0,1701630.1184462735,786124.5067999936,2470.0
5241,36033.0,1701630.1184462735,776124.5067999898,3136.0
5242,36041.0,1701630.1184462737,766124.5067999902,1.0
5243,36041.0,1701630.1184462737,756124.5067999907,0.0
5244,36041.0,1701630.1184462742,746124.5067999882,5.0
5245,36041.0,1701630.1184462737,736124.5067999915,65.0
5246,36041.0,1701630.1184462735,726124.5067999891,17.0
5247,36041.0,1701630.1184462737,716124.5067999895,0.0
5248,36041.0,1701630.1184462742,706124.50679999,0.0
5249,36041.0,1701630.118446275,696124.5067999875,4.0
5250,36041.0,1701630.1184462744,686124.506799988,76.0
5251,36041.0,1701630.1184462744,676124.506799987,0.0
5252,36043.0,1701630.1184462744,666124.5067999903,158.0
5253,36043.0,1701630.1184462737,656124.5067999893,1302.0
5254,36043.0,1701630.1184462737,646124.5067999869,6902.0
5255,36043.0,1701630.1184462737,636124.5067999873,919.0
5256,36043.0,1701630.1184462742,626124.5067999878,957.0
5257,36077.0,1701630.118446275,616124.5067999853,846.0
5258,36077.0,1701630.1184462737,606124.5067999872,4137.0
5259,36077.0,1701630.1184462742,596124.5067999862,1570.0
5260,36077.0,1701630.1184462737,586124.5067999881,2429.0
5261,36077.0,1701630.1184462744,576124.506799987,17930.0
5262,36025.0,1701630.1184462744,566124.5067999861,846.0
5263,36025.0,1701630.118446275,556124.5067999879,710.0
5264,36025.0,1701630.1184462751,546124.5067999841,4159.0
5265,36025.0,1701630.118446275,536124.5067999859,105.0
5266,36025.0,1701630.1184462742,526124.506799985,566.0
5267,36025.0,1701630.1184462742,516124.50679998397,537.0
5268,42127.0,1701630.1184462737,506124.50679998583,542.0
5269,42127.0,1701630.1184462742,496124.50679998624,623.0
5270,42127.0,1701630.1184462742,486124.50679998525,1815.0
5271,42127.0,1701630.1184462737,476124.5067999871,2420.0
5272,42127.0,1701630.1184462751,466124.50679998327,5552.0
5273,42127.0,1701630.1184462751,456124.50679998373,3787.0
5274,42127.0,1701630.1184462751,446124.50679998414,2533.0
5275,42089.0,1701630.1184462744,436124.50679998455,2798.0
5276,42089.0,1701630.1184462758,426124.50679998356,4250.0
5277,42089.0,1701630.1184462751,416124.506799984,10268.0
5278,42089.0,1701630.118446275,406124.50679998304,7297.0
5279,42025.0,1701630.1184462751,396124.5067999849,5748.0
5280,42095.0,1701630.1184462744,386124.50679998106,17068.0
5281,42077.0,1701630.118446275,376124.5067999829,16920.0
5282,42077.0,1701630.1184462756,366124.5067999847,24082.0
5283,42011.0,1701630.1184462765,356124.5067999795,12355.0
5284,42011.0,1701630.1184462756,346124.5067999828,4988.0
5285,42011.0,1701630.118446275,336124.5067999832,13208.0
5286,42011.0,1701630.1184462756,326124.5067999822,12422.0
5287,42029.0,1701630.1184462756,316124.50679997983,4831.0
5288,42029.0,1701630.1184462758,306124.50679998024,17161.0
5289,42029.0,1701630.1184462751,296124.5067999821,36573.0
5290,42029.0,1701630.1184462751,286124.5067999811,3848.0
5291,42029.0,1701630.1184462751,276124.5067999829,20265.0
5292,,1701630.1184462758,266124.50679998053,1099.0
5338,,1710290.3724841182,871124.50679999,236.0
5339,36033.0,1710290.3724841168,861124.5067999918,2021.0
5340,36033.0,1710290.3724841175,851124.5067999923,482.0
5341,36033.0,1710290.3724841175,841124.5067999898,362.0
5342,36033.0,1710290.3724841182,831124.5067999903,132.0
5343,36033.0,1710290.3724841168,821124.506799992,18.0
5344,36033.0,1710290.3724841175,811124.5067999911,753.0
5345,36033.0,1710290.3724841173,801124.5067999916,308.0
5346,36033.0,1710290.3724841175,791124.5067999935,74.0
5347,36033.0,1710290.3724841175,781124.5067999896,214.0
5348,36033.0,1710290.3724841175,771124.50679999,2.0
5349,36041.0,1710290.372484118,761124.506799989,123.0
5350,36041.0,1710290.3724841182,751124.5067999895,435.0
5351,36041.0,1710290.372484118,741124.5067999898,96.0
5352,36041.0,1710290.3724841182,731124.5067999903,4.0
5353,36041.0,1710290.372484118,721124.5067999894,0.0
5354,36041.0,1710290.3724841175,711124.5067999869,4.0
5355,36041.0,1710290.372484119,701124.5067999874,30.0
5356,36041.0,1710290.372484118,691124.5067999891,7.0
5357,36041.0,1710290.3724841187,681124.5067999868,1.0
5358,36035.0,1710290.3724841187,671124.5067999872,63.0
5359,36035.0,1710290.372484118,661124.506799989,1153.0
5360,36035.0,1710290.372484119,651124.5067999867,3837.0
5361,36043.0,1710290.3724841182,641124.506799987,1192.0
5362,36043.0,1710290.3724841175,631124.5067999889,825.0
5363,36077.0,1710290.3724841187,621124.506799988,938.0
5364,36077.0,1710290.372484119,611124.5067999855,858.0
5365,36077.0,1710290.3724841182,601124.5067999874,941.0
5366,36077.0,1710290.3724841187,591124.5067999879,1246.0
5367,36025.0,1710290.3724841187,581124.5067999868,2412.0
5368,36025.0,1710290.3724841182,571124.5067999873,763.0
5369,36025.0,1710290.372484119,561124.5067999862,849.0
5370,36025.0,1710290.372484119,551124.5067999867,1168.0
5371,36025.0,1710290.372484119,541124.5067999843,545.0
5372,36025.0,1710290.3724841187,531124.5067999861,490.0
5373,36025.0,1710290.3724841194,521124.5067999852,295.0
5374,42127.0,1710290.3724841182,511124.506799987,625.0
5375,42127.0,1710290.3724841194,501124.5067999846,1090.0
5376,42127.0,1710290.3724841187,491124.506799985,1313.0
5377,42127.0,1710290.3724841194,481124.5067999855,7744.0
5378,42127.0,1710290.3724841187,471124.5067999845,3419.0
5379,42127.0,1710290.372484119,461124.5067999849,5194.0
5380,42103.0,1710290.372484119,451124.5067999839,3105.0
5381,42089.0,1710290.3724841194,441124.5067999844,8182.0
5382,42089.0,1710290.372484119,431124.5067999834,15095.0
5383,42089.0,1710290.372484119,421124.5067999852,6362.0
5384,42089.0,1710290.37248412,411124.5067999828,14467.0
5385,42089.0,1710290.3724841203,401124.5067999818,6935.0
5386,42095.0,1710290.3724841194,391124.5067999837,7218.0
5387,42095.0,1710290.3724841194,381124.5067999827,38594.0
5388,42077.0,1710290.37248412,371124.5067999817,125800.0
5389,42077.0,1710290.3724841196,361124.50679998356,47351.0
5390,42011.0,1710290.37248412,351124.5067999811,7564.0
5391,42091.0,1710290.3724841194,341124.5067999816,22028.0
5392,42091.0,1710290.3724841196,331124.5067999806,55337.0
5393,42029.0,1710290.3724841196,321124.506799981,11147.0
5394,42029.0,1710290.3724841196,311124.50679998,33547.0
5395,42029.0,1710290.3724841194,301124.5067999805,35362.0
5396,42029.0,1710290.3724841194,291124.5067999823,8746.0
5397,42029.0,1710290.3724841203,281124.5067999785,26199.0
5398,42029.0,1710290.3724841203,271124.5067999789,3856.0
5443,,1718950.626521962,876124.5067999911,41.0
5444,36019.0,1718950.6265219627,866124.5067999902,798.0
5445,36033.0,1718950.626521962,856124.506799992,798.0
5446,36033.0,1718950.6265219613,846124.5067999924,74.0
5447,36033.0,1718950.626521962,836124.5067999915,115.0
5448,36033.0,1718950.6265219625,826124.5067999904,10.0
5449,36033.0,1718950.6265219618,816124.5067999895,296.0
5450,36033.0,1718950.6265219625,806124.5067999914,764.0
5451,36033.0,1718950.6265219618,796124.5067999918,676.0
5452,36033.0,1718950.6265219618,786124.5067999922,42.0
5453,36033.0,1718950.6265219627,776124.5067999898,0.0
5454,36041.0,1718950.6265219627,766124.5067999888,0.0
5455,36041.0,1718950.6265219632,756124.5067999907,29.0
5456,36041.0,1718950.626521962,746124.5067999896,47.0
5457,36041.0,1718950.6265219627,736124.5067999887,64.0
5458,36041.0,1718950.6265219627,726124.5067999891,0.0
5459,36041.0,1718950.6265219627,716124.5067999895,13.0
5460,36041.0,1718950.6265219625,706124.5067999886,0.0
5461,36041.0,1718950.6265219632,696124.5067999904,248.0
5462,36041.0,1718950.6265219627,686124.506799988,77.0
5463,36041.0,1718950.6265219625,676124.5067999898,9.0
5464,36035.0,1718950.6265219625,666124.5067999903,121.0
5465,36035.0,1718950.6265219625,656124.5067999879,513.0
5466,36057.0,1718950.6265219625,646124.5067999869,3013.0
5467,36057.0,1718950.6265219632,636124.5067999873,3328.0
5468,36077.0,1718950.626521962,626124.5067999891,1338.0
5469,36077.0,1718950.6265219625,616124.5067999882,764.0
5470,36077.0,1718950.6265219634,606124.5067999858,856.0
5471,36077.0,1718950.6265219632,596124.5067999876,1884.0
5472,36025.0,1718950.6265219627,586124.5067999866,1295.0
5473,36025.0,1718950.6265219639,576124.5067999857,827.0
5474,36025.0,1718950.6265219625,566124.5067999875,4301.0
5475,36025.0,1718950.6265219627,556124.5067999865,732.0
5476,36025.0,1718950.6265219634,546124.5067999855,358.0
5477,36025.0,1718950.6265219627,536124.5067999859,771.0
5478,36025.0,1718950.6265219632,526124.5067999891,331.0
5479,36105.0,1718950.6265219634,516124.50679998397,669.0
5480,36105.0,1718950.6265219634,506124.5067999844,1981.0
5481,42127.0,1718950.6265219634,496124.50679998484,1353.0
5482,42127.0,1718950.6265219634,486124.50679998385,2872.0
5483,42103.0,1718950.6265219634,476124.50679998426,2468.0
5484,42103.0,1718950.6265219639,466124.5067999847,2287.0
5485,42103.0,1718950.6265219634,456124.50679998373,701.0
5486,42103.0,1718950.6265219639,446124.50679998414,1370.0
5487,42089.0,1718950.626521964,436124.50679998315,4793.0
5488,42089.0,1718950.6265219639,426124.506799985,11721.0
5489,42089.0,1718950.6265219634,416124.5067999826,13195.0
5490,42089.0,1718950.6265219639,406124.50679998304,8065.0
5491,42095.0,1718950.6265219639,396124.5067999849,8990.0
5492,42095.0,1718950.6265219634,386124.50679998106,17397.0
5493,42077.0,1718950.6265219648,376124.50679998146,107587.0
5494,42077.0,1718950.6265219639,366124.5067999833,39885.0
5495,42077.0,1718950.6265219634,356124.50679998234,8859.0
5496,42091.0,1718950.626521964,346124.50679997995,18995.0
5497,42091.0,1718950.6265219634,336124.5067999832,17129.0
5498,42091.0,1718950.6265219634,326124.5067999822,42875.0
5499,42029.0,1718950.626521964,316124.50679998123,31281.0
5500,42029.0,1718950.626521964,306124.5067999831,48350.0
5501,42029.0,1718950.6265219646,296124.5067999821,49526.0
5502,42029.0,1718950.6265219653,286124.50679997826,9575.0
5550,36019.0,1727610.8805598076,871124.50679999,248.0
5551,36019.0,1727610.880559807,861124.5067999918,860.0
5552,36019.0,1727610.880559807,851124.5067999908,308.0
5553,36033.0,1727610.880559807,841124.5067999898,164.0
5554,36033.0,1727610.880559807,831124.5067999903,5.0
5555,36033.0,1727610.8805598065,821124.506799992,178.0
5556,36033.0,1727610.880559807,811124.5067999897,1295.0
5557,36031.0,1727610.8805598072,801124.5067999902,6760.0
5558,36033.0,1727610.8805598065,791124.5067999919,1960.0
5559,36033.0,1727610.880559807,781124.5067999896,0.0
5560,36031.0,1727610.8805598072,771124.5067999886,0.0
5561,36031.0,1727610.880559807,761124.506799989,40.0
5562,36031.0,1727610.8805598072,751124.5067999909,31.0
5563,36041.0,1727610.8805598065,741124.5067999884,361.0
5564,36041.0,1727610.880559807,731124.5067999889,517.0
5565,36041.0,1727610.8805598065,721124.5067999922,15.0
5566,36041.0,1727610.8805598065,711124.5067999897,53.0
5567,36041.0,1727610.8805598072,701124.5067999888,520.0
5568,36041.0,1727610.8805598072,691124.5067999878,104.0
5569,36041.0,1727610.880559807,681124.5067999896,0.0
5570,36035.0,1727610.8805598072,671124.5067999872,106.0
5571,36035.0,1727610.8805598072,661124.5067999876,1101.0
5572,36035.0,1727610.8805598076,651124.5067999881,1541.0
5573,36057.0,1727610.880559807,641124.5067999886,3996.0
5574,36057.0,1727610.8805598076,631124.5067999875,2738.0
5575,36095.0,1727610.8805598076,621124.5067999851,1508.0
5576,36077.0,1727610.880559807,611124.5067999869,1043.0
5577,36077.0,1727610.8805598076,601124.5067999874,1287.0
5578,36025.0,1727610.8805598079,591124.5067999879,836.0
5579,36025.0,1727610.8805598079,581124.5067999868,853.0
5580,36025.0,1727610.8805598079,571124.5067999859,1185.0
5581,36025.0,1727610.8805598083,561124.5067999862,578.0
5582,36025.0,1727610.8805598076,551124.5067999853,638.0
5583,36025.0,1727610.8805598076,541124.5067999858,163.0
5584,36025.0,1727610.880559807,531124.5067999875,663.0
5585,36105.0,1727610.8805598076,521124.5067999852,1352.0
5586,36105.0,1727610.8805598083,511124.5067999842,3046.0
5587,36105.0,1727610.8805598079,501124.5067999846,1606.0
5588,36105.0,1727610.8805598079,491124.506799985,955.0
5589,36105.0,1727610.8805598083,481124.5067999841,1686.0
5590,42103.0,1727610.8805598083,471124.5067999831,1827.0
5591,42103.0,1727610.8805598086,461124.5067999849,2314.0
5592,42103.0,1727610.8805598076,451124.50679998536,1526.0
5593,42103.0,1727610.8805598079,441124.5067999844,134.0
5594,42089.0,1727610.8805598083,431124.5067999862,10139.0
5595,42089.0,1727610.8805598079,421124.5067999838,33777.0
5596,42095.0,1727610.8805598083,411124.5067999828,5198.0
5597,42095.0,1727610.8805598076,401124.50679998327,20379.0
5598,42095.0,1727610.8805598083,391124.5067999851,31748.0
5599,42095.0,1727610.8805598086,381124.5067999827,52955.0
5600,42095.0,1727610.8805598079,371124.5067999831,18317.0
5601,42017.0,1727610.880559809,361124.50679998356,17503.0
5602,42017.0,1727610.8805598086,351124.5067999811,20259.0
5603,42091.0,1727610.8805598086,341124.5067999802,24476.0
5604,42091.0,1727610.8805598086,331124.506799982,35742.0
5605,42091.0,1727610.8805598086,321124.5067999796,43402.0
5606,42029.0,1727610.8805598079,311124.50679998146,42015.0
5607,42045.0,1727610.8805598086,301124.506799979,28208.0
5608,42045.0,1727610.8805598086,291124.5067999823,30570.0
5655,36019.0,1736271.1345976517,876124.5067999911,364.0
5656,36019.0,1736271.1345976517,866124.5067999916,1172.0
5657,36019.0,1736271.1345976514,856124.506799992,128.0
5658,36019.0,1736271.1345976521,846124.506799991,755.0
5659,36019.0,1736271.1345976521,836124.5067999901,304.0
5660,36019.0,1736271.1345976521,826124.5067999904,270.0
5661,36033.0,1736271.1345976517,816124.5067999895,135.0
5662,36031.0,1736271.1345976521,806124.5067999914,118.0
5663,36031.0,1736271.1345976524,796124.5067999889,4619.0
5664,36031.0,1736271.134597651,786124.5067999908,421.0
5665,36031.0,1736271.1345976517,776124.5067999898,0.0
5666,36031.0,1736271.1345976521,766124.5067999888,4.0
5667,36031.0,1736271.1345976517,756124.5067999907,346.0
5668,36031.0,1736271.1345976514,746124.5067999911,2.0
5669,36041.0,1736271.1345976521,736124.5067999887,207.0
5670,36041.0,1736271.1345976517,726124.5067999891,27.0
5671,36041.0,1736271.1345976521,716124.5067999881,2.0
5672,36041.0,1736271.1345976524,706124.5067999886,11.0
5673,36041.0,1736271.1345976517,696124.5067999904,499.0
5674,36041.0,1736271.1345976528,686124.506799988,102.0
5675,36035.0,1736271.1345976517,676124.506799987,76.0
5676,36035.0,1736271.1345976517,666124.5067999874,494.0
5677,36035.0,1736271.1345976517,656124.5067999893,4464.0
5678,36057.0,1736271.1345976521,646124.5067999869,2393.0
5679,36057.0,1736271.1345976524,636124.5067999887,1286.0
5680,36057.0,1736271.1345976524,626124.5067999878,1035.0
5681,36095.0,1736271.1345976521,616124.5067999853,4407.0
5682,36095.0,1736271.1345976524,606124.5067999872,2245.0
5683,36095.0,1736271.1345976517,596124.5067999876,895.0
5684,36095.0,1736271.1345976524,586124.5067999866,2460.0
5685,36025.0,1736271.1345976521,576124.506799987,1112.0
5686,36025.0,1736271.1345976528,566124.5067999861,283.0
5687,36025.0,1736271.1345976528,556124.5067999879,789.0
5688,36025.0,1736271.1345976528,546124.5067999841,241.0
5689,36105.0,1736271.1345976528,536124.5067999859,81.0
5690,36105.0,1736271.1345976528,526124.5067999864,2364.0
5691,36105.0,1736271.1345976528,516124.50679998257,2229.0
5692,36105.0,1736271.134597653,506124.50679998583,1469.0
5693,36105.0,1736271.134597653,496124.50679998484,1495.0
5694,36105.0,1736271.1345976524,486124.50679998525,872.0
5695,36105.0,1736271.1345976535,476124.50679998426,2276.0
5696,42103.0,1736271.1345976524,466124.5067999861,2042.0
5697,42103.0,1736271.134597653,456124.50679998513,7428.0
5698,42103.0,1736271.1345976528,446124.50679998554,2141.0
5699,42103.0,1736271.1345976535,436124.50679998455,10362.0
5700,42089.0,1736271.1345976524,426124.50679998356,6715.0
5701,34041.0,1736271.1345976535,416124.5067999826,4202.0
5702,42095.0,1736271.1345976538,406124.50679998304,5364.0
5703,42095.0,1736271.1345976535,396124.50679998205,4452.0
5704,34041.0,1736271.134597653,386124.50679998106,65533.0
5705,42017.0,1736271.1345976535,376124.5067999843,6927.0
5706,42017.0,1736271.134597653,366124.5067999833,3837.0
5707,42017.0,1736271.1345976535,356124.50679998094,8074.0
5708,42017.0,1736271.1345976542,346124.50679997995,43549.0
5709,42091.0,1736271.1345976538,336124.50679998036,78986.0
5710,42091.0,1736271.1345976538,326124.5067999808,86946.0
5711,42091.0,1736271.1345976542,316124.50679997983,70623.0
5712,42045.0,1736271.1345976538,306124.50679998024,53033.0
5713,42045.0,1736271.1345976535,296124.5067999835,83614.0
5714,,1736271.1345976538,286124.50679997966,30453.0
5715,34033.0,1736271.1345976538,276124.5067999787,14003.0
5716,34033.0,1736271.1345976538,266124.50679997914,13113.0
5717,34033.0,1736271.1345976535,256124.50679998097,2544.0
5718,,1736271.1345976535,246124.50679997998,3.0
5761,,1744931.388635496,881124.506799991,467.0
5762,36019.0,1744931.3886354952,871124.5067999914,1997.0
5763,36019.0,1744931.3886354961,861124.5067999904,429.0
5764,36019.0,1744931.388635496,851124.5067999923,4487.0
5765,36019.0,1744931.3886354961,841124.5067999898,1545.0
5766,36019.0,1744931.3886354954,831124.5067999903,901.0
5767,36019.0,1744931.3886354952,821124.5067999907,141.0
5768,36031.0,1744931.3886354961,811124.5067999897,1005.0
5769,36031.0,1744931.3886354961,801124.5067999902,145.0
5770,36031.0,1744931.3886354952,791124.5067999905,460.0
5771,36031.0,1744931.388635496,781124.506799991,74.0
5772,36031.0,1744931.388635496,771124.50679999,0.0
5773,36031.0,1744931.3886354954,761124.5067999932,15.0
5774,36031.0,1744931.3886354961,751124.5067999895,26.0
5775,36041.0,1744931.388635496,741124.5067999898,135.0
5776,36113.0,1744931.388635496,731124.5067999889,161.0
5777,36113.0,1744931.3886354961,721124.5067999879,4.0
5778,36113.0,1744931.3886354961,711124.5067999897,0.0
5779,36041.0,1744931.3886354966,701124.5067999888,141.0
5780,36041.0,1744931.388635496,691124.5067999878,249.0
5781,36041.0,1744931.3886354966,681124.5067999882,231.0
5782,36035.0,1744931.3886354966,671124.5067999887,929.0
5783,36035.0,1744931.3886354968,661124.5067999876,16623.0
5784,36035.0,1744931.3886354973,651124.5067999867,14491.0
5785,36057.0,1744931.3886354966,641124.506799987,3222.0
5786,36057.0,1744931.3886354973,631124.5067999861,1120.0
5787,36095.0,1744931.3886354968,621124.5067999851,2126.0
5788,36095.0,1744931.3886354973,611124.5067999869,3953.0
5789,36095.0,1744931.3886354966,601124.5067999874,489.0
5790,36095.0,1744931.3886354966,591124.5067999865,496.0
5791,36025.0,1744931.3886354966,581124.5067999868,1257.0
5792,36025.0,1744931.3886354961,571124.5067999873,1096.0
5793,36025.0,1744931.3886354968,561124.5067999878,1072.0
5794,36025.0,1744931.3886354961,551124.5067999881,1668.0
5795,36111.0,1744931.3886354973,541124.5067999843,68.0
5796,36105.0,1744931.3886354973,531124.5067999847,244.0
5797,36105.0,1744931.3886354966,521124.5067999866,1370.0
5798,36105.0,1744931.3886354973,511124.5067999842,7560.0
5799,36105.0,1744931.3886354973,501124.5067999846,3327.0
5800,36105.0,1744931.3886354961,491124.50679998787,993.0
5801,36105.0,1744931.3886354975,481124.5067999841,2034.0
5802,42103.0,1744931.3886354968,471124.5067999845,903.0
5803,42103.0,1744931.3886354973,461124.5067999849,6617.0
5804,42103.0,1744931.3886354973,451124.5067999839,4498.0
5805,42103.0,1744931.3886354973,441124.5067999829,2610.0
5806,34041.0,1744931.3886354968,431124.5067999834,1267.0
5807,34041.0,1744931.3886354973,421124.5067999852,6468.0
5808,34041.0,1744931.388635498,411124.5067999828,4460.0
5809,34041.0,1744931.3886354975,401124.50679998327,10903.0
5810,34041.0,1744931.3886354975,391124.5067999823,4671.0
5811,34019.0,1744931.388635498,381124.5067999827,8101.0
5812,42017.0,1744931.3886354975,371124.5067999831,7828.0
5813,42017.0,1744931.388635498,361124.5067999821,4863.0
5814,42017.0,1744931.3886354975,351124.50679998257,21311.0
5815,42017.0,1744931.3886354975,341124.5067999816,50681.0
5816,42091.0,1744931.388635498,331124.5067999806,53377.0
5817,42091.0,1744931.388635498,321124.506799981,66037.0
5818,42091.0,1744931.3886354975,311124.50679998146,177155.0
5819,42045.0,1744931.3886354973,301124.50679998327,243436.0
5820,34015.0,1744931.3886354975,291124.5067999823,44814.0
5821,34015.0,1744931.3886354982,281124.5067999799,17188.0
5822,34033.0,1744931.388635498,271124.50679998175,5717.0
5823,34033.0,1744931.3886354987,261124.50679998077,7291.0
5824,34033.0,1744931.388635498,251124.50679997835,1598.0
5825,,1744931.3886354982,241124.5067999788,0.0
5866,,1753591.6426733392,886124.5067999922,303.0
5867,36019.0,1753591.6426733397,876124.5067999911,1918.0
5868,36019.0,1753591.6426733404,866124.506799993,990.0
5869,36019.0,1753591.64267334,856124.5067999907,1679.0
5870,36019.0,1753591.6426733397,846124.506799991,3393.0
5871,36019.0,1753591.6426733397,836124.5067999901,756.0
5872,36019.0,1753591.6426733404,826124.5067999904,140.0
5873,36031.0,1753591.64267334,816124.5067999895,1651.0
5874,36031.0,1753591.6426733404,806124.50679999,846.0
5875,36031.0,1753591.64267334,796124.5067999889,588.0
5876,36031.0,1753591.6426733397,786124.5067999908,305.0
5877,36031.0,1753591.64267334,776124.5067999883,0.0
5878,36031.0,1753591.6426733404,766124.5067999902,6.0
5879,36031.0,1753591.6426733404,756124.5067999893,33.0
5880,36031.0,1753591.6426733406,746124.5067999882,427.0
5881,36113.0,1753591.64267334,736124.5067999901,1079.0
5882,36113.0,1753591.6426733404,726124.5067999878,1014.0
5883,36113.0,1753591.6426733404,716124.5067999881,138.0
5884,36113.0,1753591.6426733397,706124.5067999886,27.0
5885,36091.0,1753591.64267334,696124.5067999904,5.0
5886,36091.0,1753591.6426733404,686124.5067999866,451.0
5887,36035.0,1753591.64267334,676124.5067999884,2863.0
5888,36035.0,1753591.642673341,666124.5067999874,2194.0
5889,36035.0,1753591.6426733404,656124.5067999879,6274.0
5890,36057.0,1753591.64267334,646124.5067999869,17765.0
5891,36057.0,1753591.642673341,636124.5067999859,1079.0
5892,36095.0,1753591.642673341,626124.5067999878,2396.0
5893,36095.0,1753591.6426733413,616124.5067999853,3990.0
5894,36095.0,1753591.642673341,606124.5067999872,2748.0
5895,36095.0,1753591.6426733404,596124.506799989,709.0
5896,36095.0,1753591.642673341,586124.5067999866,698.0
5897,36039.0,1753591.642673341,576124.5067999857,853.0
5898,36039.0,1753591.6426733406,566124.5067999861,369.0
5899,36025.0,1753591.642673341,556124.5067999865,1199.0
5900,36111.0,1753591.6426733404,546124.5067999869,60.0
5901,36111.0,1753591.6426733406,536124.5067999859,114.0
5902,36105.0,1753591.642673341,526124.506799985,1391.0
5903,36105.0,1753591.6426733413,516124.50679998397,4257.0
5904,36105.0,1753591.6426733413,506124.5067999844,6822.0
5905,36105.0,1753591.642673341,496124.50679998624,8566.0
5906,36105.0,1753591.642673341,486124.50679998525,255.0
5907,36071.0,1753591.6426733413,476124.50679998286,2774.0
5908,42103.0,1753591.642673341,466124.5067999847,8306.0
5909,34037.0,1753591.642673341,456124.5067999865,3561.0
5910,34037.0,1753591.642673341,446124.50679998414,3090.0
5911,34037.0,1753591.6426733425,436124.50679998175,5713.0
5912,34037.0,1753591.642673341,426124.50679998356,3611.0
5913,34041.0,1753591.6426733418,416124.5067999826,6154.0
5914,34041.0,1753591.6426733413,406124.50679998443,6921.0
5915,34041.0,1753591.6426733413,396124.50679998344,16740.0
5916,34019.0,1753591.642673341,386124.5067999839,9612.0
5917,34019.0,1753591.6426733418,376124.50679998146,5593.0
5918,34019.0,1753591.6426733425,366124.5067999833,3497.0
5919,42017.0,1753591.642673342,356124.5067999795,12397.0
5920,42017.0,1753591.642673342,346124.5067999828,34985.0
5921,42017.0,1753591.6426733413,336124.5067999818,85723.0
5922,42091.0,1753591.642673342,326124.5067999822,104195.0
5923,42101.0,1753591.6426733425,316124.50679997983,415879.00000000006
5924,42101.0,1753591.6426733425,306124.50679998024,515971.00000000006
5925,,1753591.642673343,296124.50679997925,28191.0
5926,34015.0,1753591.6426733425,286124.5067999811,20835.0
5927,34033.0,1753591.642673342,276124.5067999815,7061.0
5928,34033.0,1753591.6426733418,266124.50679998053,2245.0
5929,34033.0,1753591.642673342,256124.50679997957,3595.0
5930,34011.0,1753591.642673342,246124.50679997858,1739.0
5931,,1753591.642673342,236124.506799979,13.0
5973,36019.0,1762251.896711183,881124.5067999938,4033.0
5974,36019.0,1762251.8967111837,871124.5067999914,1642.0
5975,36019.0,1762251.8967111837,861124.5067999932,3707.0
5976,36019.0,1762251.8967111842,851124.5067999908,20541.0
5977,36019.0,1762251.8967111835,841124.5067999926,6223.0
5978,36019.0,1762251.8967111844,831124.5067999903,1457.0
5979,36031.0,1762251.8967111844,821124.5067999907,1229.0
5980,36031.0,1762251.8967111842,811124.5067999911,176.0
5981,36031.0,1762251.8967111844,801124.5067999902,28.0
5982,36031.0,1762251.8967111837,791124.5067999905,122.0
5983,36031.0,1762251.8967111835,781124.506799991,8.0
5984,36031.0,1762251.8967111837,771124.5067999915,46.0
5985,36031.0,1762251.8967111835,761124.5067999904,43.0
5986,36031.0,1762251.8967111849,751124.5067999895,609.0
5987,36113.0,1762251.8967111844,741124.5067999884,935.0
5988,36113.0,1762251.8967111842,731124.5067999889,991.0
5989,36113.0,1762251.8967111849,721124.5067999908,413.0
5990,36113.0,1762251.8967111842,711124.5067999883,349.0
5991,36113.0,1762251.896711185,701124.5067999874,503.0
5992,36091.0,1762251.8967111837,691124.5067999891,645.0
5993,36091.0,1762251.8967111849,681124.5067999882,367.0
5994,36091.0,1762251.896711185,671124.5067999872,955.0
5995,36091.0,1762251.8967111844,661124.5067999905,3537.0
5996,36057.0,1762251.896711185,651124.5067999867,8914.0
5997,36057.0,1762251.8967111844,641124.506799987,1846.0
5998,36093.0,1762251.8967111844,631124.5067999889,3043.0
5999,36095.0,1762251.8967111849,621124.5067999866,2158.0
6000,36095.0,1762251.896711185,611124.5067999855,1105.0
6001,36095.0,1762251.896711185,601124.506799986,847.0
6002,36095.0,1762251.896711185,591124.5067999879,531.0
6003,36039.0,1762251.8967111849,581124.5067999868,668.0
6004,36039.0,1762251.8967111849,571124.5067999859,919.0
6005,36039.0,1762251.8967111849,561124.5067999862,412.0
6006,36111.0,1762251.8967111844,551124.5067999881,442.0
6007,36111.0,1762251.896711185,541124.5067999858,87.0
6008,36111.0,1762251.8967111849,531124.5067999861,505.0
6009,36111.0,1762251.896711185,521124.5067999852,1368.0
6010,36111.0,1762251.8967111849,511124.5067999856,3165.0
6011,36105.0,1762251.8967111849,501124.5067999846,3341.0
6012,36105.0,1762251.8967111856,491124.50679998647,1483.0
6013,36071.0,1762251.8967111858,481124.5067999826,2998.0
6014,36071.0,1762251.896711185,471124.5067999845,12554.0
6015,34037.0,1762251.896711185,461124.5067999849,2224.0
6016,34037.0,1762251.8967111858,451124.5067999825,5075.0
6017,34037.0,1762251.896711185,441124.5067999844,7257.0
6018,34037.0,1762251.8967111858,431124.5067999834,16514.0
6019,34037.0,1762251.8967111856,421124.5067999838,6460.0
6020,34027.0,1762251.896711185,411124.50679998426,34952.0
6021,34027.0,1762251.8967111856,401124.50679998467,9920.0
6022,34019.0,1762251.8967111856,391124.5067999851,14785.0
6023,34019.0,1762251.8967111863,381124.5067999827,13119.0
6024,34019.0,1762251.8967111863,371124.5067999831,13072.0
6025,34019.0,1762251.8967111858,361124.5067999821,7956.0
6026,42017.0,1762251.8967111858,351124.5067999811,13997.0
6027,42017.0,1762251.8967111867,341124.5067999802,42666.0
6028,42017.0,1762251.896711185,331124.50679998344,90113.0
6029,42101.0,1762251.8967111856,321124.5067999796,319292.0
6030,34007.0,1762251.8967111863,311124.50679998,233501.0
6031,34007.0,1762251.8967111863,301124.506799979,132957.0
6032,34015.0,1762251.8967111863,291124.5067999823,64887.0
6033,34015.0,1762251.8967111863,281124.5067999813,34067.0
6034,34033.0,1762251.8967111863,271124.50679998175,4405.0
6035,34011.0,1762251.8967111863,261124.50679998077,5504.0
6036,34011.0,1762251.8967111863,251124.50679997978,35139.0
6037,34011.0,1762251.8967111867,241124.5067999802,1906.0
6038,,1762251.8967111858,231124.50679997922,0.0
6078,50013.0,1770912.150749029,886124.5067999936,1985.0
6079,50013.0,1770912.1507490294,876124.5067999897,1049.0
6080,36019.0,1770912.150749029,866124.5067999902,1228.0
6081,36019.0,1770912.1507490287,856124.5067999907,4458.0
6082,36019.0,1770912.150749029,846124.506799991,8441.0
6083,36019.0,1770912.1507490287,836124.5067999915,2784.0
6084,36031.0,1770912.150749029,826124.5067999904,3144.0
6085,36031.0,1770912.1507490294,816124.5067999895,203.0
6086,36031.0,1770912.1507490287,806124.50679999,1048.0
6087,36031.0,1770912.150749029,796124.5067999918,1139.0
6088,36031.0,1770912.150749029,786124.5067999908,124.0
6089,36031.0,1770912.1507490294,776124.5067999898,83.0
6090,36031.0,1770912.1507490287,766124.5067999902,122.0
6091,36031.0,1770912.1507490294,756124.5067999907,768.0
6092,36031.0,1770912.1507490294,746124.5067999896,437.0
6093,36113.0,1770912.1507490296,736124.5067999901,1768.0
6094,36113.0,1770912.150749029,726124.5067999905,914.0
6095,36113.0,1770912.1507490287,716124.5067999881,3436.0
6096,36113.0,1770912.1507490294,706124.5067999886,584.0
6097,36091.0,1770912.1507490294,696124.5067999875,2559.0
6098,36091.0,1770912.15074903,686124.5067999866,590.0
6099,36091.0,1770912.1507490296,676124.5067999898,1129.0
6100,36091.0,1770912.1507490294,666124.5067999874,2630.0
6101,36091.0,1770912.1507490294,656124.5067999907,2388.0
6102,36093.0,1770912.15074903,646124.5067999869,4371.0
6103,36093.0,1770912.1507490305,636124.5067999873,3666.0
6104,36001.0,1770912.15074903,626124.5067999864,3491.0
6105,36001.0,1770912.1507490296,616124.5067999867,2022.0
6106,36001.0,1770912.15074903,606124.5067999872,771.0
6107,36001.0,1770912.1507490294,596124.5067999876,1026.0
6108,36039.0,1770912.1507490294,586124.5067999881,896.0
6109,36039.0,1770912.15074903,576124.5067999857,1598.0
6110,36039.0,1770912.1507490294,566124.5067999889,811.0
6111,36111.0,1770912.1507490296,556124.5067999865,1331.0
6112,36111.0,1770912.1507490305,546124.5067999841,1156.0
6113,36111.0,1770912.1507490305,536124.5067999859,358.0
6114,36111.0,1770912.1507490294,526124.5067999864,769.0
6115,36111.0,1770912.15074903,516124.50679998397,7189.0
6116,36111.0,1770912.1507490305,506124.50679998583,2469.0
6117,36105.0,1770912.1507490308,496124.50679998484,7177.0
6118,36071.0,1770912.1507490305,486124.50679998385,8054.0
6119,36071.0,1770912.1507490305,476124.50679998426,7318.0
6120,36071.0,1770912.15074903,466124.50679998327,4914.0
6121,34037.0,1770912.1507490305,456124.50679998373,11645.0
6122,34037.0,1770912.15074903,446124.50679998414,14720.0
6123,34037.0,1770912.15074903,436124.50679998315,17145.0
6124,34037.0,1770912.1507490305,426124.506799985,30435.0
6125,34027.0,1770912.1507490305,416124.506799984,46255.0
6126,34027.0,1770912.1507490308,406124.50679998304,13578.0
6127,34019.0,1770912.1507490305,396124.50679998344,4711.0
6128,34019.0,1770912.1507490308,386124.5067999839,10746.0
6129,34019.0,1770912.1507490308,376124.5067999829,17418.0
6130,34019.0,1770912.1507490305,366124.5067999833,6250.0
6131,34021.0,1770912.1507490312,356124.50679998094,5629.0
6132,42017.0,1770912.1507490308,346124.50679997995,36021.0
6133,42017.0,1770912.1507490312,336124.50679998036,90003.0
6134,42017.0,1770912.1507490305,326124.5067999836,113657.0
6135,34005.0,1770912.1507490308,316124.50679997983,69904.0
6136,34007.0,1770912.150749032,306124.50679998024,102157.0
6137,34007.0,1770912.1507490312,296124.50679997925,109738.0
6138,34015.0,1770912.1507490305,286124.50679997966,68340.0
6139,34015.0,1770912.1507490312,276124.5067999787,21414.0
6140,34033.0,1770912.1507490312,266124.50679997914,9234.0
6141,34011.0,1770912.1507490308,256124.50679998097,5515.0
6142,34011.0,1770912.1507490312,246124.50679997858,6683.0
6143,34011.0,1770912.1507490308,236124.50679998184,1840.0
6144,,1770912.150749032,226124.506799978,247.0
6184,,1779572.404786872,891124.5067999933,360.0
6185,50011.0,1779572.4047868727,881124.506799991,777.0
6186,50013.0,1779572.4047868727,871124.5067999914,540.0
6187,50013.0,1779572.4047868731,861124.5067999904,1041.0
6188,50013.0,1779572.4047868731,851124.5067999923,2279.0
6189,50013.0,1779572.4047868731,841124.5067999898,560.0
6190,36031.0,1779572.4047868727,831124.5067999888,487.0
6191,36031.0,1779572.4047868724,821124.5067999907,913.0
6192,36031.0,1779572.4047868731,811124.5067999897,1331.0
6193,36031.0,1779572.4047868734,801124.5067999902,728.0
6194,36031.0,1779572.4047868731,791124.5067999919,292.0
6195,36031.0,1779572.4047868734,781124.5067999882,4061.0
6196,36031.0,1779572.4047868727,771124.50679999,463.0
6197,36031.0,1779572.4047868734,761124.506799989,153.0
6198,36031.0,1779572.4047868731,751124.5067999923,43.0
6199,36113.0,1779572.4047868731,741124.5067999884,175.0
6200,36113.0,1779572.4047868738,731124.5067999889,666.0
6201,36113.0,1779572.4047868734,721124.5067999908,1744.0
6202,36113.0,1779572.4047868734,711124.5067999883,3538.0
6203,36113.0,1779572.4047868724,701124.5067999916,2313.0
6204,36113.0,1779572.4047868738,691124.5067999891,5480.0
6205,36091.0,1779572.4047868724,681124.5067999896,4266.0
6206,36091.0,1779572.4047868738,671124.5067999872,11991.0
6207,36091.0,1779572.4047868734,661124.506799989,20602.0
6208,36091.0,1779572.4047868738,651124.5067999867,13565.0
6209,36093.0,1779572.4047868738,641124.5067999886,83322.0
6210,36001.0,1779572.4047868738,631124.5067999875,37521.0
6211,36001.0,1779572.4047868743,621124.5067999851,4533.0
6212,36001.0,1779572.4047868731,611124.5067999898,1689.0
6213,36001.0,1779572.4047868738,601124.506799986,1857.0
6214,36039.0,1779572.4047868738,591124.5067999879,3238.0
6215,36039.0,1779572.4047868745,581124.5067999854,1149.0
6216,36039.0,1779572.4047868734,571124.5067999859,1449.0
6217,36039.0,1779572.4047868743,561124.5067999862,283.0
6218,36111.0,1779572.4047868731,551124.5067999881,1971.0
6219,36111.0,1779572.404786875,541124.5067999843,2552.0
6220,36111.0,1779572.4047868745,531124.5067999847,2645.0
6221,36111.0,1779572.4047868734,521124.506799988,5142.0
6222,36111.0,1779572.4047868738,511124.5067999856,2473.0
6223,36111.0,1779572.4047868743,501124.506799986,8815.0
6224,36071.0,1779572.4047868745,491124.50679998647,13238.0
6225,36071.0,1779572.4047868734,481124.5067999869,43219.0
6226,36071.0,1779572.4047868743,471124.5067999831,3896.0
6227,36071.0,1779572.4047868738,461124.5067999849,8850.0
6228,34037.0,1779572.404786875,451124.5067999839,12349.0
6229,34037.0,1779572.404786875,441124.5067999815,7997.0
6230,34027.0,1779572.4047868745,431124.5067999834,10283.0
6231,34027.0,1779572.4047868752,421124.5067999838,58282.0
6232,34027.0,1779572.404786875,411124.5067999828,24820.0
6233,34035.0,1779572.4047868752,401124.5067999818,12302.0
6234,34035.0,1779572.4047868752,391124.5067999837,24694.0
6235,34035.0,1779572.4047868743,381124.5067999827,40865.0
6236,34035.0,1779572.4047868743,371124.50679998455,11157.0
6237,34021.0,1779572.404786875,361124.50679998356,11309.0
6238,34021.0,1779572.404786875,351124.50679998257,61729.0
6239,42017.0,1779572.404786875,341124.506799983,126427.0
6240,34005.0,1779572.404786875,331124.506799982,73970.0
6241,34005.0,1779572.4047868745,321124.506799981,65633.0
6242,34005.0,1779572.4047868745,311124.50679998,55477.0
6243,34005.0,1779572.4047868752,301124.5067999805,49603.0
6244,34007.0,1779572.4047868757,291124.5067999823,39693.0
6245,34015.0,1779572.4047868757,281124.5067999799,34688.0
6246,34015.0,1779572.4047868745,271124.50679998036,6661.0
6247,34011.0,1779572.4047868766,261124.50679997934,49160.0
6248,34011.0,1779572.4047868757,251124.5067999812,30492.0
6249,34011.0,1779572.4047868752,241124.5067999816,4463.0
6250,34011.0,1779572.4047868764,231124.50679997922,997.0
6251,,1779572.4047868757,221124.5067999768,0.0
6252,,1779572.4047868764,211124.50679997724,0.0
6289,,1788232.6588247176,896124.5067999917,55.0
6290,50011.0,1788232.6588247172,886124.5067999908,3810.0
6291,50011.0,1788232.6588247176,876124.5067999897,4430.0
6292,50011.0,1788232.6588247172,866124.5067999902,2700.0
6293,50007.0,1788232.658824717,856124.506799992,3042.0
6294,50007.0,1788232.6588247172,846124.5067999924,2082.0
6295,50007.0,1788232.6588247176,836124.5067999915,22718.0
6296,50007.0,1788232.6588247176,826124.5067999904,1445.0
6297,50007.0,1788232.658824717,816124.5067999895,720.0
6298,36031.0,1788232.658824717,806124.50679999,346.0
6299,50001.0,1788232.6588247172,796124.5067999903,843.0
6300,50001.0,1788232.658824718,786124.5067999894,810.0
6301,36031.0,1788232.6588247176,776124.5067999898,1179.0
6302,36031.0,1788232.6588247176,766124.5067999902,1578.0
6303,36031.0,1788232.6588247176,756124.5067999907,959.0
6304,36113.0,1788232.658824718,746124.5067999882,538.0
6305,36113.0,1788232.658824718,736124.5067999873,125.0
6306,36115.0,1788232.6588247176,726124.5067999891,126.0
6307,36115.0,1788232.658824718,716124.5067999881,925.0
6308,36113.0,1788232.658824718,706124.5067999886,7267.0
6309,36113.0,1788232.6588247183,696124.506799989,43009.0
6310,36091.0,1788232.6588247172,686124.5067999866,5072.0
6311,36091.0,1788232.6588247183,676124.506799987,20638.0
6312,36091.0,1788232.658824718,666124.5067999889,16995.0
6313,36091.0,1788232.658824717,656124.5067999893,17170.0
6314,36091.0,1788232.6588247176,646124.5067999869,28124.0
6315,36093.0,1788232.6588247172,636124.5067999887,41905.0
6316,36001.0,1788232.6588247176,626124.5067999864,35460.0
6317,36001.0,1788232.6588247176,616124.5067999853,7989.0
6318,36001.0,1788232.6588247183,606124.5067999858,1380.0
6319,36039.0,1788232.658824718,596124.5067999862,2602.0
6320,36039.0,1788232.6588247188,586124.5067999866,4502.0
6321,36039.0,1788232.6588247183,576124.5067999857,2144.0
6322,36039.0,1788232.658824718,566124.5067999889,2709.0
6323,36111.0,1788232.6588247183,556124.5067999865,3712.0
6324,36111.0,1788232.6588247183,546124.5067999855,5044.0
6325,36111.0,1788232.6588247183,536124.5067999845,3160.0
6326,36111.0,1788232.6588247188,526124.506799985,3647.0
6327,36111.0,1788232.6588247188,516124.50679998397,2507.0
6328,36111.0,1788232.658824718,506124.50679998583,7040.0
6329,36071.0,1788232.6588247188,496124.50679998624,9917.0
6330,36071.0,1788232.6588247188,486124.50679998245,6900.0
6331,36071.0,1788232.658824719,476124.50679998426,17536.0
6332,36071.0,1788232.6588247188,466124.50679998327,16689.0
6333,34031.0,1788232.6588247183,456124.50679998513,11036.0
6334,34031.0,1788232.6588247195,446124.50679998414,11619.0
6335,34031.0,1788232.6588247183,436124.50679998315,9596.0
6336,34027.0,1788232.6588247183,426124.50679998216,31547.0
6337,34027.0,1788232.6588247188,416124.5067999812,66667.0
6338,34027.0,1788232.658824719,406124.50679998164,15959.0
6339,34035.0,1788232.6588247188,396124.50679998344,31447.0
6340,34035.0,1788232.6588247188,386124.50679998245,62837.0
6341,34035.0,1788232.658824719,376124.50679998146,33722.0
6342,34035.0,1788232.658824719,366124.5067999833,30396.0
6343,34021.0,1788232.658824719,356124.50679998234,48362.0
6344,34021.0,1788232.658824719,346124.50679998135,103749.0
6345,34005.0,1788232.6588247195,336124.5067999818,25474.0
6346,34005.0,1788232.6588247195,326124.5067999822,7297.0
6347,34005.0,1788232.6588247197,316124.50679997983,29652.0
6348,34005.0,1788232.6588247202,306124.50679998024,26017.0
6349,34007.0,1788232.6588247195,296124.50679998065,7347.0
6350,34007.0,1788232.6588247197,286124.50679997826,10843.0
6351,34001.0,1788232.6588247202,276124.5067999787,5826.0
6352,34001.0,1788232.6588247195,266124.50679998053,8249.0
6353,34011.0,1788232.6588247202,256124.50679998097,6572.0
6354,34011.0,1788232.6588247197,246124.50679997998,1764.0
6355,34011.0,1788232.6588247197,236124.5067999776,7573.0
6356,,1788232.6588247197,226124.50679997943,89.0
6357,,1788232.6588247202,216124.50679997704,0.0
6358,,1788232.6588247197,206124.5067999803,0.0
6396,50011.0,1796892.912862561,891124.5067999919,1158.0
6397,50011.0,1796892.912862562,881124.506799991,3115.0
6398,50011.0,1796892.9128625619,871124.5067999914,10455.0
6399,50011.0,1796892.9128625619,861124.5067999918,2813.0
6400,50007.0,1796892.9128625614,851124.5067999923,8797.0
6401,50007.0,1796892.912862562,841124.5067999898,8421.0
6402,50007.0,1796892.9128625619,831124.5067999888,62719.0
6403,50007.0,1796892.912862562,821124.5067999907,8669.0
6404,50007.0,1796892.912862562,811124.5067999883,3219.0
6405,50001.0,1796892.912862562,801124.5067999902,4360.0
6406,50001.0,1796892.9128625619,791124.5067999905,1058.0
6407,50001.0,1796892.912862562,781124.5067999896,1220.0
6408,50001.0,1796892.9128625614,771124.5067999872,879.0
6409,50001.0,1796892.9128625626,761124.506799989,3924.0
6410,36115.0,1796892.912862562,751124.5067999895,611.0
6411,36115.0,1796892.9128625626,741124.5067999884,387.0
6412,36115.0,1796892.9128625619,731124.5067999889,407.0
6413,36115.0,1796892.9128625614,721124.5067999908,465.0
6414,36115.0,1796892.9128625626,711124.5067999883,2640.0
6415,36115.0,1796892.9128625626,701124.5067999888,13969.0
6416,36115.0,1796892.9128625619,691124.5067999891,6646.0
6417,36091.0,1796892.9128625633,681124.5067999868,5029.0
6418,36091.0,1796892.9128625619,671124.5067999901,3151.0
6419,36091.0,1796892.9128625628,661124.5067999876,6393.0
6420,36091.0,1796892.912862562,651124.5067999881,18098.0
6421,36001.0,1796892.9128625633,641124.506799987,47412.0
6422,36001.0,1796892.9128625619,631124.5067999875,75685.0
6423,36001.0,1796892.9128625626,621124.5067999851,94749.0
6424,36001.0,1796892.9128625626,611124.5067999869,5489.0
6425,36039.0,1796892.9128625628,601124.5067999874,6484.0
6426,36039.0,1796892.912862562,591124.5067999879,5678.0
6427,36039.0,1796892.9128625626,581124.5067999868,4713.0
6428,36039.0,1796892.9128625628,571124.5067999873,2474.0
6429,36111.0,1796892.9128625628,561124.5067999862,12413.0
6430,36111.0,1796892.9128625628,551124.5067999853,10527.0
6431,36111.0,1796892.9128625628,541124.5067999872,36333.0
6432,36111.0,1796892.9128625626,531124.5067999861,7585.0
6433,36111.0,1796892.9128625633,521124.5067999866,14766.0
6434,36111.0,1796892.9128625635,511124.5067999842,9278.0
6435,36071.0,1796892.9128625628,501124.5067999832,18012.0
6436,36071.0,1796892.9128625628,491124.506799985,9235.0
6437,36071.0,1796892.9128625626,481124.5067999869,13568.0
6438,36071.0,1796892.9128625628,471124.5067999845,19217.0
6439,36071.0,1796892.9128625633,461124.5067999849,7060.0
6440,34031.0,1796892.912862564,451124.5067999839,7776.0
6441,34031.0,1796892.912862564,441124.5067999829,32106.0
6442,34027.0,1796892.9128625635,431124.5067999834,40127.0
6443,34027.0,1796892.9128625633,421124.5067999824,61049.0
6444,34027.0,1796892.9128625633,411124.5067999814,61024.0
6445,34039.0,1796892.912862564,401124.50679998327,48412.0
6446,34035.0,1796892.9128625642,391124.5067999823,138355.0
6447,34035.0,1796892.9128625635,381124.5067999841,117419.0
6448,34023.0,1796892.9128625633,371124.5067999817,69828.0
6449,34023.0,1796892.9128625642,361124.5067999807,35799.0
6450,34021.0,1796892.9128625628,351124.5067999811,35035.0
6451,34025.0,1796892.9128625635,341124.5067999816,12318.0
6452,34005.0,1796892.912862564,331124.5067999806,12194.0
6453,34005.0,1796892.9128625635,321124.506799981,14735.0
6454,34005.0,1796892.9128625642,311124.5067999786,8528.0
6455,34005.0,1796892.9128625642,301124.5067999805,6825.0
6456,34001.0,1796892.912862564,291124.5067999795,323.0
6457,34001.0,1796892.9128625635,281124.5067999785,14752.0
6458,34001.0,1796892.9128625642,271124.50679998036,1986.0
6459,34001.0,1796892.9128625642,261124.50679998077,4393.0
6460,34001.0,1796892.912862564,251124.50679997978,2582.0
6461,34009.0,1796892.9128625642,241124.50679997736,702.0
6462,34009.0,1796892.9128625647,231124.50679998062,908.0
6463,,1796892.912862565,221124.5067999768,1297.0
6464,,1796892.912862564,211124.50679997867,20625.0
6465,,1796892.912862564,201124.5067999805,3170.0
6466,,1796892.9128625642,191124.5067999795,0.0
6501,50011.0,1805553.166900406,896124.5067999917,652.0
6502,50011.0,1805553.1669004052,886124.5067999908,1199.0
6503,50011.0,1805553.1669004057,876124.5067999897,710.0
6504,50011.0,1805553.1669004064,866124.5067999916,979.0
6505,50011.0,1805553.1669004064,856124.5067999907,3614.0
6506,50007.0,1805553.1669004057,846124.506799991,2413.0
6507,50007.0,1805553.1669004057,836124.5067999915,13690.0
6508,50007.0,1805553.166900406,826124.5067999919,4680.0
6509,50007.0,1805553.1669004057,816124.5067999909,4125.0
6510,50001.0,1805553.1669004057,806124.5067999928,1762.0
6511,50001.0,1805553.1669004064,796124.5067999889,1534.0
6512,50001.0,1805553.166900406,786124.5067999894,6119.0
6513,50001.0,1805553.1669004064,776124.5067999898,1169.0
6514,50001.0,1805553.1669004066,766124.5067999888,1036.0
6515,50001.0,1805553.1669004057,756124.5067999907,948.0
6516,50021.0,1805553.1669004066,746124.5067999882,877.0
6517,36115.0,1805553.1669004064,736124.5067999887,739.0
6518,36115.0,1805553.1669004064,726124.5067999905,3382.0
6519,36115.0,1805553.166900407,716124.5067999867,3924.0
6520,36115.0,1805553.1669004066,706124.5067999886,1874.0
6521,36115.0,1805553.1669004066,696124.506799989,2258.0
6522,36115.0,1805553.1669004066,686124.5067999866,1725.0
6523,36115.0,1805553.166900407,676124.506799987,6263.0
6524,36115.0,1805553.1669004066,666124.5067999874,1174.0
6525,36083.0,1805553.166900407,656124.5067999879,3068.0
6526,36083.0,1805553.1669004064,646124.5067999883,7999.0
6527,36083.0,1805553.1669004066,636124.5067999859,71856.0
6528,36083.0,1805553.166900407,626124.5067999864,26932.0
6529,36083.0,1805553.1669004064,616124.5067999867,14065.0
6530,36083.0,1805553.1669004066,606124.5067999872,4156.0
6531,36021.0,1805553.1669004064,596124.5067999876,5235.0
6532,36039.0,1805553.1669004064,586124.5067999866,12031.0
6533,36021.0,1805553.1669004066,576124.506799987,8320.0
6534,36021.0,1805553.1669004064,566124.5067999875,3638.0
6535,36027.0,1805553.1669004078,556124.5067999851,10580.0
6536,36027.0,1805553.1669004073,546124.5067999841,7935.0
6537,36111.0,1805553.166900407,536124.5067999845,5902.0
6538,36111.0,1805553.166900407,526124.506799985,10112.0
6539,36111.0,1805553.1669004066,516124.50679998536,10956.0
6540,36111.0,1805553.166900407,506124.5067999844,13594.0
6541,36071.0,1805553.166900406,496124.50679998763,59117.0
6542,36071.0,1805553.166900408,486124.50679998245,19320.0
6543,36071.0,1805553.1669004078,476124.50679998286,37974.0
6544,36071.0,1805553.1669004085,466124.50679998327,1353.0
6545,36087.0,1805553.1669004073,456124.50679998373,9623.0
6546,34003.0,1805553.1669004066,446124.50679998414,35439.0
6547,34031.0,1805553.166900407,436124.50679998455,66312.0
6548,34031.0,1805553.166900407,426124.50679998356,68201.0
6549,34013.0,1805553.1669004073,416124.5067999812,98791.0
6550,34039.0,1805553.166900407,406124.50679998304,120666.0
6551,34039.0,1805553.166900408,396124.50679998065,140072.0
6552,34023.0,1805553.1669004073,386124.50679998245,127280.0
6553,34023.0,1805553.166900408,376124.50679998146,103583.0
6554,34023.0,1805553.1669004078,366124.5067999833,45877.0
6555,34023.0,1805553.1669004073,356124.50679998094,25445.0
6556,34025.0,1805553.1669004073,346124.50679998135,6034.0
6557,34025.0,1805553.166900408,336124.5067999832,10123.0
6558,34005.0,1805553.1669004085,326124.5067999808,11716.0
6559,34005.0,1805553.1669004085,316124.50679997983,12400.0
6560,34005.0,1805553.1669004085,306124.50679998024,601.0
6561,34005.0,1805553.1669004078,296124.50679998065,0.0
6562,34005.0,1805553.166900408,286124.50679997826,978.0
6563,34001.0,1805553.166900408,276124.5067999801,4898.0
6564,34001.0,1805553.1669004085,266124.50679997914,10390.0
6565,34001.0,1805553.1669004085,256124.50679998097,4547.0
6566,34001.0,1805553.166900408,246124.50679997858,1784.0
6567,34009.0,1805553.1669004085,236124.50679998042,4872.0
6568,34009.0,1805553.1669004092,226124.506799978,6495.0
6569,34009.0,1805553.1669004092,216124.50679997844,12023.0
6570,34009.0,1805553.1669004087,206124.50679997887,12456.0
6607,,1814213.420938251,901124.5067999915,478.0
6608,50011.0,1814213.4209382515,891124.5067999919,2004.0
6609,50011.0,1814213.4209382501,881124.5067999924,1651.0
6610,50011.0,1814213.4209382504,871124.5067999928,1104.0
6611,50015.0,1814213.420938251,861124.5067999904,2411.0
6612,50007.0,1814213.420938251,851124.5067999937,2115.0
6613,50007.0,1814213.4209382508,841124.5067999898,3558.0
6614,50007.0,1814213.420938251,831124.5067999917,4036.0
6615,50007.0,1814213.4209382508,821124.506799992,1713.0
6616,50001.0,1814213.420938251,811124.5067999883,1285.0
6617,50001.0,1814213.420938251,801124.5067999902,3232.0
6618,50001.0,1814213.420938251,791124.5067999905,1354.0
6619,50001.0,1814213.420938251,781124.5067999882,3619.0
6620,50001.0,1814213.4209382508,771124.5067999886,1332.0
6621,50021.0,1814213.4209382504,761124.5067999918,1009.0
6622,50021.0,1814213.4209382515,751124.5067999895,846.0
6623,50021.0,1814213.420938251,741124.5067999884,3969.0
6624,36115.0,1814213.4209382515,731124.5067999875,4620.0
6625,36115.0,1814213.420938251,721124.5067999894,2660.0
6626,36115.0,1814213.420938251,711124.5067999883,2143.0
6627,36115.0,1814213.4209382515,701124.5067999874,1082.0
6628,36115.0,1814213.4209382508,691124.5067999878,1566.0
6629,36115.0,1814213.420938251,681124.5067999868,2171.0
6630,36115.0,1814213.420938251,671124.5067999887,2256.0
6631,36083.0,1814213.420938251,661124.506799989,2233.0
6632,36083.0,1814213.4209382522,651124.5067999853,2857.0
6633,36083.0,1814213.4209382508,641124.5067999886,3054.0
6634,36083.0,1814213.420938251,631124.5067999875,9030.0
6635,36083.0,1814213.420938251,621124.5067999866,5884.0
6636,36083.0,1814213.4209382518,611124.5067999855,5115.0
6637,36021.0,1814213.4209382525,601124.506799986,7088.0
6638,36021.0,1814213.4209382515,591124.506799985,3346.0
6639,36021.0,1814213.4209382515,581124.5067999854,6398.0
6640,36021.0,1814213.4209382522,571124.5067999859,2449.0
6641,36021.0,1814213.420938251,561124.5067999878,3058.0
6642,36027.0,1814213.420938251,551124.5067999881,3182.0
6643,36027.0,1814213.4209382522,541124.5067999858,3646.0
6644,36027.0,1814213.4209382525,531124.5067999861,13556.0
6645,36027.0,1814213.4209382515,521124.5067999866,64634.0
6646,36027.0,1814213.4209382522,511124.5067999856,36872.0
6647,36027.0,1814213.420938251,501124.50679998746,38101.0
6648,36079.0,1814213.4209382515,491124.506799985,13503.0
6649,36071.0,1814213.4209382522,481124.5067999826,11551.0
6650,36087.0,1814213.420938253,471124.5067999831,7027.0
6651,36087.0,1814213.4209382518,461124.5067999849,36760.0
6652,36087.0,1814213.420938253,451124.5067999825,119646.0
6653,34003.0,1814213.4209382525,441124.5067999858,94836.0
6654,34031.0,1814213.4209382522,431124.50679998193,316488.0
6655,34013.0,1814213.4209382518,421124.5067999838,263111.0
6656,34013.0,1814213.420938253,411124.5067999828,506675.00000000006
6657,34039.0,1814213.4209382522,401124.5067999818,249689.0
6658,34023.0,1814213.420938253,391124.5067999808,136484.0
6659,34023.0,1814213.4209382532,381124.50679997983,103434.0
6660,34023.0,1814213.420938253,371124.5067999803,54982.0
6661,34025.0,1814213.420938253,361124.5067999821,42203.0
6662,34025.0,1814213.4209382525,351124.5067999797,14678.0
6663,34029.0,1814213.420938253,341124.5067999816,12162.0
6664,34029.0,1814213.4209382532,331124.506799982,649.0
6665,34029.0,1814213.420938253,321124.5067999796,1303.0
6666,34005.0,1814213.4209382525,311124.50679998,244.0
6667,34005.0,1814213.4209382525,301124.5067999805,275.0
6668,34005.0,1814213.4209382532,291124.5067999795,81.0
6669,34005.0,1814213.4209382532,281124.5067999785,1205.0
6670,34001.0,1814213.420938253,271124.50679998036,11859.0
6671,34001.0,1814213.4209382536,261124.50679997934,32701.0
6672,34001.0,1814213.4209382536,251124.50679997835,22437.0
6673,34009.0,1814213.4209382543,241124.50679997736,10378.0
6674,34009.0,1814213.4209382536,231124.50679997922,5383.0
6675,,1814213.4209382525,221124.50679997966,2365.0
6676,,1814213.4209382536,211124.50679997724,5587.0
6712,,1822873.6749760949,906124.5067999912,3.0
6713,50011.0,1822873.6749760953,896124.5067999931,2204.0
6714,50011.0,1822873.6749760946,886124.5067999936,832.0
6715,50011.0,1822873.6749760946,876124.5067999926,461.0
6716,50015.0,1822873.6749760956,866124.5067999902,959.0
6717,50015.0,1822873.6749760956,856124.5067999891,900.0
6718,50015.0,1822873.6749760956,846124.506799991,824.0
6719,50007.0,1822873.6749760949,836124.5067999901,435.0
6720,50023.0,1822873.6749760953,826124.5067999904,600.0
6721,50023.0,1822873.6749760949,816124.5067999909,1074.0
6722,50023.0,1822873.6749760956,806124.50679999,554.0
6723,50001.0,1822873.674976096,796124.5067999889,1200.0
6724,50001.0,1822873.6749760956,786124.5067999922,533.0
6725,50001.0,1822873.6749760953,776124.5067999898,272.0
6726,50021.0,1822873.6749760953,766124.5067999902,3164.0
6727,50021.0,1822873.6749760942,756124.5067999907,1583.0
6728,50021.0,1822873.6749760953,746124.5067999911,820.0
6729,50021.0,1822873.6749760956,736124.5067999873,2033.0
6730,50021.0,1822873.674976096,726124.5067999878,1142.0
6731,50021.0,1822873.6749760953,716124.5067999895,3505.0
6732,50003.0,1822873.6749760949,706124.50679999,945.0
6733,36115.0,1822873.6749760953,696124.5067999875,901.0
6734,36115.0,1822873.6749760956,686124.506799988,1366.0
6735,36115.0,1822873.6749760953,676124.5067999898,2222.0
6736,36115.0,1822873.6749760963,666124.5067999874,2139.0
6737,36083.0,1822873.6749760956,656124.5067999879,5120.0
6738,36083.0,1822873.6749760956,646124.5067999883,1702.0
6739,36083.0,1822873.6749760963,636124.5067999859,933.0
6740,36083.0,1822873.6749760963,626124.5067999891,2155.0
6741,36083.0,1822873.6749760967,616124.5067999853,1974.0
6742,36021.0,1822873.674976096,606124.5067999872,1574.0
6743,36021.0,1822873.6749760956,596124.5067999862,4483.0
6744,36021.0,1822873.6749760967,586124.5067999852,2574.0
6745,36021.0,1822873.6749760963,576124.506799987,1476.0
6746,36021.0,1822873.6749760967,566124.5067999846,1181.0
6747,36027.0,1822873.6749760967,556124.5067999879,2591.0
6748,36027.0,1822873.6749760956,546124.5067999855,2331.0
6749,36027.0,1822873.674976096,536124.5067999859,3245.0
6750,36027.0,1822873.6749760963,526124.506799985,7872.0
6751,36027.0,1822873.674976096,516124.50679998536,17533.0
6752,36027.0,1822873.6749760967,506124.50679998583,24301.0
6753,36079.0,1822873.674976096,496124.50679998624,2468.0
6754,36079.0,1822873.6749760963,486124.50679998385,8947.0
6755,36119.0,1822873.6749760967,476124.50679998426,48110.0
6756,,1822873.6749760963,466124.5067999847,49852.0
6757,36087.0,1822873.6749760956,456124.5067999865,81237.0
6758,34003.0,1822873.6749760974,446124.50679998414,83386.0
6759,34003.0,1822873.6749760963,436124.50679998455,153782.0
6760,34003.0,1822873.6749760963,426124.50679998356,231069.0
6761,,1822873.674976097,416124.5067999812,246794.0
6762,34017.0,1822873.6749760967,406124.50679998443,174825.0
6763,36085.0,1822873.674976097,396124.50679998065,265427.0
6764,,1822873.674976097,386124.50679998245,65605.0
6765,34025.0,1822873.6749760974,376124.5067999829,80510.0
6766,34025.0,1822873.6749760977,366124.50679998193,32728.0
6767,34025.0,1822873.6749760977,356124.5067999795,53907.0
6768,34029.0,1822873.6749760981,346124.50679997995,47183.0
6769,34029.0,1822873.6749760977,336124.50679998036,17175.0
6770,34029.0,1822873.674976097,326124.5067999822,20647.0
6771,34029.0,1822873.6749760967,316124.50679997983,2301.0
6772,34029.0,1822873.6749760974,306124.50679997884,95.0
6773,34005.0,1822873.6749760981,296124.50679997925,21.0
6774,34005.0,1822873.6749760977,286124.50679997826,1108.0
6775,34001.0,1822873.674976097,276124.5067999801,6532.0
6776,34001.0,1822873.6749760981,266124.50679998053,36339.0
6777,34001.0,1822873.6749760974,256124.50679997815,50739.0
6778,,1822873.6749760981,246124.50679997998,10625.0
6779,,1822873.6749760981,236124.5067999776,0.0
6819,50019.0,1831533.9290139393,901124.5067999944,329.0
6820,50011.0,1831533.9290139405,891124.5067999905,406.0
6821,50011.0,1831533.9290139398,881124.506799991,341.0
6822,50015.0,1831533.92901394,871124.5067999914,611.0
6823,50015.0,1831533.9290139393,861124.5067999918,4392.0
6824,50015.0,1831533.92901394,851124.5067999908,1305.0
6825,50015.0,1831533.9290139393,841124.5067999898,3402.0
6826,50023.0,1831533.92901394,831124.5067999903,3771.0
6827,50023.0,1831533.92901394,821124.5067999907,3024.0
6828,50023.0,1831533.9290139405,811124.5067999897,2444.0
6829,50023.0,1831533.92901394,801124.5067999887,1461.0
6830,50001.0,1831533.9290139398,791124.5067999891,184.0
6831,50001.0,1831533.9290139398,781124.5067999882,273.0
6832,50027.0,1831533.9290139398,771124.5067999886,121.0
6833,50021.0,1831533.9290139405,761124.506799989,612.0
6834,50021.0,1831533.9290139405,751124.506799988,5008.0
6835,50021.0,1831533.92901394,741124.5067999884,18231.0
6836,50021.0,1831533.9290139398,731124.5067999889,1194.0
6837,50021.0,1831533.9290139405,721124.5067999908,959.0
6838,50021.0,1831533.92901394,711124.5067999869,683.0
6839,50003.0,1831533.9290139405,701124.5067999902,849.0
6840,50003.0,1831533.9290139405,691124.5067999878,292.0
6841,50003.0,1831533.9290139405,681124.5067999868,1981.0
6842,50003.0,1831533.9290139407,671124.5067999872,2614.0
6843,50003.0,1831533.9290139407,661124.506799989,6055.0
6844,36083.0,1831533.9290139405,651124.5067999867,968.0
6845,36083.0,1831533.9290139407,641124.506799987,1503.0
6846,36083.0,1831533.92901394,631124.5067999875,1082.0
6847,36083.0,1831533.9290139407,621124.5067999866,1751.0
6848,36021.0,1831533.9290139412,611124.5067999869,2191.0
6849,36021.0,1831533.9290139412,601124.506799986,1502.0
6850,36021.0,1831533.9290139405,591124.5067999865,773.0
6851,36021.0,1831533.9290139407,581124.5067999868,1760.0
6852,36021.0,1831533.9290139405,571124.5067999873,2365.0
6853,36021.0,1831533.9290139414,561124.5067999862,1026.0
6854,36027.0,1831533.9290139412,551124.5067999881,1077.0
6855,36027.0,1831533.9290139405,541124.5067999858,1546.0
6856,36027.0,1831533.9290139407,531124.5067999861,4007.0
6857,36027.0,1831533.9290139407,521124.5067999852,6043.0
6858,36027.0,1831533.929013942,511124.5067999842,16750.0
6859,36079.0,1831533.9290139407,501124.506799986,7397.0
6860,36079.0,1831533.9290139414,491124.5067999836,16691.0
6861,36119.0,1831533.929013942,481124.5067999841,39535.0
6862,36119.0,1831533.9290139407,471124.5067999845,13054.0
6863,36119.0,1831533.9290139412,461124.5067999835,44280.0
6864,,1831533.9290139407,451124.5067999839,51215.0
6865,34003.0,1831533.9290139414,441124.5067999829,131564.0
6866,34003.0,1831533.9290139405,431124.5067999848,669446.0000000001
6867,36061.0,1831533.9290139412,421124.5067999852,1228922.0
6868,36061.0,1831533.9290139412,411124.5067999828,1030540.0
6869,36047.0,1831533.9290139412,401124.5067999818,653299.0
6870,,1831533.929013942,391124.5067999837,905.0
6871,,1831533.929013942,381124.5067999813,48833.0
6872,34025.0,1831533.929013942,371124.50679998455,49678.0
6873,34025.0,1831533.9290139426,361124.5067999821,10164.0
6874,34025.0,1831533.9290139414,351124.5067999811,17665.0
6875,34029.0,1831533.9290139426,341124.5067999816,97695.0
6876,34029.0,1831533.9290139414,331124.5067999806,68585.0
6877,34029.0,1831533.9290139428,321124.5067999796,15793.0
6878,34029.0,1831533.9290139414,311124.50679998,74.0
6879,34029.0,1831533.9290139421,301124.5067999805,21552.0
6880,34029.0,1831533.929013942,291124.5067999809,6661.0
6881,34029.0,1831533.9290139421,281124.5067999785,18286.0
6882,,1831533.9290139414,271124.5067999789,1583.0
6883,,1831533.9290139421,261124.50679998077,45552.0
6884,,1831533.9290139421,251124.50679997978,3927.0
6924,,1840194.1830517831,906124.5067999912,856.0
6925,50019.0,1840194.1830517836,896124.5067999917,1050.0
6926,50019.0,1840194.1830517845,886124.5067999922,682.0
6927,50019.0,1840194.1830517843,876124.5067999897,662.0
6928,50015.0,1840194.1830517838,866124.5067999902,864.0
6929,50015.0,1840194.1830517838,856124.5067999907,4797.0
6930,50015.0,1840194.1830517836,846124.506799991,1391.0
6931,50023.0,1840194.1830517838,836124.5067999901,1009.0
6932,50023.0,1840194.1830517843,826124.5067999904,1551.0
6933,50023.0,1840194.1830517836,816124.5067999895,919.0
6934,50023.0,1840194.1830517838,806124.50679999,4878.0
6935,50023.0,1840194.183051785,796124.5067999889,342.0
6936,50017.0,1840194.1830517838,786124.5067999894,469.0
6937,50027.0,1840194.1830517836,776124.5067999898,1057.0
6938,50021.0,1840194.1830517838,766124.5067999888,569.0
6939,50021.0,1840194.1830517838,756124.5067999893,894.0
6940,50021.0,1840194.1830517843,746124.5067999896,4758.0
6941,50021.0,1840194.1830517852,736124.5067999873,2143.0
6942,50021.0,1840194.1830517836,726124.5067999919,1730.0
6943,50021.0,1840194.1830517845,716124.5067999881,1247.0
6944,50003.0,1840194.183051785,706124.5067999886,925.0
6945,50003.0,1840194.1830517838,696124.506799989,4644.0
6946,50003.0,1840194.1830517843,686124.5067999866,1284.0
6947,50003.0,1840194.1830517838,676124.5067999884,431.0
6948,50003.0,1840194.183051785,666124.506799986,3542.0
6949,50003.0,1840194.1830517843,656124.5067999893,9323.0
6950,50003.0,1840194.1830517845,646124.5067999869,7225.0
6951,25003.0,1840194.1830517845,636124.5067999859,1477.0
6952,25003.0,1840194.183051785,626124.5067999864,1250.0
6953,25003.0,1840194.1830517843,616124.5067999867,15559.0
6954,25003.0,1840194.1830517843,606124.5067999872,3972.0
6955,25003.0,1840194.183051785,596124.5067999876,2436.0
6956,25003.0,1840194.1830517852,586124.5067999866,7219.0
6957,25003.0,1840194.1830517852,576124.5067999843,1581.0
6958,9005.0,1840194.183051785,566124.5067999875,665.0
6959,9005.0,1840194.1830517845,556124.5067999879,4032.0
6960,36027.0,1840194.1830517852,546124.5067999869,3468.0
6961,36027.0,1840194.183051785,536124.5067999859,2665.0
6962,36027.0,1840194.183051785,526124.5067999864,5928.0
6963,36027.0,1840194.183051785,516124.50679998397,6114.0
6964,36079.0,1840194.1830517857,506124.506799983,10076.0
6965,36079.0,1840194.1830517852,496124.50679998763,24384.0
6966,36119.0,1840194.1830517857,486124.50679998385,27014.0
6967,36119.0,1840194.183051786,476124.50679998426,20714.0
6968,36119.0,1840194.1830517852,466124.5067999847,36604.0
6969,36119.0,1840194.1830517857,456124.50679998373,65064.0
6970,36119.0,1840194.1830517852,446124.50679998414,137250.0
6971,36119.0,1840194.1830517852,436124.50679998455,479134.0
6972,36005.0,1840194.1830517852,426124.50679998356,757675.0
6973,36081.0,1840194.1830517864,416124.5067999812,1056045.0
6974,36047.0,1840194.1830517857,406124.50679998164,1078777.0
6975,,1840194.1830517852,396124.50679998344,204574.0
6976,,1840194.1830517857,386124.50679998106,58.0
6977,,1840194.183051786,376124.5067999829,32367.0
6978,34025.0,1840194.1830517852,366124.5067999833,84730.0
6979,34025.0,1840194.1830517866,356124.50679998094,90852.0
6980,34025.0,1840194.1830517857,346124.50679998135,80563.0
6981,34029.0,1840194.1830517864,336124.5067999818,59271.0
6982,34029.0,1840194.1830517857,326124.5067999836,61760.0
6983,34029.0,1840194.1830517866,316124.50679997983,34032.0
6984,34029.0,1840194.183051786,306124.50679998024,24194.0
6985,34029.0,1840194.1830517864,296124.50679998065,11395.0
6986,,1840194.1830517864,286124.50679997966,3089.0
6987,,1840194.1830517864,276124.5067999801,146.0
6988,,1840194.1830517866,266124.506799982,2448.0
6989,,1840194.183051787,256124.50679997957,0.0
7030,,1848854.4370896276,911124.5067999925,29.0
7031,50019.0,1848854.4370896283,901124.5067999901,1593.0
7032,50019.0,1848854.4370896276,891124.5067999905,754.0
7033,50019.0,1848854.4370896276,881124.506799991,515.0
7034,50019.0,1848854.4370896276,871124.50679999,833.0
7035,50015.0,1848854.4370896274,861124.5067999918,1137.0
7036,50015.0,1848854.4370896283,851124.5067999908,899.0
7037,50015.0,1848854.4370896283,841124.5067999898,735.0
7038,50023.0,1848854.4370896283,831124.5067999903,1666.0
7039,50023.0,1848854.437089628,821124.5067999893,10668.0
7040,50023.0,1848854.437089628,811124.5067999897,2686.0
7041,50017.0,1848854.437089628,801124.5067999902,1415.0
7042,50017.0,1848854.437089628,791124.5067999905,1217.0
7043,50017.0,1848854.4370896283,781124.5067999882,3234.0
7044,50027.0,1848854.4370896288,771124.5067999886,628.0
7045,50027.0,1848854.437089628,761124.5067999918,458.0
7046,50021.0,1848854.4370896288,751124.5067999895,637.0
7047,50021.0,1848854.437089628,741124.5067999898,312.0
7048,50021.0,1848854.437089629,731124.5067999875,1184.0
7049,50021.0,1848854.4370896288,721124.5067999879,277.0
7050,50003.0,1848854.4370896283,711124.5067999883,162.0
7051,50003.0,1848854.4370896295,701124.5067999874,437.0
7052,50003.0,1848854.4370896288,691124.5067999891,142.0
7053,50025.0,1848854.4370896288,681124.5067999868,0.0
7054,50003.0,1848854.4370896288,671124.5067999887,113.0
7055,50003.0,1848854.4370896283,661124.5067999876,143.0
7056,50003.0,1848854.4370896288,651124.5067999867,1236.0
7057,25003.0,1848854.437089629,641124.5067999886,16394.0
7058,25003.0,1848854.4370896295,631124.5067999861,9470.0
7059,25003.0,1848854.4370896283,621124.5067999866,10194.0
7060,25003.0,1848854.437089629,611124.5067999855,27776.0
7061,25003.0,1848854.4370896288,601124.506799986,8600.0
7062,25003.0,1848854.437089629,591124.5067999879,1258.0
7063,25003.0,1848854.437089629,581124.5067999868,1703.0
7064,25003.0,1848854.4370896295,571124.5067999845,3955.0
7065,9005.0,1848854.4370896283,561124.5067999862,2890.0
7066,9005.0,1848854.4370896297,551124.5067999867,1225.0
7067,9005.0,1848854.437089629,541124.5067999843,1149.0
7068,9005.0,1848854.4370896295,531124.5067999847,2299.0
7069,9005.0,1848854.4370896302,521124.50679998373,5982.0
7070,9001.0,1848854.4370896295,511124.50679998274,5005.0
7071,36079.0,1848854.4370896297,501124.5067999846,21175.0
7072,36079.0,1848854.4370896295,491124.50679998787,11858.0
7073,36119.0,1848854.4370896297,481124.5067999826,8307.0
7074,36119.0,1848854.4370896295,471124.5067999845,9807.0
7075,9001.0,1848854.4370896288,461124.50679998635,11885.0
7076,36119.0,1848854.4370896297,451124.5067999839,80202.0
7077,,1848854.4370896302,441124.5067999829,61843.0
7078,,1848854.437089629,431124.5067999848,43755.0
7079,36081.0,1848854.4370896297,421124.50679998664,534441.0
7080,36081.0,1848854.4370896295,411124.5067999814,522039.00000000006
7081,36081.0,1848854.4370896297,401124.50679998327,54400.0
7082,,1848854.4370896297,391124.5067999837,0.0
7083,,1848854.4370896309,381124.5067999813,0.0
7084,,1848854.4370896297,371124.5067999817,1077.0
7085,,1848854.4370896297,361124.5067999821,5319.0
7086,,1848854.4370896295,351124.5067999811,3682.0
7087,,1848854.4370896297,341124.5067999816,3656.0
7088,,1848854.4370896309,331124.5067999806,7867.0
7089,,1848854.4370896304,321124.506799981,1220.0
7090,,1848854.4370896304,311124.5067999786,694.0
7091,,1848854.4370896302,301124.5067999805,961.0
7092,,1848854.4370896304,291124.5067999809,1267.0
7136,50019.0,1857514.6911274728,906124.5067999898,4383.0
7137,50019.0,1857514.691127472,896124.5067999917,3361.0
7138,50019.0,1857514.6911274726,886124.5067999936,2105.0
7139,50019.0,1857514.6911274733,876124.5067999911,859.0
7140,50019.0,1857514.6911274726,866124.5067999916,578.0
7141,50005.0,1857514.6911274733,856124.506799992,2237.0
7142,50023.0,1857514.6911274735,846124.506799991,1166.0
7143,50023.0,1857514.6911274733,836124.5067999901,1748.0
7144,50023.0,1857514.6911274726,826124.5067999904,2805.0
7145,50023.0,1857514.6911274726,816124.5067999895,16112.0
7146,50017.0,1857514.6911274733,806124.50679999,3410.0
7147,50017.0,1857514.6911274733,796124.5067999903,828.0
7148,50017.0,1857514.691127474,786124.5067999894,2072.0
7149,50027.0,1857514.6911274728,776124.5067999912,2190.0
7150,50027.0,1857514.6911274733,766124.5067999888,774.0
7151,50027.0,1857514.6911274735,756124.5067999893,283.0
7152,50027.0,1857514.6911274733,746124.5067999882,671.0
7153,50027.0,1857514.6911274735,736124.5067999887,527.0
7154,50021.0,1857514.6911274733,726124.5067999905,1471.0
7155,50027.0,1857514.6911274735,716124.5067999881,504.0
7156,50025.0,1857514.6911274728,706124.5067999886,1637.0
7157,50025.0,1857514.691127474,696124.5067999875,963.0
7158,50025.0,1857514.6911274735,686124.5067999866,574.0
7159,50025.0,1857514.6911274735,676124.506799987,393.0
7160,50003.0,1857514.6911274735,666124.5067999889,601.0
7161,50003.0,1857514.6911274735,656124.5067999879,767.0
7162,25011.0,1857514.6911274735,646124.5067999883,891.0
7163,25003.0,1857514.691127474,636124.5067999859,643.0
7164,25003.0,1857514.6911274735,626124.5067999864,876.0
7165,25003.0,1857514.691127474,616124.5067999867,3224.0
7166,25003.0,1857514.6911274742,606124.5067999858,862.0
7167,25003.0,1857514.6911274733,596124.5067999862,877.0
7168,25003.0,1857514.6911274733,586124.5067999881,948.0
7169,25003.0,1857514.691127475,576124.5067999857,805.0
7170,9005.0,1857514.6911274735,566124.5067999875,2169.0
7171,9005.0,1857514.6911274735,556124.5067999865,582.0
7172,9005.0,1857514.6911274735,546124.5067999869,1811.0
7173,9005.0,1857514.6911274742,536124.5067999859,1702.0
7174,9005.0,1857514.6911274747,526124.5067999864,5353.0
7175,9005.0,1857514.691127474,516124.50679998397,18665.0
7176,9001.0,1857514.6911274747,506124.5067999844,22599.0
7177,9001.0,1857514.691127474,496124.50679998484,79596.0
7178,9001.0,1857514.6911274747,486124.50679998245,21939.0
7179,36119.0,1857514.6911274742,476124.50679998286,14924.0
7180,9001.0,1857514.691127474,466124.5067999847,45393.0
7181,9001.0,1857514.6911274742,456124.50679998373,113226.0
7182,,1857514.6911274747,446124.50679998414,188.0
7183,36059.0,1857514.6911274747,436124.50679998315,50440.0
7184,36059.0,1857514.691127475,426124.50679998356,134402.0
7185,36059.0,1857514.6911274747,416124.5067999826,332982.0
7186,36059.0,1857514.691127475,406124.5067999802,145931.0
7187,,1857514.6911274742,396124.50679998205,0.0
7242,50019.0,1866174.9451653163,911124.5067999911,1579.0
7243,50019.0,1866174.9451653166,901124.5067999915,1656.0
7244,50019.0,1866174.9451653163,891124.5067999933,1016.0
7245,50019.0,1866174.9451653173,881124.506799991,1833.0
7246,50019.0,1866174.9451653166,871124.50679999,545.0
7247,50005.0,1866174.9451653166,861124.5067999918,736.0
7248,50005.0,1866174.945165317,851124.5067999923,969.0
7249,50023.0,1866174.9451653173,841124.5067999898,1230.0
7250,50023.0,1866174.945165317,831124.5067999903,346.0
7251,50005.0,1866174.9451653166,821124.506799992,343.0
7252,50017.0,1866174.9451653177,811124.5067999897,1297.0
7253,50017.0,1866174.945165318,801124.5067999887,650.0
7254,50017.0,1866174.9451653177,791124.5067999905,884.0
7255,50017.0,1866174.9451653163,781124.506799991,1214.0
7256,50027.0,1866174.945165317,771124.5067999915,2174.0
7257,50027.0,1866174.9451653173,761124.506799989,870.0
7258,50027.0,1866174.9451653177,751124.5067999909,2278.0
7259,50027.0,1866174.9451653177,741124.5067999884,306.0
7260,50027.0,1866174.9451653166,731124.5067999889,1117.0
7261,50027.0,1866174.945165318,721124.5067999879,1060.0
7262,50027.0,1866174.9451653184,711124.5067999869,777.0
7263,50025.0,1866174.945165318,701124.5067999888,562.0
7264,50025.0,1866174.945165317,691124.5067999878,976.0
7265,50025.0,1866174.9451653166,681124.5067999882,712.0
7266,50025.0,1866174.9451653184,671124.5067999872,1390.0
7267,50025.0,1866174.9451653173,661124.5067999905,1482.0
7268,25011.0,1866174.9451653166,651124.5067999867,860.0
7269,25011.0,1866174.9451653187,641124.5067999857,938.0
7270,25011.0,1866174.9451653184,631124.5067999861,719.0
7271,25015.0,1866174.945165318,621124.506799988,1025.0
7272,25015.0,1866174.9451653177,611124.5067999855,587.0
7273,25003.0,1866174.9451653177,601124.506799986,1620.0
7274,25003.0,1866174.945165317,591124.5067999893,1399.0
7275,25003.0,1866174.945165318,581124.506799984,498.0
7276,9005.0,1866174.9451653187,571124.5067999859,889.0
7277,9005.0,1866174.9451653184,561124.5067999862,1461.0
7278,9005.0,1866174.9451653184,551124.5067999853,2175.0
7279,9005.0,1866174.9451653177,541124.5067999858,5549.0
7280,9005.0,1866174.9451653177,531124.5067999861,4384.0
7281,9005.0,1866174.9451653187,521124.5067999852,2997.0
7282,9005.0,1866174.9451653187,511124.5067999842,5223.0
7283,9001.0,1866174.9451653184,501124.5067999832,18995.0
7284,9001.0,1866174.9451653184,491124.50679998647,11839.0
7285,9001.0,1866174.9451653184,481124.5067999841,14698.0
7286,9001.0,1866174.9451653191,471124.5067999831,61126.0
7287,9001.0,1866174.9451653187,461124.5067999835,64275.0
7288,,1866174.9451653187,451124.5067999839,0.0
7289,,1866174.9451653187,441124.5067999858,20776.0
7290,36059.0,1866174.9451653191,431124.5067999848,79755.0
7291,36059.0,1866174.9451653191,421124.5067999838,251994.0
7292,36059.0,1866174.9451653184,411124.5067999828,145375.0
7293,,1866174.9451653191,401124.50679998327,11684.0
7347,,1874835.1992031604,916124.5067999937,37.0
7348,50019.0,1874835.199203161,906124.5067999912,662.0
7349,50019.0,1874835.1992031604,896124.5067999903,674.0
7350,50019.0,1874835.199203161,886124.5067999922,320.0
7351,50005.0,1874835.1992031608,876124.5067999911,556.0
7352,50005.0,1874835.1992031604,866124.5067999902,1334.0
7353,50005.0,1874835.1992031622,856124.5067999891,552.0
7354,50005.0,1874835.1992031615,846124.506799991,1475.0
7355,50005.0,1874835.1992031615,836124.5067999901,758.0
7356,50005.0,1874835.1992031608,826124.5067999904,973.0
7357,50017.0,1874835.1992031618,816124.5067999881,710.0
7358,50017.0,1874835.1992031608,806124.5067999886,960.0
7359,50017.0,1874835.1992031615,796124.5067999889,865.0
7360,50017.0,1874835.199203161,786124.5067999894,668.0
7361,50027.0,1874835.1992031615,776124.5067999883,1129.0
7362,50027.0,1874835.1992031615,766124.5067999888,1386.0
7363,50027.0,1874835.1992031618,756124.5067999907,2943.0
7364,50027.0,1874835.199203161,746124.5067999868,1066.0
7365,50027.0,1874835.1992031618,736124.5067999901,1484.0
7366,50027.0,1874835.1992031608,726124.5067999905,2673.0
7367,50027.0,1874835.1992031608,716124.5067999895,2583.0
7368,50025.0,1874835.1992031615,706124.5067999886,575.0
7369,50025.0,1874835.1992031625,696124.5067999875,822.0
7370,50025.0,1874835.1992031615,686124.5067999866,1494.0
7371,50025.0,1874835.1992031618,676124.5067999884,1195.0
7372,50025.0,1874835.1992031618,666124.5067999889,973.0
7373,50025.0,1874835.1992031622,656124.5067999893,655.0
7374,25011.0,1874835.1992031618,646124.5067999854,1079.0
7375,25011.0,1874835.1992031622,636124.5067999887,1126.0
7376,25011.0,1874835.1992031622,626124.5067999878,1332.0
7377,25015.0,1874835.1992031625,616124.5067999853,1371.0
7378,25013.0,1874835.1992031625,606124.5067999886,680.0
7379,25013.0,1874835.1992031625,596124.5067999848,817.0
7380,25013.0,1874835.1992031618,586124.5067999866,506.0
7381,25013.0,1874835.1992031625,576124.5067999843,600.0
7382,9005.0,1874835.1992031618,566124.5067999861,5359.0
7383,9005.0,1874835.1992031622,556124.5067999851,13772.0
7384,9005.0,1874835.1992031615,546124.5067999869,34669.0
7385,9005.0,1874835.1992031632,536124.5067999845,6762.0
7386,9005.0,1874835.1992031625,526124.5067999864,13761.0
7387,9005.0,1874835.1992031622,516124.50679998536,12471.0
7388,9009.0,1874835.1992031625,506124.5067999844,20438.0
7389,9001.0,1874835.1992031625,496124.50679998624,20988.0
7390,9001.0,1874835.1992031625,486124.50679998245,18963.0
7391,9001.0,1874835.1992031632,476124.50679998426,38596.0
7392,,1874835.1992031636,466124.5067999819,17893.0
7393,,1874835.1992031632,456124.50679998373,0.0
7394,,1874835.1992031618,446124.50679998414,28313.0
7395,36103.0,1874835.1992031622,436124.50679998455,87122.0
7396,36059.0,1874835.1992031622,426124.506799985,141652.0
7397,36059.0,1874835.1992031632,416124.5067999812,117867.0
7398,,1874835.1992031625,406124.50679998304,0.0
7453,,1883495.4532410048,921124.506799992,25.0
7454,50009.0,1883495.4532410053,911124.5067999911,45.0
7455,50009.0,1883495.4532410048,901124.5067999929,137.0
7456,50009.0,1883495.4532410053,891124.5067999919,1155.0
7457,50005.0,1883495.4532410055,881124.5067999924,714.0
7458,50005.0,1883495.453241006,871124.5067999914,2148.0
7459,50005.0,1883495.4532410053,861124.5067999904,5710.0
7460,50005.0,1883495.4532410048,851124.5067999923,7059.0
7461,50005.0,1883495.453241006,841124.5067999912,935.0
7462,50005.0,1883495.4532410055,831124.5067999903,1052.0
7463,50017.0,1883495.4532410055,821124.5067999907,1074.0
7464,50017.0,1883495.453241006,811124.5067999897,844.0
7465,50017.0,1883495.4532410055,801124.5067999902,1296.0
7466,50017.0,1883495.453241006,791124.5067999905,1340.0
7467,50017.0,1883495.453241006,781124.5067999882,1606.0
7468,50027.0,1883495.453241006,771124.50679999,10933.0
7469,50027.0,1883495.4532410055,761124.5067999904,12414.0
7470,33019.0,1883495.453241006,751124.5067999909,3080.0
7471,50027.0,1883495.4532410062,741124.5067999884,4219.0
7472,50027.0,1883495.4532410062,731124.5067999889,2841.0
7473,50027.0,1883495.4532410067,721124.5067999879,7065.0
7474,50025.0,1883495.4532410067,711124.5067999869,1692.0
7475,50025.0,1883495.4532410062,701124.5067999874,2496.0
7476,50025.0,1883495.453241006,691124.5067999878,1247.0
7477,50025.0,1883495.4532410067,681124.5067999868,1878.0
7478,50025.0,1883495.4532410067,671124.5067999872,9912.0
7479,50025.0,1883495.453241007,661124.5067999862,1575.0
7480,25011.0,1883495.453241006,651124.5067999867,1512.0
7481,25011.0,1883495.4532410062,641124.506799987,3305.0
7482,25011.0,1883495.453241006,631124.5067999889,2052.0
7483,25015.0,1883495.4532410074,621124.5067999851,2169.0
7484,25015.0,1883495.4532410062,611124.5067999883,1650.0
7485,25015.0,1883495.4532410067,601124.506799986,2563.0
7486,25013.0,1883495.453241007,591124.5067999865,2653.0
7487,25013.0,1883495.453241007,581124.506799984,1415.0
7488,9003.0,1883495.4532410074,571124.5067999859,2153.0
7489,9005.0,1883495.453241007,561124.5067999862,4902.0
7490,9005.0,1883495.4532410062,551124.5067999881,6141.0
7491,9005.0,1883495.4532410062,541124.5067999843,8226.0
7492,9005.0,1883495.453241007,531124.5067999833,19536.0
7493,9009.0,1883495.4532410074,521124.5067999852,94481.0
7494,9009.0,1883495.453241007,511124.5067999842,21090.0
7495,9009.0,1883495.4532410074,501124.5067999832,23554.0
7496,9001.0,1883495.453241007,491124.506799985,33170.0
7497,9001.0,1883495.453241008,481124.5067999841,192243.0
7498,,1883495.4532410074,471124.5067999845,24611.0
7499,,1883495.453241007,461124.5067999835,0.0
7500,,1883495.4532410067,451124.5067999839,8575.0
7501,36103.0,1883495.4532410074,441124.5067999844,93156.0
7502,36103.0,1883495.4532410079,431124.5067999834,102507.0
7503,36103.0,1883495.4532410079,421124.5067999852,138191.0
7504,,1883495.4532410079,411124.5067999828,131.0
7559,50009.0,1892155.7072788507,916124.5067999923,135.0
7560,50009.0,1892155.70727885,906124.5067999912,0.0
7561,50009.0,1892155.70727885,896124.5067999903,68.0
7562,50009.0,1892155.7072788498,886124.5067999922,65.0
7563,50009.0,1892155.7072788505,876124.5067999911,432.0
7564,50009.0,1892155.70727885,866124.5067999916,534.0
7565,50005.0,1892155.7072788507,856124.5067999907,1432.0
7566,50005.0,1892155.70727885,846124.506799991,1128.0
7567,33009.0,1892155.7072788498,836124.5067999901,707.0
7568,33009.0,1892155.7072788505,826124.5067999904,826.0
7569,33009.0,1892155.7072788507,816124.5067999895,3692.0
7570,50017.0,1892155.7072788498,806124.5067999886,2929.0
7571,33009.0,1892155.70727885,796124.5067999889,1394.0
7572,33009.0,1892155.70727885,786124.5067999908,1805.0
7573,33009.0,1892155.7072788505,776124.5067999898,2346.0
7574,33009.0,1892155.7072788505,766124.5067999888,8353.0
7575,33019.0,1892155.70727885,756124.5067999893,2675.0
7576,33019.0,1892155.7072788505,746124.5067999882,1170.0
7577,33019.0,1892155.7072788505,736124.5067999887,5135.0
7578,33019.0,1892155.7072788505,726124.5067999878,8972.0
7579,33019.0,1892155.70727885,716124.5067999895,4184.0
7580,33019.0,1892155.7072788505,706124.5067999886,6596.0
7581,33005.0,1892155.7072788505,696124.506799989,3220.0
7582,50025.0,1892155.7072788505,686124.5067999894,3487.0
7583,33005.0,1892155.7072788507,676124.5067999884,2563.0
7584,33005.0,1892155.7072788507,666124.5067999874,7291.0
7585,25011.0,1892155.7072788517,656124.5067999879,2197.0
7586,25011.0,1892155.7072788517,646124.5067999869,19799.0
7587,25011.0,1892155.7072788507,636124.5067999873,5361.0
7588,25011.0,1892155.7072788517,626124.5067999864,3102.0
7589,25015.0,1892155.7072788517,616124.5067999853,12652.0
7590,25015.0,1892155.7072788512,606124.5067999886,17227.0
7591,25013.0,1892155.707278852,596124.5067999848,8322.0
7592,25013.0,1892155.707278852,586124.5067999881,34104.0
7593,25013.0,1892155.7072788505,576124.506799987,10539.0
7594,9003.0,1892155.7072788517,566124.5067999861,12233.0
7595,9003.0,1892155.707278852,556124.5067999865,23817.0
7596,9003.0,1892155.7072788507,546124.5067999855,31833.0
7597,9003.0,1892155.707278852,536124.5067999859,66287.0
7598,9009.0,1892155.7072788512,526124.506799985,47455.0
7599,9009.0,1892155.7072788517,516124.50679998536,36435.0
7600,9009.0,1892155.707278852,506124.506799983,18311.0
7601,9009.0,1892155.7072788517,496124.50679998484,56456.0
7602,9009.0,1892155.7072788517,486124.50679998245,64066.0
7603,,1892155.7072788512,476124.50679998426,11973.0
7604,,1892155.707278852,466124.5067999847,0.0
7605,,1892155.7072788524,456124.5067999823,4762.0
7606,36103.0,1892155.7072788517,446124.50679998414,62740.0
7607,36103.0,1892155.7072788517,436124.50679998175,140147.0
7608,36103.0,1892155.707278852,426124.50679998356,75658.0
7609,,1892155.7072788526,416124.5067999826,337.0
7665,50009.0,1900815.9613166954,921124.5067999907,819.0
7666,50009.0,1900815.9613166938,911124.5067999911,31.0
7667,50009.0,1900815.9613166943,901124.5067999915,157.0
7668,50009.0,1900815.9613166943,891124.5067999919,45.0
7669,50009.0,1900815.9613166943,881124.506799991,0.0
7670,50009.0,1900815.9613166943,871124.50679999,106.0
7671,50009.0,1900815.9613166945,861124.5067999918,339.0
7672,50009.0,1900815.9613166954,851124.5067999908,442.0
7673,33009.0,1900815.961316695,841124.5067999898,1107.0
7674,33009.0,1900815.9613166945,831124.5067999903,1752.0
7675,33009.0,1900815.9613166945,821124.506799992,1207.0
7676,33009.0,1900815.9613166945,811124.5067999897,1040.0
7677,33009.0,1900815.9613166954,801124.5067999916,228.0
7678,33009.0,1900815.9613166945,791124.5067999891,431.0
7679,33009.0,1900815.9613166945,781124.5067999882,313.0
7680,33009.0,1900815.9613166945,771124.50679999,1462.0
7681,33009.0,1900815.9613166954,761124.506799989,4156.0
7682,33019.0,1900815.9613166961,751124.5067999895,2975.0
7683,33019.0,1900815.9613166954,741124.506799987,813.0
7684,33019.0,1900815.9613166945,731124.5067999889,4671.0
7685,33019.0,1900815.9613166957,721124.5067999894,1206.0
7686,33019.0,1900815.9613166954,711124.5067999869,987.0
7687,33005.0,1900815.961316695,701124.5067999888,1126.0
7688,33005.0,1900815.961316695,691124.5067999878,2526.0
7689,33005.0,1900815.9613166943,681124.5067999882,2823.0
7690,33005.0,1900815.9613166957,671124.5067999858,1237.0
7691,33005.0,1900815.9613166945,661124.506799989,3216.0
7692,25011.0,1900815.9613166961,651124.5067999867,3077.0
7693,25011.0,1900815.9613166961,641124.5067999857,5549.0
7694,25011.0,1900815.9613166945,631124.5067999889,5762.0
7695,25015.0,1900815.9613166961,621124.5067999851,31421.0
7696,25015.0,1900815.9613166961,611124.5067999855,19762.0
7697,25013.0,1900815.9613166957,601124.506799986,70381.0
7698,25013.0,1900815.9613166957,591124.5067999865,53885.0
7699,25013.0,1900815.9613166957,581124.506799984,16372.0
7700,9003.0,1900815.9613166961,571124.5067999845,7556.0
7701,9003.0,1900815.9613166961,561124.5067999878,18686.0
7702,9003.0,1900815.9613166957,551124.5067999867,46906.0
7703,9003.0,1900815.9613166957,541124.5067999843,84869.0
7704,9003.0,1900815.9613166961,531124.5067999847,35196.0
7705,9009.0,1900815.9613166961,521124.5067999852,40299.0
7706,9009.0,1900815.9613166968,511124.50679998274,33852.0
7707,9009.0,1900815.9613166968,501124.5067999846,144800.0
7708,9009.0,1900815.9613166968,491124.506799985,73777.0
7709,,1900815.9613166964,481124.5067999841,2300.0
7711,,1900815.9613166961,461124.50679998635,5560.0
7712,36103.0,1900815.9613166961,451124.5067999825,105001.0
7713,36103.0,1900815.9613166961,441124.5067999844,98265.0
7714,36103.0,1900815.9613166954,431124.5067999848,49524.0
7715,36103.0,1900815.9613166968,421124.5067999838,324.0
7767,,1909476.2153545392,956124.5067999933,0.0
7768,,1909476.2153545392,946124.506799991,0.0
7769,33007.0,1909476.2153545392,936124.5067999915,7.0
7770,33007.0,1909476.2153545392,926124.5067999918,840.0
7771,33007.0,1909476.2153545392,916124.5067999909,1549.0
7772,33007.0,1909476.2153545392,906124.5067999898,701.0
7773,33007.0,1909476.2153545383,896124.5067999931,227.0
7774,50009.0,1909476.2153545392,886124.5067999908,388.0
7775,50009.0,1909476.2153545395,876124.5067999911,139.0
7776,50009.0,1909476.2153545392,866124.5067999916,501.0
7777,50009.0,1909476.2153545383,856124.506799992,1408.0
7778,33009.0,1909476.2153545388,846124.506799991,5279.0
7779,33009.0,1909476.2153545392,836124.5067999901,1694.0
7780,33009.0,1909476.2153545392,826124.5067999904,547.0
7781,33009.0,1909476.2153545388,816124.5067999881,122.0
7782,33009.0,1909476.2153545388,806124.5067999914,357.0
7783,33009.0,1909476.2153545392,796124.5067999889,1157.0
7784,33009.0,1909476.2153545395,786124.5067999908,656.0
7785,33009.0,1909476.2153545395,776124.5067999898,504.0
7786,33009.0,1909476.2153545402,766124.5067999888,2513.0
7787,33009.0,1909476.2153545392,756124.5067999907,905.0
7788,33019.0,1909476.2153545395,746124.5067999896,2064.0
7789,33019.0,1909476.2153545392,736124.5067999887,4687.0
7790,33019.0,1909476.2153545392,726124.5067999905,1478.0
7791,33019.0,1909476.2153545402,716124.5067999867,1015.0
7792,33005.0,1909476.2153545402,706124.5067999886,672.0
7793,33005.0,1909476.2153545392,696124.506799989,1445.0
7794,33005.0,1909476.21535454,686124.5067999866,22396.0
7795,33005.0,1909476.21535454,676124.506799987,5674.0
7796,33005.0,1909476.2153545402,666124.5067999889,2720.0
7797,25011.0,1909476.2153545395,656124.5067999879,777.0
7798,25011.0,1909476.2153545402,646124.5067999869,1482.0
7799,25011.0,1909476.2153545409,636124.5067999845,1689.0
7800,25011.0,1909476.2153545409,626124.5067999864,4170.0
7801,25015.0,1909476.2153545406,616124.5067999853,14520.0
7802,25015.0,1909476.2153545402,606124.5067999858,14080.0
7803,25013.0,1909476.2153545413,596124.5067999848,103898.0
7804,25013.0,1909476.2153545402,586124.5067999866,98727.0
7805,9003.0,1909476.2153545406,576124.5067999843,39192.0
7806,9003.0,1909476.2153545406,566124.5067999846,28722.0
7807,9003.0,1909476.2153545406,556124.5067999851,100897.0
7808,9003.0,1909476.2153545409,546124.5067999855,133370.0
7809,9003.0,1909476.2153545402,536124.5067999845,55533.0
7810,9009.0,1909476.2153545406,526124.5067999878,55855.0
7811,9009.0,1909476.2153545402,516124.50679998397,36867.0
7812,9009.0,1909476.2153545402,506124.50679998583,29805.0
7813,9009.0,1909476.2153545406,496124.50679998484,70173.0
7814,,1909476.2153545415,486124.50679998245,0.0
7815,,1909476.2153545409,476124.50679998286,0.0
7816,,1909476.2153545402,466124.5067999847,0.0
7817,36103.0,1909476.21535454,456124.50679998513,61346.0
7818,36103.0,1909476.2153545413,446124.50679998274,85074.0
7819,36103.0,1909476.2153545413,436124.50679998315,73943.0
7820,,1909476.2153545409,426124.50679998356,29.0
7873,,1918136.4693923832,961124.5067999917,0.0
7874,33007.0,1918136.4693923832,951124.5067999908,0.0
7875,33007.0,1918136.4693923837,941124.5067999926,92.0
7876,33007.0,1918136.469392383,931124.5067999916,607.0
7877,33007.0,1918136.4693923837,921124.5067999893,334.0
7878,33007.0,1918136.4693923837,911124.5067999896,987.0
7879,33007.0,1918136.4693923837,901124.5067999887,24.0
7880,33007.0,1918136.4693923832,891124.5067999919,359.0
7881,33007.0,1918136.4693923837,881124.5067999924,2042.0
7882,33007.0,1918136.4693923832,871124.50679999,2631.0
7883,33007.0,1918136.469392383,861124.5067999904,1343.0
7884,33007.0,1918136.469392383,851124.5067999908,2330.0
7885,33009.0,1918136.469392384,841124.5067999912,1923.0
7886,33009.0,1918136.469392384,831124.5067999888,265.0
7887,33009.0,1918136.4693923832,821124.5067999893,338.0
7888,33009.0,1918136.4693923832,811124.5067999897,340.0
7889,33009.0,1918136.469392384,801124.5067999902,182.0
7890,33009.0,1918136.469392383,791124.5067999919,1049.0
7891,33009.0,1918136.4693923832,781124.5067999882,485.0
7892,33009.0,1918136.4693923837,771124.5067999886,337.0
7893,33009.0,1918136.4693923837,761124.5067999904,1181.0
7894,33013.0,1918136.4693923832,751124.506799988,589.0
7895,33013.0,1918136.4693923844,741124.506799987,4889.0
7896,33013.0,1918136.4693923837,731124.5067999889,1752.0
7897,33019.0,1918136.469392384,721124.5067999894,569.0
7898,33019.0,1918136.4693923837,711124.5067999869,1096.0
7899,33005.0,1918136.4693923844,701124.5067999874,923.0
7900,33005.0,1918136.4693923837,691124.5067999878,1228.0
7901,33005.0,1918136.469392384,681124.5067999868,3151.0
7902,33005.0,1918136.4693923846,671124.5067999887,2507.0
7903,25027.0,1918136.4693923844,661124.506799989,743.0
7904,25011.0,1918136.469392385,651124.5067999853,14396.0
7905,25011.0,1918136.4693923837,641124.506799987,2155.0
7906,25011.0,1918136.4693923844,631124.5067999875,177.0
7907,25015.0,1918136.469392384,621124.5067999866,727.0
7908,25015.0,1918136.469392384,611124.5067999869,9882.0
7909,25013.0,1918136.4693923832,601124.5067999874,22626.0
7910,25013.0,1918136.4693923837,591124.5067999879,33734.0
7911,9013.0,1918136.4693923846,581124.5067999854,22915.0
7912,9003.0,1918136.4693923844,571124.5067999845,16078.0
7913,9003.0,1918136.469392385,561124.5067999848,46162.0
7914,9003.0,1918136.4693923837,551124.5067999867,67659.0
7915,9003.0,1918136.4693923853,541124.5067999858,25520.0
7916,9007.0,1918136.4693923858,531124.5067999847,45712.0
7917,9007.0,1918136.4693923844,521124.5067999852,10195.0
7918,9009.0,1918136.4693923846,511124.5067999842,8296.0
7919,9009.0,1918136.4693923846,501124.506799986,22473.0
7920,,1918136.4693923846,491124.506799985,0.0
7923,36103.0,1918136.469392385,461124.5067999821,23429.0
7924,36103.0,1918136.4693923853,451124.5067999825,24207.0
7925,36103.0,1918136.469392385,441124.5067999815,47186.0
7926,,1918136.469392385,431124.5067999848,4.0
7978,,1926796.7234302275,966124.5067999916,0.0
7979,33007.0,1926796.7234302282,956124.5067999933,0.0
7980,33007.0,1926796.7234302284,946124.506799991,63.0
7981,33007.0,1926796.7234302277,936124.5067999929,43.0
7982,33007.0,1926796.7234302284,926124.5067999904,2.0
7983,33007.0,1926796.7234302277,916124.5067999923,100.0
7984,33007.0,1926796.723430227,906124.5067999912,24.0
7985,33007.0,1926796.7234302275,896124.5067999917,4.0
7986,33007.0,1926796.7234302282,886124.5067999922,288.0
7987,33007.0,1926796.7234302277,876124.5067999897,97.0
7988,33007.0,1926796.7234302284,866124.5067999902,793.0
7989,33007.0,1926796.7234302284,856124.5067999907,526.0
7990,33007.0,1926796.7234302277,846124.5067999939,618.0
7991,33009.0,1926796.7234302277,836124.5067999887,0.0
7992,33009.0,1926796.7234302275,826124.5067999904,135.0
7993,33009.0,1926796.7234302282,816124.5067999909,1974.0
7994,33009.0,1926796.7234302284,806124.5067999886,1070.0
7995,33009.0,1926796.7234302284,796124.5067999889,2069.0
7996,33009.0,1926796.7234302284,786124.5067999894,7141.0
7997,33009.0,1926796.7234302291,776124.5067999883,1445.0
7998,33009.0,1926796.7234302282,766124.5067999888,3023.0
7999,33013.0,1926796.7234302275,756124.5067999893,893.0
8000,33013.0,1926796.7234302284,746124.5067999896,1956.0
8001,33013.0,1926796.7234302284,736124.5067999887,1062.0
8002,33013.0,1926796.7234302282,726124.5067999905,1613.0
8003,33011.0,1926796.723430229,716124.5067999881,1851.0
8004,33011.0,1926796.7234302284,706124.5067999886,1679.0
8005,33011.0,1926796.7234302291,696124.506799989,1375.0
8006,33005.0,1926796.7234302296,686124.5067999852,1847.0
8007,33005.0,1926796.7234302284,676124.5067999884,3439.0
8008,33005.0,1926796.723430229,666124.5067999874,2228.0
8009,25027.0,1926796.7234302298,656124.5067999865,1468.0
8010,25027.0,1926796.7234302296,646124.5067999854,3987.0
8011,25027.0,1926796.723430229,636124.5067999859,1045.0
8012,25027.0,1926796.7234302296,626124.5067999864,794.0
8013,25015.0,1926796.723430229,616124.5067999853,8962.0
8014,25013.0,1926796.7234302296,606124.5067999872,11409.0
8015,25013.0,1926796.7234302296,596124.5067999862,9277.0
8016,9013.0,1926796.723430229,586124.5067999866,4194.0
8017,9013.0,1926796.7234302282,576124.5067999857,9533.0
8018,9013.0,1926796.723430229,566124.5067999861,36547.0
8019,9013.0,1926796.7234302291,556124.5067999851,31233.0
8020,9003.0,1926796.723430229,546124.5067999869,12382.0
8021,9007.0,1926796.723430229,536124.5067999859,11928.0
8022,9007.0,1926796.7234302284,526124.5067999864,5787.0
8023,9007.0,1926796.7234302298,516124.50679998397,6028.0
8024,9009.0,1926796.7234302296,506124.5067999872,17419.0
8025,,1926796.723430229,496124.50679998624,4586.0
8026,,1926796.7234302296,486124.50679998385,0.0
8027,,1926796.7234302296,476124.50679998286,0.0
8028,,1926796.7234302296,466124.5067999847,5017.0
8029,36103.0,1926796.7234302284,456124.50679998373,8741.0
8030,36103.0,1926796.7234302291,446124.50679998554,45289.0
8031,,1926796.7234302303,436124.50679998175,3540.0
8084,,1935456.977468072,971124.50679999,0.0
8085,23017.0,1935456.9774680722,961124.5067999917,0.0
8086,33007.0,1935456.977468072,951124.5067999922,0.0
8087,33007.0,1935456.9774680722,941124.5067999926,0.0
8088,33007.0,1935456.977468072,931124.5067999902,0.0
8089,33007.0,1935456.9774680727,921124.5067999907,0.0
8090,33007.0,1935456.9774680722,911124.5067999896,88.0
8091,33007.0,1935456.9774680727,901124.5067999901,0.0
8092,33007.0,1935456.9774680727,891124.5067999905,101.0
8093,33007.0,1935456.9774680722,881124.506799991,439.0
8094,33007.0,1935456.977468072,871124.50679999,8.0
8095,33007.0,1935456.9774680727,861124.506799989,328.0
8096,33007.0,1935456.9774680722,851124.5067999908,35.0
8097,33009.0,1935456.9774680727,841124.5067999884,139.0
8098,33009.0,1935456.977468073,831124.5067999903,0.0
8099,33009.0,1935456.9774680722,821124.5067999907,0.0
8100,33009.0,1935456.9774680734,811124.5067999883,163.0
8101,33009.0,1935456.9774680734,801124.5067999887,1732.0
8102,33009.0,1935456.977468072,791124.5067999905,2037.0
8103,33009.0,1935456.9774680734,781124.5067999882,3474.0
8104,33009.0,1935456.9774680727,771124.5067999886,2578.0
8105,33013.0,1935456.9774680734,761124.506799989,1399.0
8106,33013.0,1935456.977468073,751124.5067999909,1937.0
8107,33013.0,1935456.9774680722,741124.5067999898,1032.0
8108,33013.0,1935456.9774680734,731124.5067999889,2303.0
8109,33013.0,1935456.9774680722,721124.5067999894,4539.0
8110,33011.0,1935456.9774680734,711124.5067999869,4923.0
8111,33011.0,1935456.9774680736,701124.5067999874,3649.0
8112,33011.0,1935456.9774680722,691124.5067999878,4804.0
8113,33011.0,1935456.977468073,681124.5067999882,5776.0
8114,33005.0,1935456.9774680736,671124.5067999858,4581.0
8115,25027.0,1935456.9774680734,661124.5067999876,9209.0
8116,25027.0,1935456.9774680736,651124.5067999853,11408.0
8117,25027.0,1935456.977468074,641124.5067999857,1938.0
8118,25027.0,1935456.977468073,631124.5067999903,4989.0
8119,25027.0,1935456.9774680734,621124.5067999851,3147.0
8120,25027.0,1935456.9774680736,611124.5067999869,7763.0
8121,25013.0,1935456.977468074,601124.506799986,3502.0
8122,25013.0,1935456.977468074,591124.506799985,3519.0
8123,9013.0,1935456.9774680734,581124.5067999854,9344.0
8124,9013.0,1935456.977468073,571124.5067999859,10764.0
8125,9013.0,1935456.9774680736,561124.5067999848,12179.0
8126,9013.0,1935456.9774680734,551124.5067999881,8819.0
8127,9003.0,1935456.9774680736,541124.5067999872,7093.0
8128,9007.0,1935456.9774680736,531124.5067999847,7328.0
8129,9007.0,1935456.9774680748,521124.50679998373,6344.0
8130,9007.0,1935456.9774680736,511124.50679998274,8876.0
8131,,1935456.9774680743,501124.5067999846,13724.0
8132,,1935456.977468073,491124.506799985,0.0
8133,,1935456.9774680748,481124.50679998123,0.0
8134,,1935456.977468075,471124.50679998164,2676.0
8135,36103.0,1935456.9774680743,461124.5067999849,23824.0
8136,36103.0,1935456.977468074,451124.5067999811,11539.0
8137,,1935456.977468074,441124.5067999815,55.0
8190,,1944117.231505916,966124.5067999916,0.0
8191,23017.0,1944117.231505916,956124.5067999919,0.0
8192,23017.0,1944117.2315059165,946124.506799991,2.0
8193,23017.0,1944117.231505916,936124.5067999929,0.0
8194,23017.0,1944117.2315059167,926124.5067999918,43.0
8195,33007.0,1944117.2315059158,916124.5067999937,55.0
8196,33007.0,1944117.231505916,906124.5067999912,217.0
8197,33007.0,1944117.2315059165,896124.5067999903,12.0
8198,33007.0,1944117.2315059165,886124.5067999908,922.0
8199,33007.0,1944117.2315059165,876124.5067999911,3621.0
8200,33007.0,1944117.2315059167,866124.5067999902,974.0
8201,33007.0,1944117.2315059165,856124.5067999907,52.0
8202,33007.0,1944117.231505916,846124.5067999924,3.0
8203,33003.0,1944117.2315059165,836124.5067999901,14.0
8204,33009.0,1944117.2315059167,826124.5067999919,27.0
8205,33009.0,1944117.2315059167,816124.5067999895,0.0
8206,33003.0,1944117.2315059172,806124.5067999886,137.0
8207,33003.0,1944117.2315059172,796124.5067999889,453.0
8208,33001.0,1944117.2315059167,786124.5067999894,1718.0
8209,33001.0,1944117.2315059167,776124.5067999883,4110.0
8210,33001.0,1944117.2315059165,766124.5067999888,1441.0
8211,33001.0,1944117.2315059165,756124.5067999907,13016.0
8212,33013.0,1944117.2315059167,746124.5067999882,3425.0
8213,33013.0,1944117.2315059165,736124.5067999887,2515.0
8214,33013.0,1944117.2315059167,726124.5067999905,4876.0
8215,33011.0,1944117.2315059179,716124.5067999867,3688.0
8216,33011.0,1944117.2315059172,706124.5067999872,2102.0
8217,33011.0,1944117.2315059167,696124.5067999875,2115.0
8218,33011.0,1944117.2315059172,686124.506799988,1619.0
8219,33011.0,1944117.2315059174,676124.506799987,4643.0
8220,25027.0,1944117.2315059174,666124.5067999874,4530.0
8221,25027.0,1944117.2315059179,656124.5067999865,18741.0
8222,25027.0,1944117.2315059172,646124.5067999883,5742.0
8223,25027.0,1944117.2315059179,636124.5067999859,2760.0
8224,25027.0,1944117.2315059185,626124.506799985,2730.0
8225,25027.0,1944117.2315059179,616124.5067999867,8531.0
8226,25027.0,1944117.2315059179,606124.5067999858,7807.0
8227,25013.0,1944117.2315059172,596124.5067999862,4623.0
8228,9013.0,1944117.2315059174,586124.5067999881,923.0
8229,9015.0,1944117.2315059174,576124.5067999857,3563.0
8230,9013.0,1944117.231505918,566124.5067999846,20753.0
8231,9013.0,1944117.231505918,556124.5067999865,24839.0
8232,9011.0,1944117.2315059179,546124.5067999841,6294.0
8233,9011.0,1944117.2315059174,536124.5067999859,12398.0
8234,9007.0,1944117.2315059179,526124.506799985,3505.0
8235,9007.0,1944117.231505918,516124.50679998397,9778.0
8236,9007.0,1944117.2315059185,506124.5067999844,14246.0
8237,,1944117.2315059172,496124.50679998624,0.0
8238,,1944117.231505918,486124.50679998385,328.0
8239,36103.0,1944117.2315059188,476124.50679998286,7826.0
8240,,1944117.2315059179,466124.50679998327,5014.0
8241,36103.0,1944117.2315059188,456124.50679998373,11228.0
8242,,1944117.2315059192,446124.50679998274,52.0
8293,,1952777.4855437602,1001124.5067999929,0.0
8294,,1952777.4855437605,991124.5067999919,0.0
8295,23007.0,1952777.4855437605,981124.5067999909,12.0
8296,23007.0,1952777.4855437605,971124.50679999,0.0
8297,23017.0,1952777.4855437616,961124.5067999903,0.0
8298,23017.0,1952777.4855437602,951124.5067999922,0.0
8299,23017.0,1952777.485543761,941124.5067999912,4.0
8300,23017.0,1952777.4855437616,931124.5067999902,2.0
8301,23017.0,1952777.4855437605,921124.506799992,21.0
8302,23017.0,1952777.485543761,911124.5067999896,3.0
8303,23017.0,1952777.485543761,901124.5067999901,121.0
8304,33007.0,1952777.485543761,891124.5067999905,0.0
8305,33007.0,1952777.4855437605,881124.506799991,914.0
8306,33007.0,1952777.4855437612,871124.50679999,6131.0
8307,33007.0,1952777.4855437612,861124.5067999904,1809.0
8308,33007.0,1952777.4855437612,851124.5067999908,10.0
8309,33003.0,1952777.485543761,841124.5067999912,341.0
8310,33003.0,1952777.4855437616,831124.5067999903,1011.0
8311,33003.0,1952777.4855437616,821124.5067999893,3.0
8312,33003.0,1952777.4855437612,811124.5067999897,162.0
8313,33003.0,1952777.4855437612,801124.5067999902,784.0
8314,33003.0,1952777.4855437612,791124.5067999891,2324.0
8315,33001.0,1952777.4855437619,781124.5067999882,3256.0
8316,33001.0,1952777.4855437616,771124.5067999886,13506.0
8317,33001.0,1952777.4855437623,761124.5067999876,11887.0
8318,33013.0,1952777.4855437616,751124.5067999895,2821.0
8319,33013.0,1952777.4855437623,741124.506799987,5956.0
8320,33013.0,1952777.4855437619,731124.5067999875,16949.0
8321,33013.0,1952777.4855437623,721124.5067999879,4898.0
8322,33011.0,1952777.4855437612,711124.5067999869,5439.0
8323,33011.0,1952777.4855437616,701124.5067999874,3837.0
8324,33011.0,1952777.4855437619,691124.5067999878,5161.0
8325,33011.0,1952777.4855437616,681124.5067999854,3111.0
8326,25017.0,1952777.4855437612,671124.5067999887,4950.0
8327,25027.0,1952777.4855437626,661124.5067999876,24045.0
8328,25027.0,1952777.4855437623,651124.5067999853,9273.0
8329,25027.0,1952777.4855437626,641124.506799987,3075.0
8330,25027.0,1952777.4855437619,631124.5067999875,10891.0
8331,25027.0,1952777.4855437626,621124.5067999851,13994.0
8332,25027.0,1952777.4855437623,611124.5067999841,7807.0
8333,25027.0,1952777.4855437619,601124.506799986,21837.0
8334,9015.0,1952777.4855437623,591124.5067999865,2944.0
8335,9015.0,1952777.485543763,581124.5067999854,3759.0
8336,9015.0,1952777.4855437623,571124.5067999845,2940.0
8337,9015.0,1952777.4855437616,561124.5067999862,8737.0
8338,9011.0,1952777.485543763,551124.5067999867,6437.0
8339,9011.0,1952777.4855437623,541124.5067999829,4378.0
8340,9011.0,1952777.485543763,531124.5067999833,7895.0
8341,9011.0,1952777.485543763,521124.5067999852,5255.0
8342,9011.0,1952777.4855437619,511124.5067999842,8376.0
8343,,1952777.4855437623,501124.5067999846,21.0
8344,,1952777.4855437633,491124.506799985,5266.0
8345,36103.0,1952777.485543763,481124.5067999841,6965.0
8346,,1952777.4855437626,471124.50679998164,4346.0
8347,,1952777.485543763,461124.5067999821,11653.0
8348,,1952777.485543763,451124.5067999825,0.0
8397,,1961437.739581605,1016124.5067999908,0.0
8398,23007.0,1961437.739581605,1006124.5067999912,0.0
8399,23007.0,1961437.739581604,996124.5067999917,0.0
8400,,1961437.739581605,986124.506799992,4.0
8401,23007.0,1961437.7395816043,976124.5067999925,1.0
8402,23007.0,1961437.739581605,966124.5067999916,0.0
8403,23007.0,1961437.7395816057,956124.5067999905,0.0
8404,23007.0,1961437.7395816043,946124.506799991,0.0
8405,23007.0,1961437.7395816047,936124.5067999929,140.0
8406,23017.0,1961437.7395816047,926124.5067999932,27.0
8407,23017.0,1961437.739581605,916124.5067999909,0.0
8408,23017.0,1961437.7395816054,906124.5067999912,9.0
8409,23017.0,1961437.7395816043,896124.5067999917,10.0
8410,23017.0,1961437.739581605,886124.5067999908,0.0
8411,23017.0,1961437.7395816047,876124.5067999911,0.0
8412,33007.0,1961437.739581605,866124.5067999916,266.0
8413,33007.0,1961437.739581605,856124.5067999907,0.0
8414,33003.0,1961437.739581605,846124.5067999939,144.0
8415,33003.0,1961437.7395816057,836124.5067999887,2109.0
8416,33003.0,1961437.739581605,826124.506799989,2226.0
8417,33003.0,1961437.7395816057,816124.5067999895,752.0
8418,33003.0,1961437.7395816057,806124.50679999,2703.0
8419,33003.0,1961437.7395816064,796124.5067999889,195.0
8420,33003.0,1961437.7395816057,786124.5067999894,1840.0
8421,33001.0,1961437.7395816054,776124.5067999898,2044.0
8422,33001.0,1961437.7395816057,766124.5067999888,3247.0
8423,33001.0,1961437.7395816057,756124.5067999893,3524.0
8424,33013.0,1961437.7395816057,746124.5067999882,3050.0
8425,33013.0,1961437.7395816057,736124.5067999887,13085.0
8426,33013.0,1961437.7395816061,726124.5067999878,19927.0
8427,33013.0,1961437.7395816061,716124.5067999881,6054.0
8428,33011.0,1961437.7395816057,706124.5067999872,12552.0
8429,33011.0,1961437.7395816061,696124.5067999875,9633.0
8430,33011.0,1961437.7395816054,686124.506799988,17983.0
8431,33011.0,1961437.7395816057,676124.5067999884,6434.0
8432,25017.0,1961437.7395816057,666124.506799986,10807.0
8433,25027.0,1961437.7395816064,656124.5067999865,50115.0
8434,25027.0,1961437.7395816057,646124.5067999869,15302.0
8435,25027.0,1961437.7395816068,636124.5067999859,17211.0
8436,25027.0,1961437.7395816064,626124.5067999864,109497.0
8437,25027.0,1961437.7395816068,616124.5067999853,31434.0
8438,25027.0,1961437.7395816061,606124.5067999872,15180.0
8439,25027.0,1961437.7395816068,596124.5067999862,17280.0
8440,9015.0,1961437.7395816057,586124.5067999866,7520.0
8441,9015.0,1961437.7395816061,576124.5067999857,3033.0
8442,9015.0,1961437.739581607,566124.5067999846,3560.0
8443,9015.0,1961437.7395816061,556124.5067999851,3762.0
8444,9011.0,1961437.7395816068,546124.5067999855,13144.0
8445,9011.0,1961437.7395816064,536124.5067999845,28421.0
8446,9011.0,1961437.7395816075,526124.5067999836,12975.0
8447,9011.0,1961437.7395816064,516124.50679998397,24823.0
8448,,1961437.739581607,506124.5067999844,16.0
8449,36103.0,1961437.7395816075,496124.50679998484,636.0
8450,,1961437.7395816075,486124.50679998385,1254.0
8451,36103.0,1961437.7395816075,476124.50679998286,8111.0
8452,,1961437.7395816075,466124.5067999819,4581.0
8453,,1961437.7395816064,456124.50679998513,0.0
8491,,1970097.9936194492,1141124.5067999926,0.0
8492,23003.0,1970097.9936194494,1131124.5067999929,0.0
8493,,1970097.9936194487,1121124.5067999947,0.0
8494,,1970097.9936194494,1111124.5067999938,0.0
8495,,1970097.9936194494,1101124.5067999915,0.0
8496,23025.0,1970097.9936194492,1091124.5067999933,0.0
8497,23025.0,1970097.9936194494,1081124.5067999938,0.0
8498,23025.0,1970097.9936194492,1071124.506799994,7.0
8499,23025.0,1970097.9936194494,1061124.506799993,0.0
8500,,1970097.9936194494,1051124.5067999922,0.0
8501,,1970097.99361945,1041124.5067999911,0.0
8502,23025.0,1970097.9936194492,1031124.506799993,9.0
8503,23025.0,1970097.9936194494,1021124.5067999935,0.0
8504,23025.0,1970097.9936194494,1011124.5067999939,3.0
8505,23025.0,1970097.9936194494,1001124.5067999943,0.0
8506,23007.0,1970097.99361945,991124.5067999919,0.0
8507,23007.0,1970097.9936194492,981124.5067999909,0.0
8508,23007.0,1970097.9936194494,971124.5067999914,4.0
8509,23007.0,1970097.99361945,961124.5067999917,3.0
8510,23007.0,1970097.9936194494,951124.5067999936,1.0
8511,23007.0,1970097.9936194506,941124.5067999912,468.0
8512,23007.0,1970097.99361945,931124.5067999916,242.0
8513,23007.0,1970097.99361945,921124.506799992,19.0
8514,23017.0,1970097.9936194487,911124.5067999911,0.0
8515,23017.0,1970097.9936194494,901124.5067999915,137.0
8516,23017.0,1970097.99361945,891124.5067999905,53.0
8517,23017.0,1970097.9936194506,881124.506799991,161.0
8518,23017.0,1970097.9936194501,871124.50679999,327.0
8519,23017.0,1970097.9936194494,861124.5067999904,102.0
8520,23017.0,1970097.9936194506,851124.5067999908,234.0
8521,33003.0,1970097.9936194508,841124.5067999884,474.0
8522,33003.0,1970097.9936194501,831124.5067999903,2575.0
8523,33003.0,1970097.9936194508,821124.5067999893,5605.0
8524,33003.0,1970097.9936194501,811124.5067999897,1491.0
8525,33003.0,1970097.9936194501,801124.5067999887,2346.0
8526,33003.0,1970097.9936194501,791124.5067999905,1164.0
8527,33003.0,1970097.9936194501,781124.506799991,4592.0
8528,33001.0,1970097.9936194508,771124.5067999872,1536.0
8529,33001.0,1970097.9936194506,761124.5067999876,1989.0
8530,33001.0,1970097.9936194506,751124.5067999895,2067.0
8531,33013.0,1970097.9936194506,741124.506799987,5081.0
8532,33013.0,1970097.9936194513,731124.5067999875,4724.0
8533,33013.0,1970097.9936194501,721124.5067999894,12033.0
8534,33011.0,1970097.9936194506,711124.5067999869,103154.0
8535,33011.0,1970097.9936194513,701124.5067999888,30097.0
8536,33011.0,1970097.9936194501,691124.5067999891,24234.0
8537,33011.0,1970097.9936194508,681124.5067999882,23630.0
8538,25017.0,1970097.9936194513,671124.5067999858,14239.0
8539,25017.0,1970097.9936194515,661124.5067999862,13823.0
8540,25027.0,1970097.9936194515,651124.5067999853,9383.0
8541,25027.0,1970097.9936194508,641124.5067999857,20373.0
8542,25027.0,1970097.9936194506,631124.5067999861,45017.0
8543,25027.0,1970097.9936194513,621124.5067999851,81429.0
8544,25027.0,1970097.9936194513,611124.5067999869,8326.0
8545,25027.0,1970097.9936194513,601124.5067999846,15171.0
8546,9015.0,1970097.9936194508,591124.5067999879,6543.0
8547,9015.0,1970097.9936194515,581124.5067999854,11151.0
8548,9015.0,1970097.9936194508,571124.5067999873,16095.0
8549,9015.0,1970097.9936194522,561124.5067999848,9252.0
8550,9011.0,1970097.9936194508,551124.5067999867,12268.0
8551,9011.0,1970097.993619452,541124.5067999843,15129.0
8552,9011.0,1970097.9936194508,531124.5067999847,14076.0
8553,9011.0,1970097.9936194513,521124.5067999852,58548.0
8554,,1970097.9936194513,511124.5067999842,1698.0
8555,,1970097.993619452,501124.5067999832,0.0
8556,,1970097.9936194515,491124.5067999836,253.0
8557,36103.0,1970097.9936194515,481124.5067999841,13883.0
8558,,1970097.9936194515,471124.5067999845,1434.0
8594,23003.0,1978758.2476572937,1166124.5067999929,2.0
8595,23003.0,1978758.2476572937,1156124.5067999933,4.0
8596,23003.0,1978758.247657294,1146124.5067999924,0.0
8597,23003.0,1978758.2476572937,1136124.5067999943,0.0
8598,23003.0,1978758.2476572944,1126124.5067999945,0.0
8599,23025.0,1978758.2476572944,1116124.5067999936,0.0
8600,23025.0,1978758.2476572932,1106124.5067999926,0.0
8601,23025.0,1978758.247657294,1096124.506799993,0.0
8602,23025.0,1978758.2476572937,1086124.506799995,0.0
8604,23025.0,1978758.2476572944,1066124.5067999915,0.0
8605,23025.0,1978758.247657294,1056124.506799992,1.0
8606,23025.0,1978758.2476572932,1046124.5067999938,0.0
8607,23025.0,1978758.2476572944,1036124.5067999914,0.0
8608,23025.0,1978758.2476572944,1026124.5067999932,28.0
8609,23025.0,1978758.2476572946,1016124.5067999908,482.0
8610,23025.0,1978758.247657295,1006124.5067999912,0.0
8611,23025.0,1978758.2476572944,996124.5067999917,3.0
8612,23025.0,1978758.2476572946,986124.506799992,0.0
8613,23025.0,1978758.247657294,976124.5067999911,0.0
8614,23007.0,1978758.247657294,966124.5067999944,237.0
8615,23007.0,1978758.247657294,956124.5067999933,63.0
8616,23007.0,1978758.247657294,946124.5067999924,24.0
8617,23007.0,1978758.2476572946,936124.50679999,796.0
8618,23007.0,1978758.247657294,926124.5067999918,53.0
8619,23017.0,1978758.2476572944,916124.5067999909,6.0
8620,23017.0,1978758.2476572944,906124.5067999912,160.0
8621,23017.0,1978758.247657295,896124.5067999903,640.0
8622,23017.0,1978758.2476572944,886124.5067999908,373.0
8623,23017.0,1978758.2476572944,876124.5067999897,1929.0
8624,23017.0,1978758.2476572944,866124.5067999902,250.0
8625,23017.0,1978758.2476572953,856124.5067999907,398.0
8626,23017.0,1978758.247657295,846124.506799991,954.0
8627,23017.0,1978758.247657295,836124.5067999887,1000.0
8628,23017.0,1978758.2476572946,826124.5067999919,2898.0
8629,33003.0,1978758.2476572944,816124.5067999909,581.0
8630,33003.0,1978758.2476572946,806124.5067999886,1580.0
8631,33003.0,1978758.247657294,796124.5067999903,1456.0
8632,33003.0,1978758.2476572944,786124.5067999894,1755.0
8633,33017.0,1978758.2476572944,776124.5067999883,2198.0
8634,33017.0,1978758.2476572958,766124.5067999888,3206.0
8635,33001.0,1978758.2476572946,756124.5067999907,4153.0
8636,33001.0,1978758.2476572944,746124.5067999896,2435.0
8637,33015.0,1978758.2476572958,736124.5067999887,3672.0
8638,33015.0,1978758.2476572958,726124.5067999891,2889.0
8639,33015.0,1978758.247657295,716124.5067999867,6009.0
8640,33015.0,1978758.247657295,706124.5067999886,17802.0
8641,33015.0,1978758.247657295,696124.5067999875,21784.0
8642,33011.0,1978758.2476572946,686124.506799988,64769.0
8643,25017.0,1978758.2476572953,676124.5067999884,29739.0
8644,25017.0,1978758.247657296,666124.506799986,15053.0
8645,25027.0,1978758.2476572953,656124.5067999879,13105.0
8646,25027.0,1978758.2476572958,646124.5067999869,21961.0
8647,25017.0,1978758.247657296,636124.5067999859,32936.0
8648,25027.0,1978758.2476572958,626124.5067999878,25049.0
8649,25027.0,1978758.247657295,616124.5067999867,26126.0
8650,25027.0,1978758.2476572958,606124.5067999858,15985.0
8651,44007.0,1978758.2476572958,596124.5067999862,8373.0
8652,44007.0,1978758.2476572965,586124.5067999866,3197.0
8653,9015.0,1978758.2476572958,576124.5067999843,5039.0
8654,9015.0,1978758.2476572967,566124.5067999861,8345.0
8655,9011.0,1978758.247657295,556124.5067999851,3429.0
8656,9011.0,1978758.2476572965,546124.5067999841,4641.0
8657,9011.0,1978758.2476572958,536124.5067999859,3783.0
8658,9011.0,1978758.247657296,526124.506799985,17138.0
8659,,1978758.2476572965,516124.50679998257,3065.0
8660,,1978758.2476572965,506124.506799983,0.0
8661,,1978758.247657296,496124.5067999834,0.0
8662,,1978758.2476572967,486124.50679998245,530.0
8663,,1978758.247657296,476124.50679998426,1028.0
8697,,1987418.501695706,1201124.5067980965,0.0
8698,23003.0,1987418.5016951377,1191124.506799993,0.0
8699,23003.0,1987418.501695137,1181124.5067999936,0.0
8700,23003.0,1987418.5016951382,1171124.506799994,0.0
8701,23003.0,1987418.5016951377,1161124.5067999945,0.0
8702,23003.0,1987418.5016951377,1151124.5067999922,0.0
8703,23003.0,1987418.5016951382,1141124.506799994,0.0
8704,23003.0,1987418.501695137,1131124.5067999943,0.0
8705,23025.0,1987418.5016951377,1121124.5067999933,0.0
8706,23025.0,1987418.5016951382,1111124.5067999924,0.0
8707,23025.0,1987418.5016951377,1101124.5067999929,0.0
8708,23025.0,1987418.5016951384,1091124.5067999947,0.0
8709,23025.0,1987418.5016951375,1081124.5067999938,0.0
8710,23025.0,1987418.5016951384,1071124.5067999912,0.0
8711,23025.0,1987418.5016951377,1061124.5067999945,0.0
8712,23025.0,1987418.5016951389,1051124.5067999908,0.0
8713,23025.0,1987418.5016951382,1041124.5067999925,0.0
8714,23025.0,1987418.5016951377,1031124.506799993,8.0
8715,23025.0,1987418.5016951375,1021124.5067999935,372.0
8716,23025.0,1987418.5016951382,1011124.5067999924,224.0
8717,23025.0,1987418.5016951382,1001124.5067999929,6.0
8718,23025.0,1987418.5016951384,991124.5067999919,0.0
8719,23025.0,1987418.5016951377,981124.5067999909,0.0
8720,23025.0,1987418.5016951389,971124.5067999928,0.0
8721,23007.0,1987418.5016951384,961124.5067999903,544.0
8722,23007.0,1987418.5016951382,951124.5067999936,59.0
8723,23007.0,1987418.5016951384,941124.5067999898,10.0
8724,23007.0,1987418.5016951384,931124.5067999916,148.0
8725,23007.0,1987418.5016951389,921124.5067999907,0.0
8726,23017.0,1987418.5016951389,911124.5067999911,188.0
8727,23017.0,1987418.5016951384,901124.5067999901,346.0
8728,23017.0,1987418.5016951384,891124.5067999919,746.0
8729,23017.0,1987418.5016951389,881124.506799991,898.0
8730,23017.0,1987418.501695139,871124.50679999,609.0
8731,23017.0,1987418.5016951389,861124.5067999918,593.0
8732,23017.0,1987418.501695139,851124.5067999908,471.0
8733,23017.0,1987418.5016951384,841124.5067999926,952.0
8734,23017.0,1987418.5016951389,831124.5067999888,824.0
8735,23017.0,1987418.5016951389,821124.5067999893,1397.0
8736,23017.0,1987418.5016951396,811124.5067999883,1981.0
8737,23031.0,1987418.5016951389,801124.5067999887,909.0
8738,33003.0,1987418.5016951384,791124.5067999905,1863.0
8739,33003.0,1987418.501695139,781124.5067999882,3357.0
8740,33017.0,1987418.5016951396,771124.50679999,2184.0
8741,33017.0,1987418.5016951389,761124.5067999904,6380.0
8742,33017.0,1987418.5016951398,751124.506799988,1547.0
8743,33017.0,1987418.501695139,741124.506799987,4624.0
8744,33015.0,1987418.5016951396,731124.5067999889,2216.0
8745,33015.0,1987418.5016951396,721124.5067999879,7255.0
8746,33015.0,1987418.5016951377,711124.5067999897,6350.0
8747,33015.0,1987418.5016951396,701124.5067999874,30449.0
8748,33015.0,1987418.5016951398,691124.5067999878,20200.0
8749,33011.0,1987418.5016951389,681124.5067999882,30156.0
8750,25017.0,1987418.5016951396,671124.5067999887,62672.0
8751,25017.0,1987418.5016951398,661124.5067999876,20054.0
8752,25017.0,1987418.5016951403,651124.5067999853,35979.0
8753,25017.0,1987418.5016951396,641124.506799987,37152.0
8754,25027.0,1987418.5016951398,631124.5067999889,25515.0
8755,25017.0,1987418.5016951396,621124.5067999851,28273.0
8756,25027.0,1987418.5016951403,611124.5067999841,18512.0
8757,44007.0,1987418.501695139,601124.5067999874,12428.0
8758,44007.0,1987418.5016951403,591124.5067999865,9579.0
8759,44007.0,1987418.5016951396,581124.5067999868,5626.0
8760,44007.0,1987418.5016951403,571124.5067999859,3222.0
8761,44003.0,1987418.5016951403,561124.5067999862,3027.0
8762,44009.0,1987418.5016951396,551124.5067999867,1712.0
8763,9011.0,1987418.5016951396,541124.5067999858,2417.0
8764,44009.0,1987418.5016951405,531124.5067999847,24411.0
8765,,1987418.501695141,521124.50679998373,5584.0
8766,,1987418.501695141,511124.50679998274,0.0
8768,,1987418.5016951405,491124.506799985,3163.0
8769,,1987418.5016951396,481124.5067999841,26.0
8800,,1996078.755733539,1226124.5067981535,0.0
8801,23003.0,1996078.7557335452,1216124.5067981298,0.0
8802,23003.0,1996078.7557335512,1206124.5067981048,0.0
8803,23003.0,1996078.7557329815,1196124.5067999945,0.0
8804,23003.0,1996078.755732983,1186124.5067999947,0.0
8805,23003.0,1996078.755732982,1176124.5067999952,0.0
8806,23003.0,1996078.7557329827,1166124.5067999929,0.0
8807,23003.0,1996078.755732982,1156124.5067999947,0.0
8808,23003.0,1996078.755732983,1146124.5067999938,0.0
8809,23003.0,1996078.755732983,1136124.5067999926,0.0
8810,23021.0,1996078.7557329834,1126124.506799993,2.0
8811,23025.0,1996078.7557329827,1116124.506799995,0.0
8812,23025.0,1996078.755732983,1106124.5067999926,0.0
8813,23025.0,1996078.755732982,1096124.506799993,0.0
8814,23025.0,1996078.7557329827,1086124.5067999936,0.0
8815,23025.0,1996078.7557329822,1076124.5067999924,0.0
8816,23025.0,1996078.755732983,1066124.5067999943,0.0
8817,23025.0,1996078.7557329827,1056124.5067999947,13.0
8818,23025.0,1996078.7557329827,1046124.5067999924,0.0
8819,23025.0,1996078.755732983,1036124.5067999928,1.0
8820,23025.0,1996078.7557329834,1026124.5067999918,0.0
8821,23025.0,1996078.7557329827,1016124.5067999908,66.0
8822,23025.0,1996078.7557329827,1006124.5067999912,17.0
8823,23025.0,1996078.7557329827,996124.5067999931,16.0
8824,23025.0,1996078.7557329822,986124.5067999936,0.0
8825,23025.0,1996078.7557329834,976124.5067999911,10.0
8826,23025.0,1996078.7557329834,966124.5067999916,0.0
8827,23007.0,1996078.7557329827,956124.5067999919,586.0
8828,23007.0,1996078.755732983,946124.506799991,56.0
8829,23007.0,1996078.7557329834,936124.5067999915,282.0
8830,23007.0,1996078.755732983,926124.5067999904,418.0
8831,23007.0,1996078.755732983,916124.5067999923,237.0
8832,23007.0,1996078.7557329834,906124.5067999898,491.0
8833,23017.0,1996078.7557329834,896124.5067999903,7369.0
8834,23017.0,1996078.7557329827,886124.5067999922,423.0
8835,23017.0,1996078.7557329827,876124.5067999897,1028.0
8836,23017.0,1996078.755732983,866124.5067999902,946.0
8837,23017.0,1996078.7557329834,856124.5067999907,1485.0
8838,23005.0,1996078.7557329836,846124.506799991,2469.0
8839,23005.0,1996078.7557329834,836124.5067999901,3251.0
8840,23017.0,1996078.7557329834,826124.5067999904,825.0
8841,23017.0,1996078.7557329836,816124.5067999881,1295.0
8842,23031.0,1996078.7557329836,806124.5067999914,2179.0
8843,23031.0,1996078.755732983,796124.5067999889,1436.0
8844,23031.0,1996078.755732984,786124.5067999908,1510.0
8845,23031.0,1996078.7557329834,776124.5067999883,2446.0
8846,33017.0,1996078.7557329847,766124.5067999888,4642.0
8847,33017.0,1996078.755732984,756124.5067999879,18185.0
8848,33017.0,1996078.7557329834,746124.5067999882,7596.0
8849,33017.0,1996078.755732983,736124.5067999887,5335.0
8850,33015.0,1996078.7557329836,726124.5067999878,5841.0
8851,33015.0,1996078.7557329834,716124.5067999881,10711.0
8852,33015.0,1996078.755732984,706124.5067999886,15625.0
8853,33015.0,1996078.7557329834,696124.506799989,26483.0
8854,25009.0,1996078.7557329843,686124.5067999866,46275.0
8855,25017.0,1996078.7557329843,676124.506799987,106220.0
8856,25017.0,1996078.755732984,666124.5067999889,38794.0
8857,25017.0,1996078.7557329843,656124.5067999865,21044.0
8858,25017.0,1996078.755732984,646124.5067999869,18205.0
8859,25017.0,1996078.7557329847,636124.5067999859,91415.0
8860,25017.0,1996078.7557329843,626124.5067999878,26334.0
8861,25021.0,1996078.7557329852,616124.5067999853,38289.0
8862,25027.0,1996078.7557329836,606124.5067999872,58024.0
8863,44007.0,1996078.7557329843,596124.5067999862,18083.0
8864,44007.0,1996078.7557329847,586124.5067999866,21667.0
8865,44007.0,1996078.755732984,576124.5067999857,5632.0
8866,44003.0,1996078.7557329852,566124.5067999861,17602.0
8867,44003.0,1996078.7557329852,556124.5067999865,3492.0
8868,44009.0,1996078.755732984,546124.5067999841,6188.0
8869,44009.0,1996078.755732984,536124.5067999859,6031.0
8870,44009.0,1996078.7557329852,526124.506799985,6203.0
8871,,1996078.7557329852,516124.50679998257,0.0
8872,,1996078.7557329854,506124.5067999816,0.0
8873,,1996078.7557329843,496124.5067999834,140.0
8874,,1996078.7557329852,486124.50679998525,0.0
8906,23003.0,2004739.0097713834,1231124.5067981617,3.0
8907,23003.0,2004739.0097713904,1221124.5067981367,0.0
8908,23003.0,2004739.0097713964,1211124.5067981102,0.0
8909,23003.0,2004739.009770826,1201124.5067999943,0.0
8910,23003.0,2004739.0097708264,1191124.5067999947,0.0
8911,23003.0,2004739.009770826,1181124.5067999936,0.0
8912,23003.0,2004739.0097708257,1171124.5067999954,0.0
8913,23003.0,2004739.0097708271,1161124.506799993,0.0
8914,23003.0,2004739.009770826,1151124.5067999936,0.0
8915,23003.0,2004739.0097708271,1141124.5067999926,0.0
8916,23021.0,2004739.0097708267,1131124.5067999929,0.0
8917,23021.0,2004739.0097708264,1121124.5067999933,0.0
8918,23021.0,2004739.0097708267,1111124.5067999924,0.0
8919,23021.0,2004739.0097708264,1101124.5067999943,0.0
8920,23021.0,2004739.0097708264,1091124.5067999933,0.0
8921,23025.0,2004739.0097708264,1081124.5067999938,0.0
8922,23025.0,2004739.0097708274,1071124.5067999926,0.0
8923,23025.0,2004739.0097708267,1061124.5067999945,0.0
8924,23025.0,2004739.0097708267,1051124.5067999922,0.0
8925,23025.0,2004739.0097708271,1041124.5067999925,14.0
8926,23025.0,2004739.0097708271,1031124.5067999944,0.0
8927,23025.0,2004739.0097708274,1021124.506799992,0.0
8928,23025.0,2004739.0097708271,1011124.506799991,0.0
8929,23025.0,2004739.0097708271,1001124.5067999915,2.0
8930,23025.0,2004739.0097708264,991124.5067999919,18.0
8931,23025.0,2004739.0097708271,981124.5067999895,2.0
8932,23025.0,2004739.0097708267,971124.5067999914,11.0
8933,23007.0,2004739.0097708267,961124.5067999917,199.0
8934,23007.0,2004739.0097708271,951124.5067999922,175.0
8935,23007.0,2004739.0097708267,941124.5067999926,281.0
8936,23007.0,2004739.0097708271,931124.5067999916,1052.0
8937,23007.0,2004739.0097708267,921124.506799992,70.0
8938,23007.0,2004739.0097708278,911124.5067999896,246.0
8939,23017.0,2004739.0097708271,901124.5067999901,1467.0
8940,23017.0,2004739.0097708274,891124.5067999919,2028.0
8941,23017.0,2004739.0097708267,881124.5067999924,456.0
8942,23017.0,2004739.0097708274,871124.50679999,2006.0
8943,23017.0,2004739.0097708278,861124.5067999904,7908.0
8944,23017.0,2004739.0097708274,851124.5067999908,2337.0
8945,23005.0,2004739.0097708271,841124.5067999884,1367.0
8946,23005.0,2004739.0097708274,831124.5067999888,2615.0
8947,23005.0,2004739.0097708274,821124.5067999893,1458.0
8948,23031.0,2004739.0097708278,811124.5067999883,2159.0
8949,23031.0,2004739.009770828,801124.5067999902,3412.0
8950,23031.0,2004739.0097708278,791124.5067999905,2774.0
8951,23031.0,2004739.0097708274,781124.5067999882,2172.0
8952,23031.0,2004739.0097708271,771124.5067999915,6144.0
8953,23031.0,2004739.009770828,761124.506799989,3654.0
8954,33017.0,2004739.0097708267,751124.5067999895,23591.0
8955,33017.0,2004739.0097708274,741124.5067999884,11809.0
8956,33017.0,2004739.0097708278,731124.5067999875,14362.0
8957,33015.0,2004739.0097708285,721124.5067999879,8104.0
8958,33015.0,2004739.0097708278,711124.5067999897,10541.0
8959,33015.0,2004739.009770828,701124.5067999874,21875.0
8960,25009.0,2004739.0097708278,691124.5067999878,82758.0
8961,25009.0,2004739.009770828,681124.5067999868,101291.0
8962,25017.0,2004739.009770828,671124.5067999872,48092.0
8963,25017.0,2004739.009770828,661124.5067999876,69120.0
8964,25017.0,2004739.0097708285,651124.5067999853,87032.0
8965,25021.0,2004739.0097708285,641124.5067999857,70130.0
8966,25021.0,2004739.0097708278,631124.5067999875,17889.0
8967,25021.0,2004739.0097708297,621124.5067999837,27045.0
8968,25021.0,2004739.0097708285,611124.5067999869,25898.0
8969,44007.0,2004739.0097708297,601124.506799986,32802.0
8970,44007.0,2004739.009770828,591124.506799985,134894.0
8971,44007.0,2004739.0097708292,581124.506799984,159636.0
8972,44003.0,2004739.009770829,571124.5067999845,73126.0
8973,44003.0,2004739.009770828,561124.5067999848,11352.0
8974,44009.0,2004739.009770829,551124.5067999867,6812.0
8975,44009.0,2004739.009770828,541124.5067999858,6882.0
8976,44009.0,2004739.009770829,531124.5067999833,4482.0
8977,,2004739.0097708274,521124.506799988,0.0
9011,,2013399.2638092285,1236124.5067981672,0.0
9012,23003.0,2013399.2638092362,1226124.506798142,0.0
9013,23003.0,2013399.2638092423,1216124.506798117,0.0
9014,23003.0,2013399.263809249,1206124.5067980934,0.0
9015,23003.0,2013399.2638086705,1196124.5067999945,5.0
9016,23003.0,2013399.2638086716,1186124.5067999933,0.0
9017,23003.0,2013399.2638086716,1176124.5067999938,0.0
9018,23003.0,2013399.2638086712,1166124.5067999943,0.0
9019,23003.0,2013399.2638086712,1156124.5067999947,0.0
9020,23003.0,2013399.2638086712,1146124.5067999924,0.0
9021,23003.0,2013399.2638086712,1136124.5067999926,0.0
9022,23021.0,2013399.2638086712,1126124.506799993,0.0
9023,23021.0,2013399.2638086716,1116124.5067999936,0.0
9024,23021.0,2013399.2638086723,1106124.5067999912,0.0
9025,23021.0,2013399.263808672,1096124.506799993,0.0
9026,23021.0,2013399.2638086723,1086124.5067999936,0.0
9027,23021.0,2013399.263808671,1076124.5067999938,0.0
9028,23025.0,2013399.263808671,1066124.5067999929,0.0
9029,23025.0,2013399.2638086723,1056124.506799992,2.0
9030,23025.0,2013399.263808672,1046124.5067999924,5.0
9031,23025.0,2013399.263808672,1036124.5067999928,86.0
9032,23025.0,2013399.2638086723,1026124.5067999932,66.0
9033,23025.0,2013399.2638086716,1016124.5067999908,0.0
9034,23025.0,2013399.263808672,1006124.5067999912,3.0
9035,23025.0,2013399.263808672,996124.5067999917,55.0
9036,23025.0,2013399.2638086716,986124.506799992,8.0
9037,23025.0,2013399.2638086716,976124.5067999925,23.0
9038,23025.0,2013399.263808672,966124.5067999916,35.0
9039,23025.0,2013399.263808672,956124.5067999919,202.0
9040,23025.0,2013399.263808672,946124.506799991,889.0
9041,23007.0,2013399.263808672,936124.5067999929,444.0
9042,23007.0,2013399.2638086716,926124.5067999932,979.0
9043,23007.0,2013399.2638086723,916124.5067999909,1264.0
9044,23007.0,2013399.2638086723,906124.5067999898,3148.0
9045,23017.0,2013399.2638086728,896124.5067999903,669.0
9046,23017.0,2013399.2638086712,886124.5067999922,1132.0
9047,23017.0,2013399.2638086723,876124.5067999911,1311.0
9048,23017.0,2013399.263808672,866124.5067999902,1274.0
9049,23017.0,2013399.2638086728,856124.5067999891,3030.0
9050,23017.0,2013399.263808672,846124.506799991,2082.0
9051,23005.0,2013399.263808672,836124.5067999887,2861.0
9052,23005.0,2013399.2638086723,826124.5067999904,2813.0
9053,23005.0,2013399.263808672,816124.5067999895,1478.0
9054,23005.0,2013399.2638086728,806124.50679999,5021.0
9055,23031.0,2013399.2638086728,796124.5067999889,5485.0
9056,23031.0,2013399.2638086723,786124.5067999908,3439.0
9057,23031.0,2013399.2638086723,776124.5067999883,12014.0
9058,23031.0,2013399.263808673,766124.5067999888,6824.0
9059,23031.0,2013399.263808673,756124.5067999893,4668.0
9060,33017.0,2013399.2638086728,746124.5067999868,27873.0
9061,,2013399.2638086735,736124.5067999873,15693.0
9062,33015.0,2013399.263808673,726124.5067999878,13070.0
9063,33015.0,2013399.263808673,716124.5067999867,16878.0
9064,25009.0,2013399.2638086735,706124.5067999886,23124.0
9065,25009.0,2013399.263808673,696124.506799989,18820.0
9066,25009.0,2013399.263808673,686124.5067999852,15840.0
9067,25017.0,2013399.263808673,676124.506799987,23692.0
9068,25017.0,2013399.2638086735,666124.5067999874,86906.0
9069,25017.0,2013399.2638086735,656124.5067999879,227527.0
9070,25025.0,2013399.263808673,646124.5067999854,301048.99999999994
9071,25021.0,2013399.2638086737,636124.5067999873,82047.0
9072,25021.0,2013399.2638086735,626124.5067999864,55944.0
9073,25021.0,2013399.2638086735,616124.5067999853,25678.0
9074,25005.0,2013399.2638086735,606124.5067999858,45301.0
9075,25005.0,2013399.2638086735,596124.5067999848,76075.0
9076,44007.0,2013399.2638086735,586124.5067999852,119816.0
9077,44003.0,2013399.263808673,576124.506799987,78024.0
9078,44009.0,2013399.2638086735,566124.5067999861,24381.0
9079,44009.0,2013399.2638086737,556124.5067999851,14680.0
9080,44009.0,2013399.2638086735,546124.5067999855,31799.0
9081,44009.0,2013399.263808673,536124.5067999859,8358.0
9082,,2013399.2638086735,526124.5067999864,0.0
9083,,2013399.2638086744,516124.50679998257,723.0
9084,,2013399.2638086737,506124.5067999844,172.0
9119,,2022059.5178470872,1221124.5067981253,0.0
9120,23003.0,2022059.517847094,1211124.5067981002,0.0
9121,23003.0,2022059.517846515,1201124.5067999943,129.0
9122,23003.0,2022059.517846515,1191124.5067999961,9.0
9123,23003.0,2022059.517846516,1181124.5067999936,0.0
9124,23003.0,2022059.5178465159,1171124.5067999926,0.0
9125,23003.0,2022059.5178465159,1161124.506799993,0.0
9126,23003.0,2022059.5178465154,1151124.5067999936,0.0
9127,23003.0,2022059.517846516,1141124.5067999926,0.0
9128,23021.0,2022059.5178465166,1131124.5067999929,0.0
9129,23021.0,2022059.517846516,1121124.5067999933,0.0
9130,23021.0,2022059.5178465154,1111124.5067999924,0.0
9131,23021.0,2022059.5178465159,1101124.5067999929,0.0
9132,23021.0,2022059.517846515,1091124.5067999933,0.0
9133,23021.0,2022059.517846516,1081124.5067999922,0.0
9134,23021.0,2022059.517846516,1071124.5067999926,0.0
9135,23021.0,2022059.5178465166,1061124.5067999917,2.0
9136,23021.0,2022059.5178465159,1051124.5067999908,0.0
9137,23021.0,2022059.5178465147,1041124.506799994,0.0
9138,23025.0,2022059.5178465166,1031124.5067999916,129.0
9139,23025.0,2022059.5178465159,1021124.5067999935,0.0
9140,23025.0,2022059.517846516,1011124.506799991,3.0
9141,23025.0,2022059.5178465166,1001124.5067999929,2.0
9142,23025.0,2022059.5178465168,991124.5067999919,27.0
9143,23025.0,2022059.517846516,981124.5067999909,48.0
9144,23025.0,2022059.5178465175,971124.50679999,65.0
9145,23025.0,2022059.5178465159,961124.5067999917,123.0
9146,23025.0,2022059.5178465166,951124.5067999922,319.0
9147,23025.0,2022059.5178465168,941124.5067999926,614.0
9148,23007.0,2022059.5178465166,931124.5067999916,661.0
9149,23007.0,2022059.517846516,921124.5067999907,5710.0
9150,23007.0,2022059.5178465166,911124.5067999896,3199.0
9151,23007.0,2022059.5178465166,901124.5067999901,3308.0
9152,23001.0,2022059.5178465168,891124.5067999919,3890.0
9153,23001.0,2022059.5178465166,881124.5067999924,2493.0
9154,23001.0,2022059.5178465166,871124.50679999,2932.0
9155,23001.0,2022059.517846516,861124.5067999904,2095.0
9156,23001.0,2022059.5178465159,851124.5067999923,5995.0
9157,23001.0,2022059.5178465168,841124.5067999912,3159.0
9158,23005.0,2022059.5178465166,831124.5067999888,3858.0
9159,23005.0,2022059.5178465173,821124.5067999907,8394.0
9160,23005.0,2022059.5178465166,811124.5067999897,5868.0
9161,23031.0,2022059.517846518,801124.5067999887,6664.0
9162,23031.0,2022059.5178465168,791124.5067999905,4392.0
9163,23031.0,2022059.5178465168,781124.5067999882,4483.0
9164,23031.0,2022059.5178465168,771124.50679999,5321.0
9165,23031.0,2022059.5178465173,761124.506799989,4939.0
9166,23031.0,2022059.5178465173,751124.506799988,2833.0
9167,23031.0,2022059.5178465166,741124.5067999898,9426.0
9168,33015.0,2022059.5178465168,731124.5067999889,28553.0
9169,33015.0,2022059.5178465173,721124.5067999894,18954.0
9170,33015.0,2022059.5178465168,711124.5067999869,17444.0
9171,25009.0,2022059.5178465173,701124.5067999874,22242.0
9172,25009.0,2022059.5178465166,691124.5067999878,14375.0
9173,25009.0,2022059.517846518,681124.5067999868,20067.0
9174,25009.0,2022059.5178465175,671124.5067999872,83596.0
9175,25009.0,2022059.5178465173,661124.5067999876,191037.0
9176,,2022059.5178465175,651124.5067999853,382763.00000000006
9177,25025.0,2022059.5178465173,641124.5067999857,297304.99999999994
9178,25021.0,2022059.5178465175,631124.5067999875,40866.0
9179,25021.0,2022059.5178465168,621124.5067999866,42830.0
9180,25005.0,2022059.5178465168,611124.5067999855,32232.0
9181,25005.0,2022059.5178465175,601124.5067999874,21269.0
9182,25005.0,2022059.5178465175,591124.5067999879,8518.0
9183,44001.0,2022059.517846518,581124.5067999854,34276.0
9184,,2022059.5178465175,571124.5067999873,18164.0
9185,,2022059.517846518,561124.5067999862,2691.0
9186,44005.0,2022059.5178465182,551124.5067999839,15298.0
9187,,2022059.517846518,541124.5067999829,1233.0
9190,,2022059.5178465182,511124.5067999842,156.0
9225,,2030719.7718849387,1216124.5067981072,0.0
9226,23003.0,2030719.7718843592,1206124.506799994,117.0
9227,23003.0,2030719.77188436,1196124.5067999945,70.0
9228,23003.0,2030719.7718843597,1186124.5067999933,0.0
9229,23003.0,2030719.77188436,1176124.5067999966,0.0
9230,23003.0,2030719.7718843592,1166124.5067999929,1.0
9231,23003.0,2030719.77188436,1156124.5067999933,0.0
9232,23003.0,2030719.77188436,1146124.5067999924,0.0
9233,23021.0,2030719.77188436,1136124.5067999943,0.0
9234,23021.0,2030719.7718843597,1126124.506799993,0.0
9235,23021.0,2030719.7718843587,1116124.5067999964,0.0
9236,23021.0,2030719.77188436,1106124.5067999926,0.0
9237,23021.0,2030719.7718843597,1096124.506799993,0.0
9238,23021.0,2030719.7718843587,1086124.5067999936,0.0
9239,23021.0,2030719.771884361,1076124.506799991,9.0
9240,23021.0,2030719.7718843597,1066124.5067999929,0.0
9241,23021.0,2030719.7718843604,1056124.506799992,0.0
9242,23021.0,2030719.7718843604,1046124.5067999909,0.0
9243,23021.0,2030719.7718843606,1036124.5067999914,17.0
9244,23021.0,2030719.771884361,1026124.5067999918,0.0
9245,23021.0,2030719.7718843597,1016124.5067999923,98.0
9246,23021.0,2030719.7718843606,1006124.5067999912,0.0
9247,23025.0,2030719.77188436,996124.5067999917,0.0
9248,23025.0,2030719.7718843592,986124.5067999936,0.0
9249,23025.0,2030719.77188436,976124.5067999925,23.0
9250,23025.0,2030719.7718843604,966124.5067999916,1331.0
9251,23025.0,2030719.77188436,956124.5067999905,671.0
9252,23025.0,2030719.7718843604,946124.506799991,938.0
9253,23025.0,2030719.771884361,936124.50679999,967.0
9254,23025.0,2030719.7718843606,926124.5067999918,791.0
9255,23007.0,2030719.7718843597,916124.5067999937,1385.0
9256,23007.0,2030719.771884361,906124.5067999884,1083.0
9257,23011.0,2030719.7718843604,896124.5067999917,1471.0
9258,23001.0,2030719.7718843604,886124.5067999908,1472.0
9259,23001.0,2030719.771884361,876124.5067999911,2005.0
9260,23001.0,2030719.771884361,866124.5067999888,3226.0
9261,23001.0,2030719.7718843604,856124.5067999907,38637.0
9262,23001.0,2030719.771884361,846124.506799991,5361.0
9263,23005.0,2030719.7718843606,836124.5067999887,5409.0
9264,23005.0,2030719.771884361,826124.506799989,6418.0
9265,23005.0,2030719.7718843613,816124.5067999881,9501.0
9266,23005.0,2030719.7718843613,806124.5067999886,20813.0
9267,23005.0,2030719.771884361,796124.5067999889,7930.0
9268,23031.0,2030719.771884361,786124.5067999908,28432.0
9269,23031.0,2030719.7718843604,776124.5067999912,8197.0
9270,23031.0,2030719.7718843604,766124.5067999902,5759.0
9271,23031.0,2030719.7718843613,756124.5067999907,4246.0
9272,23031.0,2030719.7718843604,746124.5067999882,7922.0
9273,,2030719.771884362,736124.5067999873,3827.0
9274,,2030719.7718843617,726124.5067999878,900.0
9275,,2030719.771884361,716124.5067999867,0.0
9276,,2030719.7718843617,706124.5067999872,2209.0
9277,25009.0,2030719.7718843613,696124.5067999875,2225.0
9278,25009.0,2030719.7718843613,686124.5067999866,16922.0
9279,25009.0,2030719.7718843617,676124.5067999855,61512.0
9280,25009.0,2030719.7718843617,666124.506799986,110758.0
9281,,2030719.771884361,656124.5067999865,23387.0
9282,,2030719.7718843613,646124.5067999854,19786.0
9283,25021.0,2030719.7718843617,636124.5067999859,111058.0
9284,25021.0,2030719.7718843617,626124.5067999864,89538.0
9285,25023.0,2030719.771884361,616124.5067999839,47939.0
9286,25005.0,2030719.7718843613,606124.5067999872,27802.0
9287,25005.0,2030719.7718843624,596124.5067999862,31455.0
9288,25005.0,2030719.771884362,586124.5067999866,27267.0
9289,,2030719.7718843617,576124.5067999843,86105.0
9290,,2030719.771884362,566124.5067999861,17585.0
9291,44005.0,2030719.7718843624,556124.5067999851,30346.0
9292,,2030719.7718843617,546124.5067999855,3690.0
9331,,2039380.0259227846,1221124.506798114,142.0
9332,23003.0,2039380.0259222044,1211124.5067999938,411.0
9333,23003.0,2039380.0259222048,1201124.5067999929,0.0
9334,23003.0,2039380.0259222034,1191124.5067999947,0.0
9335,23003.0,2039380.025922203,1181124.506799995,0.0
9336,23003.0,2039380.0259222044,1171124.5067999926,0.0
9337,23003.0,2039380.0259222037,1161124.506799993,0.0
9338,23003.0,2039380.0259222048,1151124.5067999922,0.0
9339,23021.0,2039380.0259222037,1141124.506799994,0.0
9340,23021.0,2039380.0259222037,1131124.5067999943,0.0
9341,23021.0,2039380.0259222044,1121124.5067999947,0.0
9342,23021.0,2039380.0259222037,1111124.5067999924,0.0
9343,23021.0,2039380.0259222044,1101124.5067999943,1.0
9344,23021.0,2039380.0259222037,1091124.5067999933,0.0
9345,23021.0,2039380.0259222048,1081124.5067999922,0.0
9346,23021.0,2039380.0259222041,1071124.5067999926,0.0
9347,23021.0,2039380.0259222041,1061124.506799993,0.0
9348,23021.0,2039380.0259222048,1051124.5067999922,0.0
9349,23021.0,2039380.0259222044,1041124.5067999925,0.0
9350,23021.0,2039380.0259222044,1031124.5067999916,2.0
9351,23021.0,2039380.025922205,1021124.5067999935,253.0
9352,23021.0,2039380.0259222041,1011124.5067999924,1494.0
9353,23021.0,2039380.0259222048,1001124.5067999915,194.0
9354,23021.0,2039380.0259222041,991124.5067999933,17.0
9355,23025.0,2039380.0259222055,981124.5067999895,3.0
9356,23025.0,2039380.0259222055,971124.50679999,5.0
9357,23025.0,2039380.025922205,961124.5067999903,150.0
9358,23025.0,2039380.025922205,951124.5067999922,757.0
9359,23025.0,2039380.0259222055,941124.5067999898,3699.0
9360,23025.0,2039380.0259222048,931124.5067999916,2193.0
9361,23025.0,2039380.0259222044,921124.5067999907,917.0
9362,23011.0,2039380.0259222044,911124.5067999896,557.0
9363,23011.0,2039380.0259222055,901124.5067999901,1178.0
9364,23011.0,2039380.0259222044,891124.5067999919,1864.0
9365,23011.0,2039380.025922205,881124.506799991,2552.0
9366,23001.0,2039380.0259222044,871124.5067999914,3485.0
9367,23001.0,2039380.0259222062,861124.5067999904,6983.0
9368,23001.0,2039380.025922205,851124.5067999908,15755.0
9369,23001.0,2039380.0259222062,841124.5067999884,2278.0
9370,23005.0,2039380.0259222058,831124.5067999888,3470.0
9371,23005.0,2039380.0259222062,821124.5067999893,9775.0
9372,23005.0,2039380.025922205,811124.5067999911,50367.0
9373,23005.0,2039380.0259222062,801124.5067999887,23443.0
9374,23031.0,2039380.0259222055,791124.5067999905,14644.0
9375,23031.0,2039380.0259222055,781124.5067999896,8796.0
9376,,2039380.0259222058,771124.5067999872,4036.0
9377,,2039380.0259222058,761124.506799989,0.0
9378,,2039380.0259222055,751124.506799988,0.0
9379,,2039380.025922205,741124.5067999884,0.0
9380,,2039380.025922205,731124.5067999889,0.0
9381,,2039380.0259222058,721124.5067999879,0.0
9383,,2039380.0259222062,701124.5067999874,0.0
9384,,2039380.025922205,691124.5067999891,6561.0
9385,25009.0,2039380.0259222065,681124.5067999868,10136.0
9386,,2039380.0259222058,671124.5067999858,708.0
9387,,2039380.0259222058,661124.5067999876,0.0
9388,,2039380.0259222062,651124.5067999867,5284.0
9389,25023.0,2039380.0259222058,641124.5067999857,36086.0
9390,25023.0,2039380.0259222062,631124.5067999875,51293.0
9391,25023.0,2039380.0259222055,621124.5067999866,45625.0
9392,25023.0,2039380.0259222076,611124.5067999841,28653.0
9393,25005.0,2039380.0259222062,601124.506799986,19598.0
9394,25005.0,2039380.0259222065,591124.5067999865,8462.0
9395,25005.0,2039380.0259222072,581124.5067999854,18343.0
9396,25005.0,2039380.0259222062,571124.5067999845,15934.0
9397,44005.0,2039380.0259222072,561124.5067999834,5460.0
9398,,2039380.0259222062,551124.5067999867,503.0
9436,,2048040.2799606307,1226124.5067981181,834.0
9437,23003.0,2048040.2799600486,1216124.5067999936,60.0
9438,23003.0,2048040.279960048,1206124.506799994,0.0
9439,23003.0,2048040.2799600489,1196124.5067999945,0.0
9440,23003.0,2048040.2799600489,1186124.5067999947,0.0
9441,23003.0,2048040.2799600482,1176124.5067999924,0.0
9442,23003.0,2048040.2799600493,1166124.5067999929,0.0
9443,23003.0,2048040.2799600489,1156124.5067999933,0.0
9444,23003.0,2048040.2799600489,1146124.5067999938,0.0
9445,23021.0,2048040.2799600493,1136124.5067999912,0.0
9446,23021.0,2048040.2799600486,1126124.506799993,0.0
9447,23021.0,2048040.2799600486,1116124.5067999936,0.0
9448,23021.0,2048040.2799600495,1106124.5067999926,0.0
9449,23021.0,2048040.2799600493,1096124.506799993,1.0
9450,23021.0,2048040.2799600489,1086124.506799995,0.0
9451,23021.0,2048040.2799600489,1076124.506799991,0.0
9452,23021.0,2048040.2799600495,1066124.5067999915,0.0
9453,23021.0,2048040.2799600489,1056124.5067999947,0.0
9454,23021.0,2048040.2799600493,1046124.5067999895,0.0
9455,23021.0,2048040.2799600493,1036124.5067999914,18.0
9456,23021.0,2048040.2799600495,1026124.5067999918,0.0
9457,23021.0,2048040.2799600489,1016124.5067999908,35.0
9458,23021.0,2048040.2799600495,1006124.5067999926,60.0
9459,23021.0,2048040.2799600493,996124.5067999917,555.0
9460,23021.0,2048040.2799600489,986124.506799992,122.0
9461,23021.0,2048040.2799600493,976124.5067999911,45.0
9462,23025.0,2048040.2799600495,966124.5067999916,339.0
9463,23025.0,2048040.2799600493,956124.5067999905,990.0
9464,23025.0,2048040.2799600489,946124.506799991,1475.0
9465,23025.0,2048040.27996005,936124.50679999,7156.0
9466,23025.0,2048040.27996005,926124.5067999918,2435.0
9467,23011.0,2048040.2799600495,916124.5067999909,1397.0
9468,23011.0,2048040.2799600495,906124.5067999912,1587.0
9469,23011.0,2048040.2799600493,896124.5067999903,2195.0
9470,23011.0,2048040.27996005,886124.5067999908,5312.0
9471,23011.0,2048040.2799600502,876124.5067999897,3387.0
9472,23011.0,2048040.2799600495,866124.5067999888,3710.0
9473,23001.0,2048040.27996005,856124.5067999891,3855.0
9474,23001.0,2048040.2799600489,846124.5067999924,9262.0
9475,23005.0,2048040.27996005,836124.5067999901,4941.0
9476,23005.0,2048040.2799600502,826124.506799989,10465.0
9477,,2048040.2799600493,816124.5067999895,5357.0
9478,,2048040.2799600502,806124.5067999886,43250.0
9479,23005.0,2048040.2799600495,796124.5067999889,7158.0
9480,,2048040.2799600507,786124.506799988,0.0
9481,,2048040.2799600502,776124.5067999898,0.0
9489,,2048040.27996005,696124.5067999861,5210.0
9490,,2048040.2799600514,686124.5067999852,20188.0
9491,,2048040.2799600507,676124.5067999884,0.0
9492,,2048040.2799600514,666124.506799986,0.0
9493,,2048040.2799600502,656124.5067999879,0.0
9494,,2048040.27996005,646124.5067999869,10030.0
9495,25023.0,2048040.2799600507,636124.5067999873,17548.0
9496,25023.0,2048040.2799600502,626124.5067999878,26894.0
9497,25023.0,2048040.2799600507,616124.5067999839,13974.0
9498,25023.0,2048040.279960051,606124.5067999844,17622.0
9499,25023.0,2048040.2799600507,596124.5067999862,8480.0
9500,25005.0,2048040.2799600502,586124.5067999866,19064.0
9501,25005.0,2048040.2799600516,576124.5067999857,55998.0
9502,25005.0,2048040.279960051,566124.5067999846,5316.0
9503,,2048040.2799600507,556124.5067999865,219.0
9542,23003.0,2056700.5339984752,1231124.5067981263,2218.0
9543,23003.0,2056700.5339984815,1221124.5067981042,1373.0
9544,23003.0,2056700.533997893,1211124.5067999952,406.0
9545,23003.0,2056700.5339978924,1201124.506799997,300.0
9546,23003.0,2056700.5339978938,1191124.506799993,0.0
9547,23003.0,2056700.5339978924,1181124.5067999936,0.0
9548,23003.0,2056700.5339978924,1171124.5067999954,0.0
9549,23003.0,2056700.5339978933,1161124.506799993,0.0
9550,23003.0,2056700.533997893,1151124.5067999922,0.0
9551,23021.0,2056700.533997894,1141124.5067999926,0.0
9552,23021.0,2056700.533997893,1131124.5067999943,0.0
9553,23021.0,2056700.533997893,1121124.5067999933,0.0
9554,23021.0,2056700.533997893,1111124.5067999938,0.0
9555,23021.0,2056700.533997893,1101124.5067999943,0.0
9556,23021.0,2056700.533997894,1091124.5067999933,0.0
9557,23021.0,2056700.533997893,1081124.5067999922,0.0
9558,23021.0,2056700.5339978933,1071124.5067999926,2.0
9559,23021.0,2056700.5339978938,1061124.506799993,0.0
9560,23021.0,2056700.533997893,1051124.5067999908,0.0
9561,23021.0,2056700.533997894,1041124.5067999911,2.0
9562,23021.0,2056700.533997894,1031124.506799993,0.0
9563,23021.0,2056700.533997894,1021124.506799992,0.0
9564,23021.0,2056700.5339978938,1011124.5067999924,19.0
9565,23021.0,2056700.5339978938,1001124.5067999901,204.0
9566,23021.0,2056700.5339978938,991124.5067999919,564.0
9567,23021.0,2056700.5339978933,981124.5067999909,506.0
9568,23021.0,2056700.5339978938,971124.5067999914,421.0
9569,23025.0,2056700.5339978938,961124.5067999917,791.0
9570,23025.0,2056700.5339978938,951124.5067999908,385.0
9571,23025.0,2056700.5339978938,941124.5067999898,1613.0
9572,23025.0,2056700.5339978947,931124.5067999902,1585.0
9573,23025.0,2056700.5339978945,921124.506799992,3918.0
9574,23011.0,2056700.5339978947,911124.5067999896,5749.0
9575,23011.0,2056700.5339978945,901124.5067999901,3163.0
9576,23011.0,2056700.5339978947,891124.5067999919,8859.0
9577,23011.0,2056700.5339978938,881124.506799991,6434.0
9578,23011.0,2056700.5339978933,871124.5067999914,3342.0
9579,23023.0,2056700.5339978945,861124.5067999918,2235.0
9580,23023.0,2056700.5339978952,851124.5067999894,3017.0
9581,23005.0,2056700.5339978945,841124.5067999884,19849.0
9582,,2056700.5339978945,831124.5067999888,2177.0
9583,,2056700.5339978947,821124.5067999907,1196.0
9584,,2056700.5339978945,811124.5067999883,71.0
9585,,2056700.5339978945,801124.5067999902,0.0
9586,,2056700.5339978952,791124.5067999878,0.0
9601,,2056700.5339978954,641124.5067999857,4555.0
9602,25023.0,2056700.5339978947,631124.5067999861,24845.0
9603,25023.0,2056700.533997896,621124.5067999851,22822.0
9604,25023.0,2056700.5339978961,611124.5067999855,15574.0
9605,25023.0,2056700.5339978952,601124.506799986,5168.0
9606,25023.0,2056700.5339978947,591124.506799985,5539.0
9607,25005.0,2056700.5339978954,581124.5067999854,47154.0
9608,,2056700.5339978961,571124.506799983,33488.0
9609,,2056700.5339978945,561124.5067999848,116.0
9610,,2056700.5339978954,551124.5067999867,48.0
9647,,2065360.7880363206,1236124.5067981319,897.0
9648,23003.0,2065360.7880363273,1226124.5067981095,399.0
9649,23003.0,2065360.7880357364,1216124.5067999936,35.0
9650,23003.0,2065360.7880357364,1206124.506799994,430.0
9651,23003.0,2065360.788035737,1196124.5067999945,190.0
9652,23003.0,2065360.7880357376,1186124.5067999933,0.0
9653,23003.0,2065360.7880357376,1176124.5067999924,0.0
9654,23003.0,2065360.7880357383,1166124.5067999929,0.0
9655,23003.0,2065360.7880357376,1156124.506799992,0.0
9656,23003.0,2065360.7880357376,1146124.5067999924,0.0
9657,23003.0,2065360.7880357376,1136124.5067999912,0.0
9658,23021.0,2065360.7880357371,1126124.506799993,0.0
9659,23021.0,2065360.7880357383,1116124.5067999936,0.0
9660,23021.0,2065360.7880357383,1106124.5067999926,0.0
9661,23021.0,2065360.7880357378,1096124.5067999917,0.0
9662,23021.0,2065360.7880357378,1086124.5067999936,0.0
9663,23021.0,2065360.7880357378,1076124.506799991,1.0
9664,23021.0,2065360.7880357364,1066124.5067999943,0.0
9665,23021.0,2065360.788035737,1056124.5067999933,0.0
9666,23021.0,2065360.7880357371,1046124.5067999924,1.0
9667,23021.0,2065360.7880357383,1036124.50679999,0.0
9668,23021.0,2065360.7880357376,1026124.5067999918,0.0
9669,23021.0,2065360.7880357376,1016124.5067999923,0.0
9670,23021.0,2065360.7880357378,1006124.5067999912,14.0
9671,23021.0,2065360.7880357376,996124.5067999917,215.0
9672,23021.0,2065360.7880357376,986124.506799992,2232.0
9673,23021.0,2065360.7880357378,976124.5067999925,743.0
9674,23025.0,2065360.7880357376,966124.506799993,831.0
9675,23025.0,2065360.7880357385,956124.5067999905,2069.0
9676,23025.0,2065360.7880357383,946124.5067999896,1358.0
9677,23025.0,2065360.7880357376,936124.5067999915,2094.0
9678,23011.0,2065360.7880357376,926124.5067999918,2671.0
9679,23011.0,2065360.7880357376,916124.5067999937,25173.0
9680,23011.0,2065360.7880357385,906124.5067999884,3289.0
9681,23011.0,2065360.7880357385,896124.5067999903,2238.0
9682,23011.0,2065360.7880357385,886124.5067999922,11806.0
9683,23011.0,2065360.7880357383,876124.5067999897,10942.0
9684,23023.0,2065360.7880357383,866124.5067999888,3342.0
9685,23023.0,2065360.7880357385,856124.5067999891,1727.0
9686,23005.0,2065360.788035739,846124.506799991,8531.0
9687,,2065360.7880357385,836124.5067999901,5457.0
9688,23005.0,2065360.788035739,826124.506799989,2056.0
9689,,2065360.7880357392,816124.5067999881,143.0
9690,,2065360.7880357385,806124.5067999886,0.0
9707,,2065360.7880357397,636124.5067999859,0.0
9708,,2065360.7880357404,626124.506799985,4751.0
9709,25023.0,2065360.7880357392,616124.5067999853,23054.0
9710,25023.0,2065360.7880357392,606124.5067999858,4300.0
9711,25023.0,2065360.7880357392,596124.5067999848,14575.0
9712,,2065360.7880357397,586124.5067999838,6946.0
9713,,2065360.7880357383,576124.5067999857,1196.0
9714,,2065360.78803574,566124.5067999861,0.0
9715,25007.0,2065360.7880357404,556124.5067999837,4.0
9716,,2065360.7880357397,546124.5067999841,4.0
9717,,2065360.7880357406,536124.5067999845,0.0
9753,23003.0,2074021.0420741658,1241124.5067981372,2266.0
9754,23003.0,2074021.0420741725,1231124.5067981135,854.0
9755,23003.0,2074021.0420735816,1221124.5067999947,99.0
9756,23003.0,2074021.042073582,1211124.5067999938,0.0
9757,23003.0,2074021.0420735823,1201124.5067999915,0.0
9758,23003.0,2074021.0420735823,1191124.506799993,0.0
9759,23003.0,2074021.0420735814,1181124.5067999922,314.0
9760,23003.0,2074021.042073581,1171124.5067999954,0.0
9761,23003.0,2074021.0420735816,1161124.5067999945,0.0
9762,23003.0,2074021.0420735823,1151124.5067999922,0.0
9763,23003.0,2074021.0420735823,1141124.5067999926,0.0
9764,23019.0,2074021.0420735828,1131124.5067999943,0.0
9765,23019.0,2074021.0420735823,1121124.5067999933,0.0
9766,23019.0,2074021.042073582,1111124.5067999938,0.0
9767,23021.0,2074021.0420735823,1101124.5067999943,7.0
9769,23021.0,2074021.0420735816,1081124.5067999952,0.0
9770,23021.0,2074021.0420735828,1071124.5067999926,0.0
9771,23021.0,2074021.0420735816,1061124.506799993,0.0
9772,23021.0,2074021.0420735828,1051124.5067999908,0.0
9773,23021.0,2074021.0420735823,1041124.5067999911,0.0
9774,23021.0,2074021.0420735828,1031124.5067999916,5.0
9775,23021.0,2074021.042073582,1021124.506799992,0.0
9776,23021.0,2074021.042073582,1011124.5067999924,12.0
9777,23021.0,2074021.042073583,1001124.5067999915,359.0
9778,23021.0,2074021.042073582,991124.5067999933,3346.0
9779,23021.0,2074021.042073582,981124.5067999909,1270.0
9780,23019.0,2074021.042073583,971124.50679999,3244.0
9781,23025.0,2074021.042073582,961124.5067999903,1305.0
9782,23025.0,2074021.042073583,951124.5067999908,3078.0
9783,23025.0,2074021.042073583,941124.5067999912,2212.0
9784,23011.0,2074021.0420735828,931124.5067999902,2095.0
9785,23011.0,2074021.0420735823,921124.506799992,2472.0
9786,23011.0,2074021.0420735828,911124.5067999911,2664.0
9787,23011.0,2074021.042073583,901124.5067999901,2841.0
9788,23011.0,2074021.042073583,891124.5067999905,2716.0
9789,23015.0,2074021.0420735835,881124.5067999895,1665.0
9790,23011.0,2074021.0420735828,871124.50679999,1289.0
9791,23015.0,2074021.0420735835,861124.5067999904,2385.0
9792,23023.0,2074021.0420735837,851124.5067999908,3176.0
9793,23023.0,2074021.042073583,841124.5067999884,6195.0
9794,23023.0,2074021.0420735828,831124.5067999888,1394.0
9795,23023.0,2074021.0420735823,821124.5067999907,244.0
9796,,2074021.0420735835,811124.5067999897,0.0
9813,,2074021.0420735844,641124.506799987,0.0
9815,,2074021.0420735837,621124.5067999866,469.0
9816,25023.0,2074021.0420735837,611124.5067999841,14959.0
9817,25023.0,2074021.0420735837,601124.5067999846,15827.0
9818,,2074021.0420735842,591124.506799985,16001.0
9819,,2074021.0420735842,581124.5067999854,3611.0
9820,,2074021.0420735849,571124.506799983,963.0
9821,,2074021.0420735844,561124.5067999848,1.0
9822,,2074021.0420735842,551124.5067999853,815.0
9823,,2074021.0420735837,541124.5067999843,0.0
9859,23003.0,2082681.2961120175,1236124.5067981204,212.0
9860,23003.0,2082681.2961114259,1226124.5067999945,277.0
9861,23003.0,2082681.2961114254,1216124.506799995,96.0
9862,23003.0,2082681.2961114259,1206124.506799994,0.0
9863,23003.0,2082681.296111426,1196124.5067999945,0.0
9864,23003.0,2082681.2961114265,1186124.5067999933,0.0
9865,23003.0,2082681.2961114259,1176124.5067999952,93.0
9866,23003.0,2082681.2961114254,1166124.5067999943,317.0
9867,23003.0,2082681.2961114265,1156124.5067999933,42.0
9868,23003.0,2082681.2961114268,1146124.5067999924,0.0
9869,23003.0,2082681.296111426,1136124.5067999926,4.0
9870,23019.0,2082681.2961114265,1126124.5067999917,1.0
9871,23019.0,2082681.296111426,1116124.506799995,0.0
9872,23019.0,2082681.296111426,1106124.5067999926,1.0
9873,23019.0,2082681.2961114265,1096124.5067999945,0.0
9874,23019.0,2082681.2961114268,1086124.5067999936,0.0
9875,23019.0,2082681.296111426,1076124.5067999924,0.0
9876,23021.0,2082681.2961114254,1066124.5067999929,0.0
9877,23021.0,2082681.296111426,1056124.5067999933,45.0
9878,23019.0,2082681.2961114259,1046124.5067999909,16.0
9879,23021.0,2082681.296111426,1036124.5067999928,0.0
9880,23021.0,2082681.2961114268,1026124.5067999918,30.0
9881,23021.0,2082681.2961114259,1016124.5067999923,894.0
9882,23021.0,2082681.2961114268,1006124.5067999898,756.0
9883,23021.0,2082681.2961114275,996124.5067999917,666.0
9884,23021.0,2082681.296111426,986124.5067999936,810.0
9885,23019.0,2082681.2961114265,976124.5067999925,1262.0
9886,23019.0,2082681.2961114265,966124.506799993,1831.0
9887,23019.0,2082681.2961114259,956124.5067999919,3328.0
9888,23025.0,2082681.2961114275,946124.506799991,1363.0
9889,23027.0,2082681.2961114265,936124.50679999,1118.0
9890,23027.0,2082681.2961114268,926124.5067999904,1329.0
9891,23011.0,2082681.2961114268,916124.5067999909,1589.0
9892,23027.0,2082681.2961114265,906124.5067999912,1219.0
9893,23015.0,2082681.2961114268,896124.5067999931,966.0
9894,23015.0,2082681.2961114275,886124.5067999908,1990.0
9895,23015.0,2082681.2961114272,876124.5067999897,965.0
9896,23015.0,2082681.2961114272,866124.5067999902,1614.0
9897,23015.0,2082681.2961114272,856124.5067999891,2892.0
9898,23015.0,2082681.2961114275,846124.506799991,2944.0
9899,,2082681.2961114282,836124.5067999901,1284.0
9900,,2082681.2961114272,826124.5067999904,57.0
9919,,2082681.2961114282,636124.5067999859,0.0
9920,,2082681.296111428,626124.5067999878,0.0
9922,,2082681.2961114282,606124.5067999858,3683.0
9923,25001.0,2082681.296111428,596124.5067999848,9615.0
9924,25001.0,2082681.2961114282,586124.5067999866,11707.0
9925,25001.0,2082681.2961114275,576124.5067999843,20247.0
9926,,2082681.2961114289,566124.5067999832,6573.0
9927,25007.0,2082681.2961114282,556124.5067999851,2845.0
9928,,2082681.296111428,546124.5067999855,65.0
9929,,2082681.2961114282,536124.5067999859,0.0
9965,,2091341.5501498627,1241124.5067981258,134.0
9966,23003.0,2091341.55014987,1231124.5067981023,17.0
9967,23003.0,2091341.5501492696,1221124.5067999947,35.0
9968,23003.0,2091341.5501492703,1211124.5067999924,332.0
9969,23003.0,2091341.5501492699,1201124.5067999943,204.0
9970,23003.0,2091341.5501492696,1191124.506799993,217.0
9971,23003.0,2091341.5501492699,1181124.506799995,40.0
9972,23003.0,2091341.5501492703,1171124.5067999926,257.0
9973,23003.0,2091341.5501492703,1161124.5067999945,821.0
9974,23003.0,2091341.5501492703,1151124.5067999936,152.0
9975,23003.0,2091341.5501492699,1141124.506799994,62.0
9976,23019.0,2091341.5501492699,1131124.5067999929,0.0
9977,23019.0,2091341.5501492703,1121124.5067999933,0.0
9978,23019.0,2091341.5501492703,1111124.5067999924,13.0
9979,23019.0,2091341.550149271,1101124.5067999929,95.0
9980,23019.0,2091341.5501492696,1091124.5067999947,0.0
9981,23019.0,2091341.5501492706,1081124.5067999938,0.0
9982,23019.0,2091341.5501492699,1071124.5067999926,0.0
9983,23019.0,2091341.5501492703,1061124.5067999917,27.0
9984,23019.0,2091341.5501492703,1051124.5067999908,129.0
9985,23019.0,2091341.5501492713,1041124.5067999911,82.0
9986,23021.0,2091341.5501492699,1031124.5067999944,0.0
9987,23021.0,2091341.5501492706,1021124.5067999935,98.0
9988,23021.0,2091341.550149271,1011124.506799991,432.0
9989,23021.0,2091341.550149271,1001124.5067999901,2130.0
9990,23021.0,2091341.5501492706,991124.5067999919,430.0
9991,23019.0,2091341.5501492706,981124.5067999909,1556.0
9992,23019.0,2091341.5501492713,971124.5067999914,998.0
9993,23019.0,2091341.5501492717,961124.5067999889,1137.0
9994,23019.0,2091341.5501492706,951124.5067999936,1552.0
9995,23027.0,2091341.550149271,941124.5067999926,1095.0
9996,23027.0,2091341.550149271,931124.5067999902,1304.0
9997,23027.0,2091341.5501492703,921124.5067999907,1013.0
9998,23027.0,2091341.550149271,911124.5067999896,866.0
9999,23027.0,2091341.5501492713,901124.5067999915,901.0
10000,23013.0,2091341.5501492717,891124.5067999891,1523.0
10001,23015.0,2091341.550149271,881124.5067999924,1828.0
10002,23015.0,2091341.5501492713,871124.5067999886,2250.0
10003,23015.0,2091341.5501492717,861124.5067999904,3157.0
10004,23015.0,2091341.5501492724,851124.5067999894,2059.0
10005,,2091341.550149272,841124.5067999884,2681.0
10006,,2091341.5501492713,831124.5067999903,0.0
10026,,2091341.5501492727,631124.5067999847,0.0
10029,,2091341.5501492724,601124.5067999874,4421.0
10030,25001.0,2091341.5501492717,591124.5067999865,24387.0
10031,25001.0,2091341.5501492724,581124.506799984,9018.0
10032,,2091341.5501492724,571124.5067999859,0.0
10033,,2091341.5501492727,561124.5067999848,5942.0
10034,,2091341.5501492727,551124.5067999839,28.0
10071,23003.0,2100001.804187716,1236124.506798109,786.0
10072,23003.0,2100001.8041871153,1226124.506799993,180.0
10073,23003.0,2100001.804187115,1216124.506799995,328.0
10074,23003.0,2100001.8041871153,1206124.5067999926,861.0
10075,23003.0,2100001.804187115,1196124.5067999945,1111.0
10076,23003.0,2100001.8041871153,1186124.5067999933,1392.0
10077,23003.0,2100001.8041871153,1176124.5067999924,882.0
10078,23003.0,2100001.8041871153,1166124.5067999929,29.0
10079,23003.0,2100001.804187116,1156124.5067999933,66.0
10080,23003.0,2100001.8041871153,1146124.5067999938,0.0
10081,23003.0,2100001.8041871153,1136124.5067999926,0.0
10082,23003.0,2100001.8041871153,1126124.5067999945,0.0
10083,23019.0,2100001.804187115,1116124.506799995,0.0
10084,23019.0,2100001.804187116,1106124.5067999926,99.0
10085,23019.0,2100001.804187116,1096124.5067999917,344.0
10086,23019.0,2100001.8041871157,1086124.5067999936,2.0
10087,23019.0,2100001.804187115,1076124.5067999924,0.0
10088,23019.0,2100001.8041871157,1066124.5067999915,22.0
10089,23019.0,2100001.8041871153,1056124.5067999933,4521.0
10090,23019.0,2100001.8041871157,1046124.5067999952,0.0
10091,23019.0,2100001.8041871153,1036124.5067999928,10.0
10092,23019.0,2100001.8041871157,1026124.5067999918,1.0
10093,23021.0,2100001.8041871167,1016124.5067999908,20.0
10094,23021.0,2100001.8041871153,1006124.5067999926,396.0
10095,23021.0,2100001.8041871153,996124.5067999917,456.0
10096,23019.0,2100001.804187116,986124.506799992,1316.0
10097,23019.0,2100001.8041871153,976124.5067999911,2505.0
10098,23019.0,2100001.8041871167,966124.5067999901,2569.0
10099,23019.0,2100001.804187116,956124.5067999919,2515.0
10100,23019.0,2100001.804187116,946124.5067999896,993.0
10101,23027.0,2100001.8041871157,936124.50679999,842.0
10102,23027.0,2100001.8041871153,926124.5067999904,1335.0
10103,23027.0,2100001.8041871157,916124.5067999909,957.0
10104,23027.0,2100001.8041871167,906124.5067999912,1429.0
10105,23013.0,2100001.804187116,896124.5067999903,1485.0
10106,23013.0,2100001.8041871167,886124.5067999908,1896.0
10107,23015.0,2100001.8041871167,876124.5067999883,2791.0
10108,23015.0,2100001.8041871157,866124.5067999902,1580.0
10109,,2100001.8041871167,856124.5067999907,564.0
10110,,2100001.8041871167,846124.5067999882,695.0
10111,,2100001.8041871167,836124.5067999887,0.0
10130,,2100001.804187118,646124.5067999869,0.0
10131,,2100001.804187118,636124.5067999845,2975.0
10132,,2100001.8041871176,626124.5067999864,0.0
10133,,2100001.804187117,616124.5067999867,0.0
10134,,2100001.804187118,606124.5067999858,0.0
10135,25001.0,2100001.804187117,596124.5067999848,22372.0
10136,,2100001.804187118,586124.5067999852,5233.0
10138,,2100001.804187117,566124.5067999832,1.0
10139,,2100001.8041871185,556124.5067999837,187.0
10178,,2108662.0582249598,1231124.5067999943,1416.0
10179,23003.0,2108662.0582249593,1221124.5067999947,4.0
10180,23003.0,2108662.0582249598,1211124.5067999938,690.0
10181,23003.0,2108662.0582249598,1201124.5067999943,6272.0
10182,23003.0,2108662.0582249598,1191124.5067999947,1188.0
10183,23003.0,2108662.05822496,1181124.506799995,2306.0
10184,23003.0,2108662.0582249593,1171124.5067999926,463.0
10185,23003.0,2108662.058224959,1161124.506799996,0.0
10186,23003.0,2108662.05822496,1151124.5067999936,0.0
10187,23003.0,2108662.05822496,1141124.506799994,0.0
10188,23003.0,2108662.0582249598,1131124.5067999915,0.0
10189,23003.0,2108662.05822496,1121124.506799992,20.0
10190,23003.0,2108662.0582249598,1111124.5067999924,55.0
10191,23003.0,2108662.05822496,1101124.5067999929,722.0
10192,23019.0,2108662.058224961,1091124.506799992,383.0
10193,23019.0,2108662.0582249598,1081124.5067999922,313.0
10194,23019.0,2108662.0582249598,1071124.5067999926,4.0
10195,23019.0,2108662.0582249598,1061124.506799993,96.0
10196,23019.0,2108662.0582249607,1051124.5067999922,2466.0
10197,23019.0,2108662.0582249598,1041124.5067999911,0.0
10198,23019.0,2108662.0582249607,1031124.506799993,4.0
10199,23019.0,2108662.0582249598,1021124.5067999935,45.0
10200,23019.0,2108662.0582249593,1011124.5067999924,262.0
10201,23019.0,2108662.0582249598,1001124.5067999901,215.0
10202,23019.0,2108662.0582249598,991124.5067999919,345.0
10203,23019.0,2108662.0582249607,981124.5067999909,1128.0
10204,23019.0,2108662.058224961,971124.5067999928,3512.0
10205,23019.0,2108662.0582249607,961124.5067999917,5754.0
10206,23019.0,2108662.0582249598,951124.5067999922,2556.0
10207,23027.0,2108662.0582249607,941124.5067999898,1203.0
10208,23027.0,2108662.0582249598,931124.5067999916,1060.0
10209,23027.0,2108662.05822496,921124.5067999907,1505.0
10210,23027.0,2108662.0582249616,911124.5067999896,2146.0
10211,23027.0,2108662.058224961,901124.5067999915,1478.0
10212,23013.0,2108662.058224961,891124.5067999905,2371.0
10213,23013.0,2108662.0582249607,881124.506799991,2864.0
10214,23013.0,2108662.0582249616,871124.50679999,2818.0
10215,23013.0,2108662.0582249607,861124.5067999904,1665.0
10216,,2108662.0582249607,851124.5067999923,2.0
10217,,2108662.058224961,841124.5067999884,15.0
10237,,2108662.0582249626,641124.5067999843,1127.0
10238,,2108662.0582249626,631124.5067999861,654.0
10239,,2108662.058224963,621124.5067999866,0.0
10240,,2108662.058224963,611124.5067999841,37.0
10241,25001.0,2108662.0582249616,601124.5067999874,22227.0
10242,,2108662.058224962,591124.5067999865,13372.0
10245,,2108662.0582249626,561124.5067999848,0.0
10284,,2117322.312262804,1226124.5067999945,137.0
10285,23003.0,2117322.312262803,1216124.5067999964,274.0
10286,23003.0,2117322.3122628033,1206124.506799994,2352.0
10287,23003.0,2117322.312262803,1196124.506799996,768.0
10288,23003.0,2117322.3122628042,1186124.5067999947,1192.0
10289,23003.0,2117322.312262804,1176124.5067999938,7471.0
10290,23003.0,2117322.3122628042,1166124.5067999929,164.0
10291,23003.0,2117322.3122628042,1156124.5067999933,0.0
10292,23003.0,2117322.312262804,1146124.5067999924,0.0
10293,23003.0,2117322.312262804,1136124.5067999926,0.0
10294,23003.0,2117322.3122628033,1126124.5067999945,48.0
10295,23003.0,2117322.3122628042,1116124.5067999936,289.0
10296,23003.0,2117322.312262804,1106124.5067999926,613.0
10297,23003.0,2117322.312262804,1096124.506799993,255.0
10298,23003.0,2117322.3122628042,1086124.5067999922,693.0
10299,23003.0,2117322.3122628042,1076124.5067999924,216.0
10300,23003.0,2117322.3122628042,1066124.5067999929,9.0
10301,23019.0,2117322.3122628042,1056124.5067999933,388.0
10302,23019.0,2117322.3122628042,1046124.5067999924,299.0
10303,23019.0,2117322.3122628042,1036124.5067999914,180.0
10304,23019.0,2117322.3122628042,1026124.5067999918,902.0
10305,23019.0,2117322.3122628042,1016124.5067999908,2006.0
10306,23019.0,2117322.3122628042,1006124.5067999898,832.0
10307,23019.0,2117322.3122628042,996124.5067999931,354.0
10308,23019.0,2117322.3122628042,986124.506799992,780.0
10309,23019.0,2117322.3122628042,976124.5067999925,1799.0
10310,23019.0,2117322.3122628042,966124.5067999916,23605.0
10311,23019.0,2117322.312262804,956124.5067999905,8383.0
10312,23027.0,2117322.3122628042,946124.506799991,3844.0
10313,23027.0,2117322.3122628047,936124.5067999915,1607.0
10314,23027.0,2117322.3122628042,926124.5067999918,2740.0
10315,,2117322.3122628042,916124.5067999923,6015.0
10316,23027.0,2117322.312262805,906124.5067999898,1600.0
10317,23013.0,2117322.3122628047,896124.5067999903,5243.0
10318,23013.0,2117322.312262805,886124.5067999908,5531.0
10319,23013.0,2117322.3122628042,876124.5067999911,9985.0
10320,,2117322.3122628056,866124.5067999888,2164.0
10321,,2117322.3122628056,856124.5067999907,196.0
10322,,2117322.312262805,846124.5067999882,0.0
10343,,2117322.312262806,636124.5067999859,253.0
10344,25001.0,2117322.312262805,626124.5067999864,3237.0
10345,,2117322.3122628056,616124.5067999853,931.0
10346,25001.0,2117322.312262806,606124.5067999858,13638.0
10347,,2117322.312262806,596124.5067999848,8997.0
10351,25019.0,2117322.312262806,556124.5067999837,5.0
10392,,2125982.5663006483,1211124.5067999924,133.0
10393,23003.0,2125982.5663006487,1201124.5067999943,331.0
10394,23003.0,2125982.5663006483,1191124.506799993,2638.0
10395,23003.0,2125982.5663006487,1181124.506799995,1096.0
10396,23003.0,2125982.5663006483,1171124.5067999926,898.0
10397,23003.0,2125982.566300648,1161124.506799993,378.0
10398,23003.0,2125982.5663006487,1151124.506799995,10.0
10399,23003.0,2125982.5663006473,1141124.506799994,0.0
10400,23003.0,2125982.5663006487,1131124.5067999929,0.0
10401,23003.0,2125982.5663006487,1121124.5067999933,609.0
10402,23003.0,2125982.5663006487,1111124.5067999924,700.0
10403,23003.0,2125982.5663006487,1101124.5067999915,150.0
10404,23003.0,2125982.5663006487,1091124.506799992,0.0
10405,23003.0,2125982.5663006473,1081124.5067999952,36.0
10406,23003.0,2125982.5663006483,1071124.5067999926,6.0
10407,23003.0,2125982.5663006487,1061124.506799993,49.0
10408,23019.0,2125982.5663006483,1051124.5067999922,576.0
10409,23019.0,2125982.566300648,1041124.5067999925,393.0
10410,23019.0,2125982.5663006487,1031124.506799993,3443.0
10411,23019.0,2125982.5663006487,1021124.5067999935,944.0
10412,23019.0,2125982.5663006487,1011124.506799991,496.0
10413,23019.0,2125982.5663006487,1001124.5067999901,457.0
10414,23019.0,2125982.5663006497,991124.5067999904,1058.0
10415,23019.0,2125982.5663006487,981124.5067999923,10789.0
10416,23019.0,2125982.5663006483,971124.5067999928,13810.0
10417,23019.0,2125982.5663006487,961124.5067999903,21005.0
10418,23019.0,2125982.5663006487,951124.5067999922,2299.0
10419,23009.0,2125982.5663006497,941124.5067999898,4284.0
10420,23027.0,2125982.5663006487,931124.5067999916,1853.0
10421,,2125982.5663006487,921124.5067999907,793.0
10422,23027.0,2125982.5663006487,911124.5067999896,547.0
10423,,2125982.5663006497,901124.5067999887,346.0
10424,,2125982.566300649,891124.5067999905,1.0
10425,,2125982.5663006487,881124.506799991,273.0
10426,23013.0,2125982.566300649,871124.50679999,6.0
10427,,2125982.5663006487,861124.5067999904,0.0
10428,,2125982.5663006497,851124.5067999908,0.0
10451,,2125982.5663006497,621124.5067999894,4101.0
10452,25001.0,2125982.566300651,611124.5067999841,7291.0
10453,,2125982.56630065,601124.506799986,9803.0
10454,,2125982.56630065,591124.506799985,0.0
10455,,2125982.5663006506,581124.5067999854,0.0
10457,,2125982.5663006506,561124.5067999834,718.0
10458,,2125982.5663006506,551124.5067999867,540.0
10500,,2134642.8203384927,1186124.5067999947,36.0
10501,,2134642.8203384923,1176124.5067999938,126.0
10502,23003.0,2134642.820338493,1166124.5067999929,1707.0
10503,23003.0,2134642.820338493,1156124.5067999947,679.0
10504,23003.0,2134642.8203384937,1146124.5067999924,238.0
10505,23003.0,2134642.820338494,1136124.5067999926,63.0
10506,23003.0,2134642.8203384937,1126124.506799993,478.0
10507,23003.0,2134642.820338493,1116124.506799995,478.0
10508,23003.0,2134642.8203384937,1106124.5067999926,1.0
10509,23003.0,2134642.8203384937,1096124.5067999917,1.0
10510,23003.0,2134642.820338494,1086124.5067999936,2.0
10511,23003.0,2134642.820338493,1076124.5067999924,10.0
10512,23003.0,2134642.8203384946,1066124.5067999915,60.0
10513,23019.0,2134642.820338493,1056124.5067999933,166.0
10514,23019.0,2134642.820338494,1046124.5067999924,332.0
10515,23019.0,2134642.820338493,1036124.5067999942,551.0
10516,23019.0,2134642.8203384937,1026124.5067999932,253.0
10517,23019.0,2134642.820338494,1016124.5067999908,306.0
10518,23019.0,2134642.8203384937,1006124.5067999912,31.0
10519,23019.0,2134642.820338494,996124.5067999888,344.0
10520,23019.0,2134642.8203384937,986124.5067999907,10.0
10521,23019.0,2134642.8203384937,976124.5067999925,314.0
10522,23019.0,2134642.820338494,966124.506799993,2367.0
10523,23009.0,2134642.8203384937,956124.5067999919,1895.0
10524,23009.0,2134642.8203384937,946124.506799991,1227.0
10525,23009.0,2134642.820338494,936124.5067999915,1814.0
10526,23009.0,2134642.8203384937,926124.5067999918,1297.0
10527,,2134642.8203384937,916124.5067999923,1591.0
10528,,2134642.820338494,906124.5067999898,61.0
10529,,2134642.820338494,896124.5067999889,117.0
10530,23013.0,2134642.820338495,886124.5067999893,295.0
10531,,2134642.8203384937,876124.5067999911,0.0
10532,,2134642.820338495,866124.5067999902,0.0
10533,,2134642.8203384946,856124.5067999891,0.0
10557,,2134642.820338496,616124.5067999839,0.0
10558,,2134642.8203384955,606124.5067999844,39.0
10559,,2134642.820338495,596124.5067999862,0.0
10562,,2134642.8203384955,566124.5067999846,120.0
10563,25019.0,2134642.8203384955,556124.5067999851,8520.0
10609,,2143303.074376337,1161124.506799993,16.0
10610,,2143303.074376337,1151124.5067999936,105.0
10611,23003.0,2143303.074376337,1141124.506799994,801.0
10612,23003.0,2143303.0743763368,1131124.5067999915,1239.0
10613,23003.0,2143303.0743763368,1121124.5067999947,3993.0
10614,23003.0,2143303.0743763377,1111124.5067999924,670.0
10615,23003.0,2143303.0743763377,1101124.5067999915,0.0
10616,23003.0,2143303.0743763368,1091124.5067999933,94.0
10617,23003.0,2143303.074376337,1081124.5067999922,16.0
10618,23003.0,2143303.0743763368,1071124.5067999926,164.0
10619,23019.0,2143303.074376338,1061124.506799993,28.0
10620,23019.0,2143303.0743763377,1051124.5067999922,131.0
10621,23019.0,2143303.0743763377,1041124.5067999925,199.0
10622,23019.0,2143303.074376338,1031124.5067999916,464.0
10623,23019.0,2143303.0743763377,1021124.506799992,0.0
10624,23019.0,2143303.0743763377,1011124.5067999924,24.0
10625,23009.0,2143303.0743763377,1001124.5067999901,32.0
10626,23009.0,2143303.074376338,991124.5067999904,12.0
10627,23009.0,2143303.074376338,981124.5067999909,7.0
10628,23019.0,2143303.074376338,971124.5067999914,460.0
10629,23009.0,2143303.074376338,961124.5067999917,490.0
10630,23009.0,2143303.074376338,951124.5067999908,1077.0
10631,23009.0,2143303.0743763377,941124.5067999898,856.0
10632,23009.0,2143303.0743763386,931124.5067999902,983.0
10633,23009.0,2143303.074376339,921124.5067999893,1262.0
10634,,2143303.074376338,911124.5067999896,688.0
10635,,2143303.074376338,901124.5067999915,640.0
10636,,2143303.074376337,891124.5067999905,34.0
10637,,2143303.074376338,881124.5067999924,1073.0
10638,,2143303.0743763377,871124.50679999,0.0
10639,,2143303.074376338,861124.5067999904,75.0
10640,,2143303.074376338,851124.5067999923,0.0
10669,,2143303.0743763396,561124.5067999848,269.0
10670,,2143303.0743763396,551124.5067999853,0.0
10717,,2151963.3284141826,1136124.5067999926,46.0
10718,,2151963.3284141812,1126124.506799993,2457.0
10719,23003.0,2151963.3284141817,1116124.506799995,783.0
10720,23003.0,2151963.3284141817,1106124.5067999926,329.0
10721,23003.0,2151963.3284141826,1096124.5067999917,49.0
10722,23003.0,2151963.3284141826,1086124.5067999922,95.0
10723,23003.0,2151963.3284141817,1076124.506799991,65.0
10724,23029.0,2151963.328414182,1066124.5067999915,14.0
10725,23019.0,2151963.328414182,1056124.5067999933,91.0
10726,23019.0,2151963.3284141817,1046124.5067999924,252.0
10727,23019.0,2151963.328414183,1036124.5067999914,238.0
10728,23019.0,2151963.3284141817,1026124.5067999918,0.0
10729,23009.0,2151963.3284141817,1016124.5067999923,2.0
10730,23009.0,2151963.3284141826,1006124.5067999912,0.0
10731,23009.0,2151963.328414182,996124.5067999917,0.0
10732,23009.0,2151963.3284141812,986124.5067999936,74.0
10733,23009.0,2151963.328414183,976124.5067999911,357.0
10734,23009.0,2151963.328414182,966124.5067999901,399.0
10735,23009.0,2151963.3284141826,956124.5067999905,787.0
10736,23009.0,2151963.328414182,946124.5067999896,2796.0
10737,23009.0,2151963.3284141826,936124.5067999929,1652.0
10738,23009.0,2151963.328414182,926124.5067999932,1417.0
10739,23009.0,2151963.328414182,916124.5067999923,959.0
10740,23009.0,2151963.3284141826,906124.5067999898,912.0
10741,,2151963.328414182,896124.5067999903,1206.0
10742,,2151963.328414183,886124.5067999908,19.0
10743,,2151963.3284141826,876124.5067999911,0.0
10744,,2151963.3284141826,866124.5067999888,0.0
10745,,2151963.328414183,856124.5067999907,0.0
10746,,2151963.328414183,846124.5067999882,0.0
10826,,2160623.582452026,1111124.5067999924,19.0
10827,,2160623.582452027,1101124.5067999929,58.0
10828,,2160623.582452027,1091124.506799992,94.0
10829,23003.0,2160623.582452026,1081124.5067999938,181.0
10830,23029.0,2160623.582452027,1071124.5067999926,513.0
10831,23029.0,2160623.5824520257,1061124.5067999917,0.0
10832,23029.0,2160623.582452027,1051124.5067999922,21.0
10833,23019.0,2160623.582452027,1041124.5067999911,62.0
10834,23019.0,2160623.582452027,1031124.5067999916,42.0
10835,23009.0,2160623.582452026,1021124.506799992,0.0
10836,23009.0,2160623.5824520257,1011124.5067999924,0.0
10837,23009.0,2160623.5824520267,1001124.5067999915,3.0
10838,23009.0,2160623.582452027,991124.5067999904,0.0
10839,23009.0,2160623.582452026,981124.5067999909,25.0
10840,23009.0,2160623.582452027,971124.50679999,62.0
10841,23009.0,2160623.582452027,961124.5067999903,501.0
10842,23009.0,2160623.582452026,951124.5067999936,467.0
10843,23009.0,2160623.582452027,941124.5067999898,4261.0
10844,23009.0,2160623.582452026,931124.5067999916,1701.0
10845,23009.0,2160623.5824520267,921124.506799992,122.0
10846,,2160623.582452027,911124.5067999896,189.0
10847,,2160623.5824520267,901124.5067999915,103.0
10848,,2160623.582452027,891124.5067999905,32.0
10849,,2160623.582452027,881124.506799991,22.0
10935,23029.0,2169283.83648987,1076124.5067999924,79.0
10936,23029.0,2169283.8364898707,1066124.5067999915,173.0
10937,23029.0,2169283.8364898707,1056124.506799992,0.0
10938,23029.0,2169283.83648987,1046124.5067999938,9.0
10939,23029.0,2169283.8364898707,1036124.5067999914,0.0
10940,23029.0,2169283.8364898716,1026124.5067999918,0.0
10941,23029.0,2169283.836489871,1016124.5067999908,0.0
10942,23009.0,2169283.8364898716,1006124.5067999912,0.0
10943,23009.0,2169283.83648987,996124.5067999931,0.0
10944,23009.0,2169283.8364898707,986124.506799992,11.0
10945,23009.0,2169283.8364898707,976124.5067999897,9.0
10946,23009.0,2169283.8364898707,966124.5067999901,126.0
10947,23009.0,2169283.8364898707,956124.5067999905,1029.0
10948,23009.0,2169283.836489871,946124.506799991,2118.0
10949,,2169283.836489871,936124.50679999,2352.0
10950,23009.0,2169283.836489871,926124.5067999918,2147.0
10951,23009.0,2169283.836489871,916124.5067999909,3177.0
10952,,2169283.8364898716,906124.5067999898,187.0
10953,,2169283.8364898716,896124.5067999889,143.0
10954,,2169283.836489871,886124.5067999893,0.0
11042,23029.0,2177944.090527715,1071124.5067999926,0.0
11043,23029.0,2177944.0905277156,1061124.506799993,43.0
11044,23029.0,2177944.0905277156,1051124.5067999936,232.0
11045,23029.0,2177944.0905277156,1041124.5067999911,46.0
11046,23029.0,2177944.0905277166,1031124.5067999902,7.0
11047,23029.0,2177944.0905277166,1021124.506799992,0.0
11048,23029.0,2177944.0905277166,1011124.506799991,0.0
11049,23029.0,2177944.090527716,1001124.5067999929,0.0
11050,23029.0,2177944.090527717,991124.5067999904,9.0
11051,23029.0,2177944.0905277156,981124.5067999923,52.0
11052,23009.0,2177944.090527716,971124.50679999,46.0
11053,23009.0,2177944.0905277166,961124.5067999903,34.0
11054,23009.0,2177944.0905277166,951124.5067999908,509.0
11055,,2177944.0905277156,941124.5067999912,768.0
11056,23009.0,2177944.090527717,931124.5067999902,2597.0
11057,23009.0,2177944.0905277166,921124.5067999907,1119.0
11058,,2177944.0905277166,911124.5067999896,129.0
11059,,2177944.0905277166,901124.5067999901,61.0
11147,,2186604.3445655596,1076124.5067999924,13.0
11148,23029.0,2186604.344565559,1066124.5067999915,34.0
11149,23029.0,2186604.344565559,1056124.5067999933,3.0
11150,23029.0,2186604.34456556,1046124.5067999924,120.0
11151,23029.0,2186604.3445655596,1036124.5067999914,18.0
11152,23029.0,2186604.3445655596,1026124.5067999918,125.0
11153,23029.0,2186604.3445655606,1016124.5067999923,0.0
11154,23029.0,2186604.3445655606,1006124.5067999912,0.0
11155,23029.0,2186604.3445655606,996124.5067999917,0.0
11156,23029.0,2186604.34456556,986124.506799992,1.0
11157,23029.0,2186604.34456556,976124.5067999897,9.0
11158,23029.0,2186604.3445655606,966124.5067999901,306.0
11159,23029.0,2186604.3445655606,956124.5067999905,220.0
11160,23009.0,2186604.3445655606,946124.5067999896,778.0
11161,23009.0,2186604.3445655606,936124.50679999,1061.0
11162,,2186604.3445655606,926124.5067999904,0.0
11163,,2186604.344565561,916124.5067999909,0.0
11164,,2186604.3445655596,906124.5067999898,0.0
11253,,2195264.598603405,1081124.5067999922,0.0
11254,23029.0,2195264.598603404,1071124.5067999912,162.0
11255,23029.0,2195264.5986034046,1061124.506799993,0.0
11256,23029.0,2195264.5986034046,1051124.5067999922,0.0
11257,23029.0,2195264.5986034037,1041124.5067999925,435.0
11258,23029.0,2195264.5986034046,1031124.5067999916,760.0
11259,23029.0,2195264.598603405,1021124.506799992,37.0
11260,23029.0,2195264.5986034037,1011124.5067999924,12.0
11261,23029.0,2195264.598603405,1001124.5067999915,67.0
11262,23029.0,2195264.5986034046,991124.5067999904,0.0
11263,23029.0,2195264.5986034046,981124.5067999895,3.0
11264,23029.0,2195264.598603405,971124.50679999,228.0
11265,23029.0,2195264.598603405,961124.5067999903,1641.0
11266,23029.0,2195264.5986034037,951124.5067999936,1496.0
11267,,2195264.598603405,941124.5067999898,318.0
11268,,2195264.598603405,931124.5067999902,44.0
11361,,2203924.852641248,1056124.506799992,0.0
11362,,2203924.852641248,1046124.5067999938,0.0
11363,23029.0,2203924.8526412486,1036124.5067999914,389.0
11364,23029.0,2203924.8526412486,1026124.5067999932,211.0
11365,23029.0,2203924.8526412495,1016124.5067999894,106.0
11366,23029.0,2203924.852641248,1006124.5067999912,48.0
11367,23029.0,2203924.852641249,996124.5067999917,36.0
11368,23029.0,2203924.852641249,986124.506799992,3.0
11369,23029.0,2203924.8526412486,976124.5067999897,561.0
11370,23029.0,2203924.8526412495,966124.5067999901,1460.0
11371,23029.0,2203924.8526412495,956124.5067999905,230.0
11372,,2203924.852641248,946124.506799991,120.0
11373,,2203924.8526412495,936124.5067999886,0.0
11470,23029.0,2212585.106679092,1031124.5067999902,1497.0
11471,23029.0,2212585.1066790926,1021124.5067999935,377.0
11472,23029.0,2212585.106679092,1011124.506799991,103.0
11473,23029.0,2212585.106679093,1001124.5067999915,76.0
11474,23029.0,2212585.1066790926,991124.5067999904,135.0
11475,23029.0,2212585.106679093,981124.5067999895,41.0
11476,23029.0,2212585.1066790926,971124.5067999914,409.0
11477,23029.0,2212585.1066790926,961124.5067999917,888.0
11478,,2212585.1066790926,951124.5067999908,10.0
11575,23029.0,2221245.360716937,1036124.5067999914,2772.0
11576,23029.0,2221245.360716937,1026124.5067999918,128.0
11577,23029.0,2221245.3607169366,1016124.5067999923,140.0
11578,23029.0,2221245.360716937,1006124.5067999912,53.0
11579,23029.0,2221245.360716937,996124.5067999903,144.0
11580,23029.0,2221245.360716938,986124.5067999907,2784.0
11581,23029.0,2221245.3607169376,976124.5067999897,775.0
11582,,2221245.3607169376,966124.5067999901,980.0
11583,23029.0,2221245.360716937,956124.5067999905,508.0
11584,,2221245.3607169366,946124.506799991,0.0
11681,,2229905.614754781,1041124.5067999911,62.0
11682,23029.0,2229905.6147547816,1031124.5067999916,775.0
11683,23029.0,2229905.614754782,1021124.506799992,457.0
11684,23029.0,2229905.6147547816,1011124.5067999939,433.0
11685,23029.0,2229905.614754783,1001124.5067999901,25.0
11686,23029.0,2229905.6147547816,991124.5067999904,1057.0
11687,23029.0,2229905.6147547816,981124.5067999923,1296.0
11688,,2229905.6147547816,971124.50679999,159.0
11689,,2229905.614754782,961124.5067999889,0.0
11690,,2229905.6147547816,951124.5067999922,0.0
11787,,2238565.868792626,1036124.5067999914,46.0
11788,23029.0,2238565.868792627,1026124.5067999904,695.0
11789,23029.0,2238565.8687926265,1016124.5067999908,874.0
11790,23029.0,2238565.8687926265,1006124.5067999926,246.0
11791,23029.0,2238565.8687926265,996124.5067999917,297.0
11792,23029.0,2238565.8687926265,986124.506799992,374.0
11793,23029.0,2238565.8687926265,976124.5067999897,0.0
11794,,2238565.8687926265,966124.5067999916,0.0
11895,,2247226.122830471,1021124.506799992,1281.0
11896,,2247226.1228304706,1011124.506799991,405.0
11897,23029.0,2247226.1228304706,1001124.5067999929,401.0
11898,23029.0,2247226.122830471,991124.5067999904,51.0
11899,,2247226.1228304696,981124.5067999923,132.0
12001,,2255886.3768683155,1016124.5067999908,1181.0
12002,23029.0,2255886.376868315,1006124.5067999898,674.0
12003,,2255886.376868315,996124.5067999917,28.0
