"","Xloc","Yloc","Landuse","Rock"
"1",0.3,1.7,"Pasture","Sequanian"
"2",0.35,1.7,"Pasture","Sequanian"
"3",0.35,1.75,"Pasture","Sequanian"
"4",0.4,1.7,"Pasture","Kimmeridgian"
"5",0.4,1.75,"Forest","Kimmeridgian"
"6",0.4,1.8,"Forest","Kimmeridgian"
"7",0.4,1.85,"Forest","Sequanian"
"8",0.4,1.9,"Forest","Sequanian"
"9",0.4,2.1,"Meadow","Argovian"
"10",0.4,2.15,"Meadow","Argovian"
"11",0.4,2.2,"Meadow","Argovian"
"12",0.4,2.4,"Meadow","Argovian"
"13",0.4,2.45,"Meadow","Argovian"
"14",0.4,2.5,"Meadow","Argovian"
"15",0.4,2.55,"Meadow","Argovian"
"16",0.4,2.6,"Meadow","Argovian"
"17",0.4,2.65,"Meadow","Argovian"
"18",0.4,2.7,"Meadow","Argovian"
"19",0.45,1.7,"Pasture","Kimmeridgian"
"20",0.45,1.75,"Forest","Kimmeridgian"
"21",0.45,1.8,"Forest","Kimmeridgian"
"22",0.45,1.85,"Forest","Sequanian"
"23",0.45,1.9,"Forest","Sequanian"
"24",0.45,1.95,"Forest","Quaternary"
"25",0.45,2.1,"Meadow","Argovian"
"26",0.45,2.15,"Meadow","Argovian"
"27",0.45,2.2,"Meadow","Argovian"
"28",0.45,2.25,"Meadow","Argovian"
"29",0.45,2.4,"Meadow","Argovian"
"30",0.45,2.45,"Meadow","Argovian"
"31",0.45,2.5,"Meadow","Argovian"
"32",0.45,2.55,"Meadow","Argovian"
"33",0.45,2.6,"Meadow","Argovian"
"34",0.45,2.65,"Meadow","Argovian"
"35",0.45,2.7,"Meadow","Argovian"
"36",0.5,1.7,"Forest","Kimmeridgian"
"37",0.5,1.75,"Forest","Kimmeridgian"
"38",0.5,1.8,"Forest","Kimmeridgian"
"39",0.5,1.85,"Forest","Kimmeridgian"
"40",0.5,1.9,"Forest","Kimmeridgian"
"41",0.5,1.95,"Forest","Quaternary"
"42",0.5,2,"Forest","Quaternary"
"43",0.5,2.05,"Forest","Quaternary"
"44",0.5,2.1,"Forest","Argovian"
"45",0.5,2.15,"Forest","Argovian"
"46",0.5,2.2,"Forest","Argovian"
"47",0.5,2.25,"Meadow","Argovian"
"48",0.5,2.3,"Meadow","Argovian"
"49",0.5,2.35,"Meadow","Argovian"
"50",0.5,2.4,"Pasture","Argovian"
"51",0.5,2.45,"Pasture","Argovian"
"52",0.5,2.5,"Meadow","Argovian"
"53",0.5,2.55,"Meadow","Argovian"
"54",0.5,2.6,"Meadow","Argovian"
"55",0.5,2.65,"Forest","Argovian"
"56",0.5,2.7,"Forest","Argovian"
"57",0.55,1.7,"Forest","Kimmeridgian"
"58",0.55,1.75,"Forest","Kimmeridgian"
"59",0.55,1.8,"Forest","Kimmeridgian"
"60",0.55,1.85,"Forest","Kimmeridgian"
"61",0.55,1.9,"Forest","Kimmeridgian"
"62",0.55,1.95,"Forest","Kimmeridgian"
"63",0.55,2,"Forest","Kimmeridgian"
"64",0.55,2.05,"Forest","Kimmeridgian"
"65",0.55,2.1,"Forest","Quaternary"
"66",0.55,2.15,"Meadow","Argovian"
"67",0.55,2.2,"Meadow","Argovian"
"68",0.55,2.25,"Pasture","Argovian"
"69",0.55,2.3,"Pasture","Argovian"
"70",0.55,2.35,"Pasture","Argovian"
"71",0.55,2.4,"Pasture","Argovian"
"72",0.55,2.45,"Pasture","Argovian"
"73",0.55,2.5,"Forest","Argovian"
"74",0.55,2.55,"Forest","Argovian"
"75",0.55,2.6,"Forest","Argovian"
"76",0.55,2.65,"Forest","Argovian"
"77",0.55,2.7,"Forest","Argovian"
"78",0.6,1.6,"Meadow","Kimmeridgian"
"79",0.6,1.65,"Meadow","Kimmeridgian"
"80",0.6,1.7,"Forest","Kimmeridgian"
"81",0.6,1.75,"Forest","Kimmeridgian"
"82",0.6,1.8,"Forest","Kimmeridgian"
"83",0.6,1.85,"Forest","Kimmeridgian"
"84",0.6,1.9,"Forest","Kimmeridgian"
"85",0.6,1.95,"Forest","Kimmeridgian"
"86",0.6,2,"Forest","Kimmeridgian"
"87",0.6,2.05,"Forest","Kimmeridgian"
"88",0.6,2.1,"Forest","Quaternary"
"89",0.6,2.15,"Meadow","Argovian"
"90",0.6,2.2,"Meadow","Argovian"
"91",0.6,2.25,"Pasture","Argovian"
"92",0.6,2.3,"Pasture","Argovian"
"93",0.6,2.35,"Pasture","Argovian"
"94",0.6,2.4,"Pasture","Argovian"
"95",0.6,2.45,"Pasture","Argovian"
"96",0.6,2.5,"Forest","Argovian"
"97",0.6,2.55,"Forest","Argovian"
"98",0.6,2.6,"Forest","Argovian"
"99",0.6,2.65,"Forest","Argovian"
"100",0.6,2.7,"Forest","Argovian"
"101",0.65,1.6,"Meadow","Kimmeridgian"
"102",0.65,1.65,"Meadow","Kimmeridgian"
"103",0.65,1.7,"Forest","Kimmeridgian"
"104",0.65,1.75,"Forest","Kimmeridgian"
"105",0.65,1.8,"Forest","Kimmeridgian"
"106",0.65,1.85,"Forest","Kimmeridgian"
"107",0.65,1.9,"Forest","Kimmeridgian"
"108",0.65,1.95,"Forest","Kimmeridgian"
"109",0.65,2,"Forest","Kimmeridgian"
"110",0.65,2.05,"Forest","Kimmeridgian"
"111",0.65,2.1,"Forest","Quaternary"
"112",0.65,2.15,"Meadow","Argovian"
"113",0.65,2.2,"Meadow","Argovian"
"114",0.65,2.25,"Pasture","Argovian"
"115",0.65,2.3,"Pasture","Argovian"
"116",0.65,2.35,"Pasture","Argovian"
"117",0.65,2.4,"Pasture","Argovian"
"118",0.65,2.45,"Pasture","Argovian"
"119",0.65,2.5,"Forest","Argovian"
"120",0.65,2.55,"Forest","Argovian"
"121",0.65,2.6,"Forest","Argovian"
"122",0.65,2.65,"Forest","Argovian"
"123",0.65,2.7,"Forest","Argovian"
"124",0.7,1.6,"Forest","Kimmeridgian"
"125",0.7,1.65,"Forest","Kimmeridgian"
"126",0.7,1.7,"Forest","Kimmeridgian"
"127",0.7,1.75,"Forest","Kimmeridgian"
"128",0.7,1.8,"Forest","Sequanian"
"129",0.7,1.85,"Forest","Kimmeridgian"
"130",0.7,1.9,"Forest","Kimmeridgian"
"131",0.7,1.95,"Forest","Kimmeridgian"
"132",0.7,2,"Forest","Kimmeridgian"
"133",0.7,2.05,"Pasture","Sequanian"
"134",0.7,2.1,"Pasture","Sequanian"
"135",0.7,2.15,"Pasture","Quaternary"
"136",0.7,2.2,"Pasture","Quaternary"
"137",0.7,2.25,"Pasture","Argovian"
"138",0.7,2.3,"Pasture","Argovian"
"139",0.7,2.35,"Pasture","Argovian"
"140",0.7,2.4,"Pasture","Argovian"
"141",0.7,2.45,"Pasture","Argovian"
"142",0.7,2.5,"Forest","Argovian"
"143",0.7,2.55,"Forest","Argovian"
"144",0.7,2.6,"Forest","Argovian"
"145",0.7,2.65,"Forest","Argovian"
"146",0.7,2.7,"Forest","Argovian"
"147",0.75,1.6,"Meadow","Sequanian"
"148",0.75,1.65,"Meadow","Sequanian"
"149",0.75,1.7,"Meadow","Sequanian"
"150",0.75,1.75,"Meadow","Sequanian"
"151",0.75,1.8,"Meadow","Sequanian"
"152",0.75,1.85,"Forest","Kimmeridgian"
"153",0.75,1.9,"Forest","Kimmeridgian"
"154",0.75,1.95,"Meadow","Kimmeridgian"
"155",0.75,2,"Meadow","Kimmeridgian"
"156",0.75,2.05,"Pasture","Sequanian"
"157",0.75,2.1,"Pasture","Sequanian"
"158",0.75,2.15,"Pasture","Sequanian"
"159",0.75,2.2,"Pasture","Sequanian"
"160",0.75,2.25,"Pasture","Sequanian"
"161",0.75,2.3,"Pasture","Quaternary"
"162",0.75,2.35,"Pasture","Quaternary"
"163",0.75,2.4,"Pasture","Argovian"
"164",0.75,2.45,"Pasture","Argovian"
"165",0.75,2.5,"Pasture","Argovian"
"166",0.75,2.55,"Pasture","Argovian"
"167",0.75,2.6,"Pasture","Argovian"
"168",0.75,2.65,"Pasture","Argovian"
"169",0.75,2.7,"Pasture","Argovian"
"170",0.75,2.75,"Pasture","Argovian"
"171",0.8,1.5,"Meadow","Sequanian"
"172",0.8,1.55,"Meadow","Sequanian"
"173",0.8,1.6,"Meadow","Sequanian"
"174",0.8,1.65,"Meadow","Sequanian"
"175",0.8,1.7,"Meadow","Sequanian"
"176",0.8,1.75,"Meadow","Sequanian"
"177",0.8,1.8,"Meadow","Sequanian"
"178",0.8,1.85,"Forest","Kimmeridgian"
"179",0.8,1.9,"Forest","Kimmeridgian"
"180",0.8,1.95,"Meadow","Kimmeridgian"
"181",0.8,2,"Meadow","Kimmeridgian"
"182",0.8,2.05,"Meadow","Kimmeridgian"
"183",0.8,2.1,"Pasture","Kimmeridgian"
"184",0.8,2.15,"Pasture","Sequanian"
"185",0.8,2.2,"Pasture","Sequanian"
"186",0.8,2.25,"Pasture","Sequanian"
"187",0.8,2.3,"Pasture","Quaternary"
"188",0.8,2.35,"Pasture","Quaternary"
"189",0.8,2.4,"Pasture","Argovian"
"190",0.8,2.45,"Pasture","Argovian"
"191",0.8,2.5,"Pasture","Argovian"
"192",0.8,2.55,"Pasture","Argovian"
"193",0.8,2.6,"Pasture","Argovian"
"194",0.8,2.65,"Pasture","Argovian"
"195",0.8,2.7,"Pasture","Argovian"
"196",0.8,2.75,"Pasture","Argovian"
"197",0.8,2.8,"Pasture","Argovian"
"198",0.85,1.5,"Meadow","Sequanian"
"199",0.85,1.55,"Meadow","Sequanian"
"200",0.85,1.6,"Meadow","Sequanian"
"201",0.85,1.65,"Meadow","Sequanian"
"202",0.85,1.7,"Pasture","Sequanian"
"203",0.85,1.75,"Meadow","Sequanian"
"204",0.85,1.8,"Meadow","Sequanian"
"205",0.85,1.85,"Meadow","Sequanian"
"206",0.85,1.9,"Meadow","Sequanian"
"207",0.85,1.95,"Pasture","Kimmeridgian"
"208",0.85,2,"Pasture","Kimmeridgian"
"209",0.85,2.05,"Pasture","Kimmeridgian"
"210",0.85,2.1,"Pasture","Kimmeridgian"
"211",0.85,2.15,"Pasture","Sequanian"
"212",0.85,2.2,"Pasture","Sequanian"
"213",0.85,2.25,"Pasture","Sequanian"
"214",0.85,2.3,"Pasture","Sequanian"
"215",0.85,2.35,"Pasture","Sequanian"
"216",0.85,2.4,"Pasture","Quaternary"
"217",0.85,2.45,"Pasture","Argovian"
"218",0.85,2.5,"Pasture","Argovian"
"219",0.85,2.55,"Pasture","Argovian"
"220",0.85,2.6,"Pasture","Argovian"
"221",0.85,2.65,"Pasture","Argovian"
"222",0.85,2.7,"Pasture","Argovian"
"223",0.85,2.75,"Pasture","Argovian"
"224",0.85,2.8,"Forest","Argovian"
"225",0.85,2.85,"Forest","Argovian"
"226",0.9,1.4,"Meadow","Sequanian"
"227",0.9,1.45,"Meadow","Sequanian"
"228",0.9,1.5,"Meadow","Sequanian"
"229",0.9,1.55,"Meadow","Sequanian"
"230",0.9,1.6,"Meadow","Sequanian"
"231",0.9,1.65,"Meadow","Sequanian"
"232",0.9,1.7,"Pasture","Sequanian"
"233",0.9,1.75,"Meadow","Sequanian"
"234",0.9,1.8,"Meadow","Sequanian"
"235",0.9,1.85,"Meadow","Sequanian"
"236",0.9,1.9,"Meadow","Sequanian"
"237",0.9,1.95,"Pasture","Kimmeridgian"
"238",0.9,2,"Pasture","Kimmeridgian"
"239",0.9,2.05,"Pasture","Kimmeridgian"
"240",0.9,2.1,"Pasture","Kimmeridgian"
"241",0.9,2.15,"Pasture","Sequanian"
"242",0.9,2.2,"Pasture","Sequanian"
"243",0.9,2.25,"Pasture","Sequanian"
"244",0.9,2.3,"Pasture","Sequanian"
"245",0.9,2.35,"Pasture","Sequanian"
"246",0.9,2.4,"Pasture","Quaternary"
"247",0.9,2.45,"Pasture","Argovian"
"248",0.9,2.5,"Pasture","Argovian"
"249",0.9,2.55,"Pasture","Argovian"
"250",0.9,2.6,"Pasture","Argovian"
"251",0.9,2.65,"Pasture","Argovian"
"252",0.9,2.7,"Pasture","Argovian"
"253",0.9,2.75,"Pasture","Argovian"
"254",0.9,2.8,"Forest","Argovian"
"255",0.9,2.85,"Forest","Argovian"
"256",0.9,2.9,"Forest","Argovian"
"257",0.95,1.4,"Meadow","Argovian"
"258",0.95,1.45,"Meadow","Sequanian"
"259",0.95,1.5,"Meadow","Sequanian"
"260",0.95,1.55,"Meadow","Sequanian"
"261",0.95,1.6,"Meadow","Sequanian"
"262",0.95,1.65,"Meadow","Sequanian"
"263",0.95,1.7,"Pasture","Sequanian"
"264",0.95,1.75,"Meadow","Sequanian"
"265",0.95,1.8,"Meadow","Sequanian"
"266",0.95,1.85,"Pasture","Sequanian"
"267",0.95,1.9,"Pasture","Sequanian"
"268",0.95,1.95,"Pasture","Sequanian"
"269",0.95,2,"Pasture","Sequanian"
"270",0.95,2.05,"Pasture","Sequanian"
"271",0.95,2.1,"Pasture","Kimmeridgian"
"272",0.95,2.15,"Pasture","Sequanian"
"273",0.95,2.2,"Pasture","Sequanian"
"274",0.95,2.25,"Pasture","Sequanian"
"275",0.95,2.3,"Pasture","Sequanian"
"276",0.95,2.35,"Pasture","Sequanian"
"277",0.95,2.4,"Pasture","Sequanian"
"278",0.95,2.45,"Pasture","Sequanian"
"279",0.95,2.5,"Pasture","Quaternary"
"280",0.95,2.55,"Pasture","Argovian"
"281",0.95,2.6,"Pasture","Argovian"
"282",0.95,2.65,"Pasture","Argovian"
"283",0.95,2.7,"Pasture","Argovian"
"284",0.95,2.75,"Pasture","Argovian"
"285",0.95,2.8,"Forest","Argovian"
"286",0.95,2.85,"Forest","Argovian"
"287",0.95,2.9,"Pasture","Argovian"
"288",0.95,2.95,"Meadow","Argovian"
"289",1,1.3,"Meadow","Argovian"
"290",1,1.35,"Meadow","Argovian"
"291",1,1.4,"Meadow","Argovian"
"292",1,1.45,"Meadow","Sequanian"
"293",1,1.5,"Meadow","Sequanian"
"294",1,1.55,"Meadow","Sequanian"
"295",1,1.6,"Meadow","Sequanian"
"296",1,1.65,"Meadow","Sequanian"
"297",1,1.7,"Pasture","Sequanian"
"298",1,1.75,"Pasture","Sequanian"
"299",1,1.8,"Pasture","Sequanian"
"300",1,1.85,"Pasture","Sequanian"
"301",1,1.9,"Pasture","Sequanian"
"302",1,1.95,"Pasture","Sequanian"
"303",1,2,"Pasture","Sequanian"
"304",1,2.05,"Pasture","Sequanian"
"305",1,2.1,"Pasture","Kimmeridgian"
"306",1,2.15,"Pasture","Kimmeridgian"
"307",1,2.2,"Pasture","Kimmeridgian"
"308",1,2.25,"Pasture","Kimmeridgian"
"309",1,2.3,"Meadow","Sequanian"
"310",1,2.35,"Meadow","Sequanian"
"311",1,2.4,"Pasture","Sequanian"
"312",1,2.45,"Pasture","Sequanian"
"313",1,2.5,"Pasture","Quaternary"
"314",1,2.55,"Pasture","Argovian"
"315",1,2.6,"Pasture","Argovian"
"316",1,2.65,"Pasture","Argovian"
"317",1,2.7,"Pasture","Argovian"
"318",1,2.75,"Pasture","Argovian"
"319",1,2.8,"Pasture","Argovian"
"320",1,2.85,"Pasture","Argovian"
"321",1,2.9,"Pasture","Argovian"
"322",1,2.95,"Meadow","Argovian"
"323",1,3,"Meadow","Argovian"
"324",1.05,1.3,"Meadow","Argovian"
"325",1.05,1.35,"Meadow","Argovian"
"326",1.05,1.4,"Meadow","Argovian"
"327",1.05,1.45,"Meadow","Sequanian"
"328",1.05,1.5,"Meadow","Sequanian"
"329",1.05,1.55,"Meadow","Sequanian"
"330",1.05,1.6,"Meadow","Sequanian"
"331",1.05,1.65,"Meadow","Sequanian"
"332",1.05,1.7,"Pasture","Sequanian"
"333",1.05,1.75,"Pasture","Sequanian"
"334",1.05,1.8,"Pasture","Sequanian"
"335",1.05,1.85,"Pasture","Sequanian"
"336",1.05,1.9,"Pasture","Sequanian"
"337",1.05,1.95,"Pasture","Sequanian"
"338",1.05,2,"Pasture","Sequanian"
"339",1.05,2.05,"Pasture","Sequanian"
"340",1.05,2.1,"Pasture","Kimmeridgian"
"341",1.05,2.15,"Pasture","Kimmeridgian"
"342",1.05,2.2,"Pasture","Kimmeridgian"
"343",1.05,2.25,"Pasture","Kimmeridgian"
"344",1.05,2.3,"Meadow","Sequanian"
"345",1.05,2.35,"Meadow","Sequanian"
"346",1.05,2.4,"Pasture","Sequanian"
"347",1.05,2.45,"Pasture","Sequanian"
"348",1.05,2.5,"Pasture","Quaternary"
"349",1.05,2.55,"Pasture","Argovian"
"350",1.05,2.6,"Pasture","Argovian"
"351",1.05,2.65,"Pasture","Argovian"
"352",1.05,2.7,"Pasture","Argovian"
"353",1.05,2.75,"Pasture","Argovian"
"354",1.05,2.8,"Pasture","Argovian"
"355",1.05,2.85,"Pasture","Argovian"
"356",1.05,2.9,"Pasture","Argovian"
"357",1.05,2.95,"Meadow","Argovian"
"358",1.05,3,"Meadow","Argovian"
"359",1.05,3.05,"Meadow","Argovian"
"360",1.1,0.7,"Meadow","Sequanian"
"361",1.1,1.2,"Meadow","Argovian"
"362",1.1,1.25,"Meadow","Argovian"
"363",1.1,1.3,"Meadow","Argovian"
"364",1.1,1.35,"Meadow","Argovian"
"365",1.1,1.4,"Meadow","Argovian"
"366",1.1,1.45,"Pasture","Sequanian"
"367",1.1,1.5,"Pasture","Sequanian"
"368",1.1,1.55,"Pasture","Sequanian"
"369",1.1,1.6,"Pasture","Sequanian"
"370",1.1,1.65,"Pasture","Sequanian"
"371",1.1,1.7,"Pasture","Sequanian"
"372",1.1,1.75,"Pasture","Sequanian"
"373",1.1,1.8,"Pasture","Sequanian"
"374",1.1,1.85,"Pasture","Sequanian"
"375",1.1,1.9,"Pasture","Sequanian"
"376",1.1,1.95,"Pasture","Sequanian"
"377",1.1,2,"Pasture","Sequanian"
"378",1.1,2.05,"Meadow","Sequanian"
"379",1.1,2.1,"Meadow","Sequanian"
"380",1.1,2.15,"Pasture","Kimmeridgian"
"381",1.1,2.2,"Pasture","Kimmeridgian"
"382",1.1,2.25,"Meadow","Kimmeridgian"
"383",1.1,2.3,"Meadow","Kimmeridgian"
"384",1.1,2.35,"Meadow","Kimmeridgian"
"385",1.1,2.4,"Meadow","Kimmeridgian"
"386",1.1,2.45,"Meadow","Kimmeridgian"
"387",1.1,2.5,"Meadow","Sequanian"
"388",1.1,2.55,"Meadow","Quaternary"
"389",1.1,2.6,"Meadow","Quaternary"
"390",1.1,2.65,"Meadow","Argovian"
"391",1.1,2.7,"Meadow","Argovian"
"392",1.1,2.75,"Meadow","Argovian"
"393",1.1,2.8,"Pasture","Argovian"
"394",1.1,2.85,"Pasture","Argovian"
"395",1.1,2.9,"Pasture","Argovian"
"396",1.1,2.95,"Pasture","Argovian"
"397",1.1,3,"Meadow","Argovian"
"398",1.1,3.05,"Meadow","Argovian"
"399",1.1,3.1,"Meadow","Argovian"
"400",1.15,0.7,"Meadow","Sequanian"
"401",1.15,0.75,"Meadow","Sequanian"
"402",1.15,1.2,"Meadow","Argovian"
"403",1.15,1.25,"Meadow","Argovian"
"404",1.15,1.3,"Meadow","Argovian"
"405",1.15,1.35,"Meadow","Argovian"
"406",1.15,1.4,"Meadow","Argovian"
"407",1.15,1.45,"Pasture","Sequanian"
"408",1.15,1.5,"Pasture","Sequanian"
"409",1.15,1.55,"Pasture","Sequanian"
"410",1.15,1.6,"Pasture","Sequanian"
"411",1.15,1.65,"Pasture","Sequanian"
"412",1.15,1.7,"Pasture","Sequanian"
"413",1.15,1.75,"Pasture","Sequanian"
"414",1.15,1.8,"Pasture","Sequanian"
"415",1.15,1.85,"Pasture","Sequanian"
"416",1.15,1.9,"Pasture","Sequanian"
"417",1.15,1.95,"Pasture","Sequanian"
"418",1.15,2,"Pasture","Sequanian"
"419",1.15,2.05,"Meadow","Sequanian"
"420",1.15,2.1,"Meadow","Sequanian"
"421",1.15,2.15,"Pasture","Kimmeridgian"
"422",1.15,2.2,"Pasture","Kimmeridgian"
"423",1.15,2.25,"Meadow","Kimmeridgian"
"424",1.15,2.3,"Meadow","Kimmeridgian"
"425",1.15,2.35,"Meadow","Kimmeridgian"
"426",1.15,2.4,"Meadow","Kimmeridgian"
"427",1.15,2.45,"Meadow","Kimmeridgian"
"428",1.15,2.5,"Meadow","Sequanian"
"429",1.15,2.55,"Meadow","Quaternary"
"430",1.15,2.6,"Meadow","Quaternary"
"431",1.15,2.65,"Meadow","Argovian"
"432",1.15,2.7,"Meadow","Argovian"
"433",1.15,2.75,"Meadow","Argovian"
"434",1.15,2.8,"Pasture","Argovian"
"435",1.15,2.85,"Pasture","Argovian"
"436",1.15,2.9,"Pasture","Argovian"
"437",1.15,2.95,"Pasture","Argovian"
"438",1.15,3,"Meadow","Argovian"
"439",1.15,3.05,"Meadow","Argovian"
"440",1.15,3.1,"Meadow","Argovian"
"441",1.15,3.15,"Meadow","Argovian"
"442",1.2,0.6,"Tillage","Quaternary"
"443",1.2,0.65,"Tillage","Quaternary"
"444",1.2,0.7,"Tillage","Argovian"
"445",1.2,0.75,"Tillage","Argovian"
"446",1.2,0.8,"Meadow","Argovian"
"447",1.2,0.85,"Meadow","Argovian"
"448",1.2,0.9,"Meadow","Argovian"
"449",1.2,0.95,"Meadow","Argovian"
"450",1.2,1,"Meadow","Argovian"
"451",1.2,1.05,"Meadow","Argovian"
"452",1.2,1.1,"Forest","Argovian"
"453",1.2,1.15,"Forest","Argovian"
"454",1.2,1.2,"Forest","Argovian"
"455",1.2,1.25,"Forest","Argovian"
"456",1.2,1.3,"Forest","Quaternary"
"457",1.2,1.35,"Pasture","Argovian"
"458",1.2,1.4,"Pasture","Argovian"
"459",1.2,1.45,"Pasture","Sequanian"
"460",1.2,1.5,"Pasture","Sequanian"
"461",1.2,1.55,"Pasture","Sequanian"
"462",1.2,1.6,"Pasture","Sequanian"
"463",1.2,1.65,"Pasture","Sequanian"
"464",1.2,1.7,"Pasture","Sequanian"
"465",1.2,1.75,"Pasture","Sequanian"
"466",1.2,1.8,"Pasture","Sequanian"
"467",1.2,1.85,"Meadow","Sequanian"
"468",1.2,1.9,"Meadow","Sequanian"
"469",1.2,1.95,"Pasture","Sequanian"
"470",1.2,2,"Pasture","Sequanian"
"471",1.2,2.05,"Meadow","Sequanian"
"472",1.2,2.1,"Meadow","Sequanian"
"473",1.2,2.15,"Meadow","Quaternary"
"474",1.2,2.2,"Meadow","Quaternary"
"475",1.2,2.25,"Meadow","Kimmeridgian"
"476",1.2,2.3,"Meadow","Kimmeridgian"
"477",1.2,2.35,"Meadow","Kimmeridgian"
"478",1.2,2.4,"Meadow","Kimmeridgian"
"479",1.2,2.45,"Meadow","Kimmeridgian"
"480",1.2,2.5,"Meadow","Kimmeridgian"
"481",1.2,2.55,"Meadow","Sequanian"
"482",1.2,2.6,"Meadow","Sequanian"
"483",1.2,2.65,"Meadow","Sequanian"
"484",1.2,2.7,"Meadow","Sequanian"
"485",1.2,2.75,"Meadow","Sequanian"
"486",1.2,2.8,"Meadow","Argovian"
"487",1.2,2.85,"Meadow","Argovian"
"488",1.2,2.9,"Meadow","Argovian"
"489",1.2,2.95,"Meadow","Argovian"
"490",1.2,3,"Meadow","Argovian"
"491",1.2,3.05,"Meadow","Argovian"
"492",1.2,3.1,"Meadow","Argovian"
"493",1.2,3.15,"Meadow","Argovian"
"494",1.2,3.2,"Meadow","Argovian"
"495",1.25,0.6,"Tillage","Quaternary"
"496",1.25,0.65,"Tillage","Quaternary"
"497",1.25,0.7,"Tillage","Argovian"
"498",1.25,0.75,"Tillage","Argovian"
"499",1.25,0.8,"Tillage","Argovian"
"500",1.25,0.85,"Tillage","Argovian"
"501",1.25,0.9,"Tillage","Argovian"
"502",1.25,0.95,"Tillage","Argovian"
"503",1.25,1,"Meadow","Argovian"
"504",1.25,1.05,"Meadow","Argovian"
"505",1.25,1.1,"Meadow","Argovian"
"506",1.25,1.15,"Meadow","Argovian"
"507",1.25,1.2,"Forest","Quaternary"
"508",1.25,1.25,"Forest","Argovian"
"509",1.25,1.3,"Forest","Argovian"
"510",1.25,1.35,"Meadow","Quaternary"
"511",1.25,1.4,"Meadow","Quaternary"
"512",1.25,1.45,"Meadow","Quaternary"
"513",1.25,1.5,"Meadow","Quaternary"
"514",1.25,1.55,"Meadow","Quaternary"
"515",1.25,1.6,"Meadow","Sequanian"
"516",1.25,1.65,"Meadow","Sequanian"
"517",1.25,1.7,"Pasture","Sequanian"
"518",1.25,1.75,"Pasture","Sequanian"
"519",1.25,1.8,"Meadow","Sequanian"
"520",1.25,1.85,"Meadow","Sequanian"
"521",1.25,1.9,"Meadow","Sequanian"
"522",1.25,1.95,"Pasture","Sequanian"
"523",1.25,2,"Pasture","Sequanian"
"524",1.25,2.05,"Pasture","Sequanian"
"525",1.25,2.1,"Meadow","Sequanian"
"526",1.25,2.15,"Pasture","Sequanian"
"527",1.25,2.2,"Pasture","Sequanian"
"528",1.25,2.25,"Meadow","Kimmeridgian"
"529",1.25,2.3,"Meadow","Kimmeridgian"
"530",1.25,2.35,"Meadow","Kimmeridgian"
"531",1.25,2.4,"Meadow","Kimmeridgian"
"532",1.25,2.45,"Meadow","Kimmeridgian"
"533",1.25,2.5,"Meadow","Kimmeridgian"
"534",1.25,2.55,"Meadow","Sequanian"
"535",1.25,2.6,"Meadow","Sequanian"
"536",1.25,2.65,"Meadow","Sequanian"
"537",1.25,2.7,"Meadow","Sequanian"
"538",1.25,2.75,"Meadow","Sequanian"
"539",1.25,2.8,"Meadow","Sequanian"
"540",1.25,2.85,"Meadow","Sequanian"
"541",1.25,2.9,"Meadow","Argovian"
"542",1.25,2.95,"Meadow","Argovian"
"543",1.25,3,"Meadow","Argovian"
"544",1.25,3.05,"Meadow","Argovian"
"545",1.25,3.1,"Pasture","Argovian"
"546",1.25,3.15,"Meadow","Argovian"
"547",1.25,3.2,"Meadow","Argovian"
"548",1.3,0.6,"Tillage","Quaternary"
"549",1.3,0.65,"Tillage","Quaternary"
"550",1.3,0.7,"Tillage","Argovian"
"551",1.3,0.75,"Tillage","Argovian"
"552",1.3,0.8,"Tillage","Argovian"
"553",1.3,0.85,"Tillage","Argovian"
"554",1.3,0.9,"Tillage","Argovian"
"555",1.3,0.95,"Tillage","Argovian"
"556",1.3,1,"Meadow","Argovian"
"557",1.3,1.05,"Meadow","Argovian"
"558",1.3,1.1,"Meadow","Argovian"
"559",1.3,1.15,"Meadow","Argovian"
"560",1.3,1.2,"Forest","Quaternary"
"561",1.3,1.25,"Forest","Argovian"
"562",1.3,1.3,"Forest","Argovian"
"563",1.3,1.35,"Meadow","Quaternary"
"564",1.3,1.4,"Meadow","Quaternary"
"565",1.3,1.45,"Meadow","Quaternary"
"566",1.3,1.5,"Meadow","Quaternary"
"567",1.3,1.55,"Meadow","Quaternary"
"568",1.3,1.6,"Meadow","Sequanian"
"569",1.3,1.65,"Meadow","Sequanian"
"570",1.3,1.7,"Meadow","Sequanian"
"571",1.3,1.75,"Meadow","Sequanian"
"572",1.3,1.8,"Meadow","Sequanian"
"573",1.3,1.85,"Meadow","Sequanian"
"574",1.3,1.9,"Meadow","Sequanian"
"575",1.3,1.95,"Pasture","Sequanian"
"576",1.3,2,"Pasture","Sequanian"
"577",1.3,2.05,"Pasture","Sequanian"
"578",1.3,2.1,"Pasture","Sequanian"
"579",1.3,2.15,"Pasture","Sequanian"
"580",1.3,2.2,"Pasture","Sequanian"
"581",1.3,2.25,"Meadow","Kimmeridgian"
"582",1.3,2.3,"Meadow","Kimmeridgian"
"583",1.3,2.35,"Meadow","Kimmeridgian"
"584",1.3,2.4,"Meadow","Kimmeridgian"
"585",1.3,2.45,"Meadow","Kimmeridgian"
"586",1.3,2.5,"Meadow","Kimmeridgian"
"587",1.3,2.55,"Meadow","Sequanian"
"588",1.3,2.6,"Meadow","Sequanian"
"589",1.3,2.65,"Meadow","Sequanian"
"590",1.3,2.7,"Meadow","Sequanian"
"591",1.3,2.75,"Meadow","Sequanian"
"592",1.3,2.8,"Meadow","Sequanian"
"593",1.3,2.85,"Meadow","Sequanian"
"594",1.3,2.9,"Meadow","Argovian"
"595",1.3,2.95,"Meadow","Argovian"
"596",1.3,3,"Pasture","Argovian"
"597",1.3,3.05,"Pasture","Argovian"
"598",1.3,3.1,"Pasture","Argovian"
"599",1.3,3.15,"Meadow","Argovian"
"600",1.3,3.2,"Meadow","Argovian"
"601",1.35,0.6,"Pasture","Quaternary"
"602",1.35,0.65,"Pasture","Quaternary"
"603",1.35,0.7,"Tillage","Argovian"
"604",1.35,0.75,"Tillage","Argovian"
"605",1.35,0.8,"Pasture","Argovian"
"606",1.35,0.85,"Meadow","Argovian"
"607",1.35,0.9,"Meadow","Argovian"
"608",1.35,0.95,"Meadow","Argovian"
"609",1.35,1,"Meadow","Argovian"
"610",1.35,1.05,"Meadow","Argovian"
"611",1.35,1.1,"Tillage","Argovian"
"612",1.35,1.15,"Tillage","Argovian"
"613",1.35,1.2,"Forest","Quaternary"
"614",1.35,1.25,"Meadow","Argovian"
"615",1.35,1.3,"Meadow","Argovian"
"616",1.35,1.35,"Meadow","Quaternary"
"617",1.35,1.4,"Meadow","Quaternary"
"618",1.35,1.45,"Meadow","Quaternary"
"619",1.35,1.5,"Meadow","Quaternary"
"620",1.35,1.55,"Meadow","Quaternary"
"621",1.35,1.6,"Meadow","Sequanian"
"622",1.35,1.65,"Meadow","Sequanian"
"623",1.35,1.7,"Meadow","Sequanian"
"624",1.35,1.75,"Meadow","Sequanian"
"625",1.35,1.8,"Meadow","Sequanian"
"626",1.35,1.85,"Meadow","Sequanian"
"627",1.35,1.9,"Meadow","Sequanian"
"628",1.35,1.95,"Pasture","Sequanian"
"629",1.35,2,"Pasture","Sequanian"
"630",1.35,2.05,"Pasture","Sequanian"
"631",1.35,2.1,"Pasture","Sequanian"
"632",1.35,2.15,"Pasture","Sequanian"
"633",1.35,2.2,"Pasture","Sequanian"
"634",1.35,2.25,"Pasture","Sequanian"
"635",1.35,2.3,"Pasture","Quaternary"
"636",1.35,2.35,"Pasture","Quaternary"
"637",1.35,2.4,"Meadow","Kimmeridgian"
"638",1.35,2.45,"Meadow","Kimmeridgian"
"639",1.35,2.5,"Meadow","Kimmeridgian"
"640",1.35,2.55,"Meadow","Kimmeridgian"
"641",1.35,2.6,"Meadow","Sequanian"
"642",1.35,2.65,"Meadow","Sequanian"
"643",1.35,2.7,"Meadow","Sequanian"
"644",1.35,2.75,"Meadow","Sequanian"
"645",1.35,2.8,"Meadow","Sequanian"
"646",1.35,2.85,"Meadow","Sequanian"
"647",1.35,2.9,"Meadow","Argovian"
"648",1.35,2.95,"Meadow","Argovian"
"649",1.35,3,"Meadow","Argovian"
"650",1.35,3.05,"Meadow","Argovian"
"651",1.35,3.1,"Meadow","Argovian"
"652",1.35,3.15,"Meadow","Argovian"
"653",1.35,3.2,"Meadow","Argovian"
"654",1.35,3.25,"Meadow","Argovian"
"655",1.4,0.6,"Pasture","Quaternary"
"656",1.4,0.65,"Pasture","Quaternary"
"657",1.4,0.7,"Tillage","Argovian"
"658",1.4,0.75,"Tillage","Argovian"
"659",1.4,0.8,"Pasture","Argovian"
"660",1.4,0.85,"Meadow","Argovian"
"661",1.4,0.9,"Meadow","Argovian"
"662",1.4,0.95,"Meadow","Argovian"
"663",1.4,1,"Meadow","Argovian"
"664",1.4,1.05,"Meadow","Argovian"
"665",1.4,1.1,"Tillage","Argovian"
"666",1.4,1.15,"Tillage","Argovian"
"667",1.4,1.2,"Forest","Quaternary"
"668",1.4,1.25,"Meadow","Argovian"
"669",1.4,1.3,"Meadow","Argovian"
"670",1.4,1.35,"Meadow","Quaternary"
"671",1.4,1.4,"Meadow","Quaternary"
"672",1.4,1.45,"Meadow","Quaternary"
"673",1.4,1.5,"Meadow","Quaternary"
"674",1.4,1.55,"Meadow","Quaternary"
"675",1.4,1.6,"Meadow","Sequanian"
"676",1.4,1.65,"Meadow","Sequanian"
"677",1.4,1.7,"Meadow","Sequanian"
"678",1.4,1.75,"Meadow","Sequanian"
"679",1.4,1.8,"Meadow","Sequanian"
"680",1.4,1.85,"Meadow","Sequanian"
"681",1.4,1.9,"Meadow","Sequanian"
"682",1.4,1.95,"Pasture","Sequanian"
"683",1.4,2,"Pasture","Sequanian"
"684",1.4,2.05,"Pasture","Sequanian"
"685",1.4,2.1,"Pasture","Sequanian"
"686",1.4,2.15,"Pasture","Sequanian"
"687",1.4,2.2,"Pasture","Sequanian"
"688",1.4,2.25,"Pasture","Sequanian"
"689",1.4,2.3,"Pasture","Quaternary"
"690",1.4,2.35,"Pasture","Quaternary"
"691",1.4,2.4,"Meadow","Kimmeridgian"
"692",1.4,2.45,"Meadow","Kimmeridgian"
"693",1.4,2.5,"Meadow","Kimmeridgian"
"694",1.4,2.55,"Meadow","Kimmeridgian"
"695",1.4,2.6,"Meadow","Sequanian"
"696",1.4,2.65,"Meadow","Sequanian"
"697",1.4,2.7,"Meadow","Sequanian"
"698",1.4,2.75,"Meadow","Sequanian"
"699",1.4,2.8,"Meadow","Sequanian"
"700",1.4,2.85,"Meadow","Sequanian"
"701",1.4,2.9,"Meadow","Argovian"
"702",1.4,2.95,"Meadow","Argovian"
"703",1.4,3,"Meadow","Argovian"
"704",1.4,3.05,"Meadow","Argovian"
"705",1.4,3.1,"Meadow","Argovian"
"706",1.4,3.15,"Meadow","Argovian"
"707",1.4,3.2,"Meadow","Argovian"
"708",1.4,3.25,"Meadow","Argovian"
"709",1.4,3.3,"Meadow","Argovian"
"710",1.45,0.6,"Pasture","Argovian"
"711",1.45,0.65,"Pasture","Argovian"
"712",1.45,0.7,"Pasture","Argovian"
"713",1.45,0.75,"Pasture","Argovian"
"714",1.45,0.8,"Pasture","Argovian"
"715",1.45,0.85,"Meadow","Argovian"
"716",1.45,0.9,"Meadow","Argovian"
"717",1.45,0.95,"Meadow","Argovian"
"718",1.45,1,"Meadow","Argovian"
"719",1.45,1.05,"Meadow","Argovian"
"720",1.45,1.1,"Tillage","Argovian"
"721",1.45,1.15,"Tillage","Argovian"
"722",1.45,1.2,"Forest","Quaternary"
"723",1.45,1.25,"Meadow","Argovian"
"724",1.45,1.3,"Meadow","Argovian"
"725",1.45,1.35,"Meadow","Quaternary"
"726",1.45,1.4,"Meadow","Quaternary"
"727",1.45,1.45,"Meadow","Quaternary"
"728",1.45,1.5,"Meadow","Quaternary"
"729",1.45,1.55,"Meadow","Quaternary"
"730",1.45,1.6,"Meadow","Sequanian"
"731",1.45,1.65,"Meadow","Sequanian"
"732",1.45,1.7,"Meadow","Sequanian"
"733",1.45,1.75,"Pasture","Sequanian"
"734",1.45,1.8,"Pasture","Sequanian"
"735",1.45,1.85,"Pasture","Sequanian"
"736",1.45,1.9,"Pasture","Sequanian"
"737",1.45,1.95,"Pasture","Sequanian"
"738",1.45,2,"Pasture","Sequanian"
"739",1.45,2.05,"Pasture","Sequanian"
"740",1.45,2.1,"Pasture","Sequanian"
"741",1.45,2.15,"Pasture","Sequanian"
"742",1.45,2.2,"Pasture","Sequanian"
"743",1.45,2.25,"Pasture","Sequanian"
"744",1.45,2.3,"Pasture","Sequanian"
"745",1.45,2.35,"Pasture","Sequanian"
"746",1.45,2.4,"Meadow","Quaternary"
"747",1.45,2.45,"Meadow","Quaternary"
"748",1.45,2.5,"Meadow","Kimmeridgian"
"749",1.45,2.55,"Meadow","Kimmeridgian"
"750",1.45,2.6,"Meadow","Kimmeridgian"
"751",1.45,2.65,"Meadow","Sequanian"
"752",1.45,2.7,"Meadow","Sequanian"
"753",1.45,2.75,"Meadow","Sequanian"
"754",1.45,2.8,"Meadow","Sequanian"
"755",1.45,2.85,"Meadow","Sequanian"
"756",1.45,2.9,"Meadow","Sequanian"
"757",1.45,2.95,"Meadow","Sequanian"
"758",1.45,3,"Meadow","Argovian"
"759",1.45,3.05,"Meadow","Argovian"
"760",1.45,3.1,"Meadow","Argovian"
"761",1.45,3.15,"Meadow","Argovian"
"762",1.45,3.2,"Meadow","Argovian"
"763",1.45,3.25,"Meadow","Argovian"
"764",1.45,3.3,"Meadow","Argovian"
"765",1.5,0.4,"Pasture","Kimmeridgian"
"766",1.5,0.6,"Pasture","Argovian"
"767",1.5,0.65,"Pasture","Argovian"
"768",1.5,0.7,"Pasture","Argovian"
"769",1.5,0.75,"Pasture","Argovian"
"770",1.5,0.8,"Pasture","Argovian"
"771",1.5,0.85,"Meadow","Argovian"
"772",1.5,0.9,"Meadow","Argovian"
"773",1.5,0.95,"Meadow","Argovian"
"774",1.5,1,"Meadow","Argovian"
"775",1.5,1.05,"Meadow","Argovian"
"776",1.5,1.1,"Tillage","Argovian"
"777",1.5,1.15,"Tillage","Argovian"
"778",1.5,1.2,"Forest","Quaternary"
"779",1.5,1.25,"Meadow","Argovian"
"780",1.5,1.3,"Meadow","Argovian"
"781",1.5,1.35,"Meadow","Quaternary"
"782",1.5,1.4,"Meadow","Quaternary"
"783",1.5,1.45,"Meadow","Quaternary"
"784",1.5,1.5,"Meadow","Quaternary"
"785",1.5,1.55,"Meadow","Quaternary"
"786",1.5,1.6,"Meadow","Sequanian"
"787",1.5,1.65,"Meadow","Sequanian"
"788",1.5,1.7,"Meadow","Sequanian"
"789",1.5,1.75,"Pasture","Sequanian"
"790",1.5,1.8,"Pasture","Sequanian"
"791",1.5,1.85,"Pasture","Sequanian"
"792",1.5,1.9,"Pasture","Sequanian"
"793",1.5,1.95,"Pasture","Sequanian"
"794",1.5,2,"Pasture","Sequanian"
"795",1.5,2.05,"Pasture","Sequanian"
"796",1.5,2.1,"Pasture","Sequanian"
"797",1.5,2.15,"Pasture","Sequanian"
"798",1.5,2.2,"Pasture","Sequanian"
"799",1.5,2.25,"Pasture","Sequanian"
"800",1.5,2.3,"Pasture","Sequanian"
"801",1.5,2.35,"Pasture","Sequanian"
"802",1.5,2.4,"Meadow","Quaternary"
"803",1.5,2.45,"Meadow","Quaternary"
"804",1.5,2.5,"Meadow","Kimmeridgian"
"805",1.5,2.55,"Meadow","Kimmeridgian"
"806",1.5,2.6,"Meadow","Kimmeridgian"
"807",1.5,2.65,"Meadow","Sequanian"
"808",1.5,2.7,"Meadow","Sequanian"
"809",1.5,2.75,"Meadow","Sequanian"
"810",1.5,2.8,"Meadow","Sequanian"
"811",1.5,2.85,"Meadow","Sequanian"
"812",1.5,2.9,"Meadow","Sequanian"
"813",1.5,2.95,"Meadow","Sequanian"
"814",1.5,3,"Meadow","Argovian"
"815",1.5,3.05,"Meadow","Argovian"
"816",1.5,3.1,"Meadow","Argovian"
"817",1.5,3.15,"Meadow","Argovian"
"818",1.5,3.2,"Meadow","Argovian"
"819",1.5,3.25,"Meadow","Argovian"
"820",1.5,3.3,"Meadow","Argovian"
"821",1.55,0.4,"Pasture","Kimmeridgian"
"822",1.55,0.45,"Pasture","Kimmeridgian"
"823",1.55,0.6,"Pasture","Argovian"
"824",1.55,0.65,"Pasture","Argovian"
"825",1.55,0.7,"Pasture","Argovian"
"826",1.55,0.75,"Pasture","Argovian"
"827",1.55,0.8,"Pasture","Argovian"
"828",1.55,0.85,"Meadow","Argovian"
"829",1.55,0.9,"Meadow","Argovian"
"830",1.55,0.95,"Meadow","Argovian"
"831",1.55,1,"Meadow","Argovian"
"832",1.55,1.05,"Meadow","Argovian"
"833",1.55,1.1,"Tillage","Argovian"
"834",1.55,1.15,"Tillage","Argovian"
"835",1.55,1.2,"Forest","Quaternary"
"836",1.55,1.25,"Meadow","Argovian"
"837",1.55,1.3,"Meadow","Argovian"
"838",1.55,1.35,"Meadow","Quaternary"
"839",1.55,1.4,"Meadow","Quaternary"
"840",1.55,1.45,"Meadow","Quaternary"
"841",1.55,1.5,"Meadow","Quaternary"
"842",1.55,1.55,"Meadow","Quaternary"
"843",1.55,1.6,"Meadow","Sequanian"
"844",1.55,1.65,"Meadow","Sequanian"
"845",1.55,1.7,"Meadow","Sequanian"
"846",1.55,1.75,"Pasture","Sequanian"
"847",1.55,1.8,"Pasture","Sequanian"
"848",1.55,1.85,"Pasture","Sequanian"
"849",1.55,1.9,"Pasture","Sequanian"
"850",1.55,1.95,"Pasture","Sequanian"
"851",1.55,2,"Pasture","Sequanian"
"852",1.55,2.05,"Pasture","Sequanian"
"853",1.55,2.1,"Pasture","Sequanian"
"854",1.55,2.15,"Pasture","Sequanian"
"855",1.55,2.2,"Pasture","Sequanian"
"856",1.55,2.25,"Pasture","Sequanian"
"857",1.55,2.3,"Pasture","Sequanian"
"858",1.55,2.35,"Pasture","Sequanian"
"859",1.55,2.4,"Meadow","Quaternary"
"860",1.55,2.45,"Meadow","Quaternary"
"861",1.55,2.5,"Meadow","Kimmeridgian"
"862",1.55,2.55,"Meadow","Kimmeridgian"
"863",1.55,2.6,"Meadow","Kimmeridgian"
"864",1.55,2.65,"Meadow","Sequanian"
"865",1.55,2.7,"Meadow","Sequanian"
"866",1.55,2.75,"Meadow","Sequanian"
"867",1.55,2.8,"Meadow","Sequanian"
"868",1.55,2.85,"Meadow","Sequanian"
"869",1.55,2.9,"Meadow","Sequanian"
"870",1.55,2.95,"Meadow","Sequanian"
"871",1.55,3,"Meadow","Argovian"
"872",1.55,3.05,"Meadow","Argovian"
"873",1.55,3.1,"Meadow","Argovian"
"874",1.55,3.15,"Meadow","Argovian"
"875",1.55,3.2,"Meadow","Argovian"
"876",1.55,3.25,"Meadow","Argovian"
"877",1.55,3.3,"Meadow","Argovian"
"878",1.55,3.35,"Meadow","Argovian"
"879",1.6,0.3,"Meadow","Kimmeridgian"
"880",1.6,0.35,"Meadow","Kimmeridgian"
"881",1.6,0.4,"Pasture","Kimmeridgian"
"882",1.6,0.45,"Pasture","Kimmeridgian"
"883",1.6,0.5,"Pasture","Kimmeridgian"
"884",1.6,0.55,"Pasture","Sequanian"
"885",1.6,0.6,"Pasture","Sequanian"
"886",1.6,0.65,"Pasture","Sequanian"
"887",1.6,0.7,"Pasture","Argovian"
"888",1.6,0.75,"Pasture","Argovian"
"889",1.6,0.8,"Pasture","Argovian"
"890",1.6,0.85,"Meadow","Argovian"
"891",1.6,0.9,"Meadow","Argovian"
"892",1.6,0.95,"Meadow","Argovian"
"893",1.6,1,"Meadow","Argovian"
"894",1.6,1.05,"Meadow","Argovian"
"895",1.6,1.1,"Tillage","Argovian"
"896",1.6,1.15,"Tillage","Argovian"
"897",1.6,1.2,"Tillage","Quaternary"
"898",1.6,1.25,"Meadow","Argovian"
"899",1.6,1.3,"Meadow","Argovian"
"900",1.6,1.35,"Meadow","Quaternary"
"901",1.6,1.4,"Meadow","Quaternary"
"902",1.6,1.45,"Meadow","Sequanian"
"903",1.6,1.5,"Meadow","Sequanian"
"904",1.6,1.55,"Meadow","Sequanian"
"905",1.6,1.6,"Meadow","Sequanian"
"906",1.6,1.65,"Meadow","Sequanian"
"907",1.6,1.7,"Meadow","Sequanian"
"908",1.6,1.75,"Meadow","Sequanian"
"909",1.6,1.8,"Tillage","Sequanian"
"910",1.6,1.85,"Pasture","Kimmeridgian"
"911",1.6,1.9,"Pasture","Kimmeridgian"
"912",1.6,1.95,"Tillage","Sequanian"
"913",1.6,2,"Tillage","Sequanian"
"914",1.6,2.05,"Tillage","Sequanian"
"915",1.6,2.1,"Tillage","Sequanian"
"916",1.6,2.15,"Tillage","Sequanian"
"917",1.6,2.2,"Tillage","Sequanian"
"918",1.6,2.25,"Tillage","Sequanian"
"919",1.6,2.3,"Tillage","Sequanian"
"920",1.6,2.35,"Tillage","Sequanian"
"921",1.6,2.4,"Meadow","Sequanian"
"922",1.6,2.45,"Meadow","Sequanian"
"923",1.6,2.5,"Meadow","Kimmeridgian"
"924",1.6,2.55,"Meadow","Kimmeridgian"
"925",1.6,2.6,"Meadow","Kimmeridgian"
"926",1.6,2.65,"Meadow","Kimmeridgian"
"927",1.6,2.7,"Meadow","Kimmeridgian"
"928",1.6,2.75,"Meadow","Kimmeridgian"
"929",1.6,2.8,"Tillage","Sequanian"
"930",1.6,2.85,"Tillage","Sequanian"
"931",1.6,2.9,"Meadow","Sequanian"
"932",1.6,2.95,"Meadow","Sequanian"
"933",1.6,3,"Meadow","Sequanian"
"934",1.6,3.05,"Meadow","Sequanian"
"935",1.6,3.1,"Meadow","Argovian"
"936",1.6,3.15,"Meadow","Argovian"
"937",1.6,3.2,"Meadow","Argovian"
"938",1.6,3.25,"Meadow","Argovian"
"939",1.6,3.3,"Meadow","Argovian"
"940",1.6,3.35,"Meadow","Argovian"
"941",1.6,3.4,"Meadow","Argovian"
"942",1.65,0.35,"Meadow","Kimmeridgian"
"943",1.65,0.4,"Pasture","Kimmeridgian"
"944",1.65,0.45,"Pasture","Kimmeridgian"
"945",1.65,0.5,"Pasture","Kimmeridgian"
"946",1.65,0.55,"Pasture","Sequanian"
"947",1.65,0.6,"Pasture","Sequanian"
"948",1.65,0.65,"Pasture","Sequanian"
"949",1.65,0.7,"Pasture","Argovian"
"950",1.65,0.75,"Pasture","Argovian"
"951",1.65,0.8,"Pasture","Argovian"
"952",1.65,0.85,"Meadow","Argovian"
"953",1.65,0.9,"Meadow","Argovian"
"954",1.65,0.95,"Meadow","Argovian"
"955",1.65,1,"Meadow","Argovian"
"956",1.65,1.05,"Meadow","Argovian"
"957",1.65,1.1,"Tillage","Argovian"
"958",1.65,1.15,"Tillage","Argovian"
"959",1.65,1.2,"Tillage","Quaternary"
"960",1.65,1.25,"Meadow","Argovian"
"961",1.65,1.3,"Meadow","Argovian"
"962",1.65,1.35,"Meadow","Quaternary"
"963",1.65,1.4,"Meadow","Quaternary"
"964",1.65,1.45,"Meadow","Sequanian"
"965",1.65,1.5,"Meadow","Sequanian"
"966",1.65,1.55,"Meadow","Sequanian"
"967",1.65,1.6,"Meadow","Sequanian"
"968",1.65,1.65,"Meadow","Sequanian"
"969",1.65,1.7,"Meadow","Sequanian"
"970",1.65,1.75,"Meadow","Sequanian"
"971",1.65,1.8,"Tillage","Sequanian"
"972",1.65,1.85,"Pasture","Kimmeridgian"
"973",1.65,1.9,"Pasture","Kimmeridgian"
"974",1.65,1.95,"Tillage","Sequanian"
"975",1.65,2,"Tillage","Sequanian"
"976",1.65,2.05,"Tillage","Sequanian"
"977",1.65,2.1,"Tillage","Sequanian"
"978",1.65,2.15,"Tillage","Sequanian"
"979",1.65,2.2,"Tillage","Sequanian"
"980",1.65,2.25,"Tillage","Sequanian"
"981",1.65,2.3,"Tillage","Sequanian"
"982",1.65,2.35,"Tillage","Sequanian"
"983",1.65,2.4,"Meadow","Sequanian"
"984",1.65,2.45,"Meadow","Sequanian"
"985",1.65,2.5,"Meadow","Kimmeridgian"
"986",1.65,2.55,"Meadow","Kimmeridgian"
"987",1.65,2.6,"Meadow","Kimmeridgian"
"988",1.65,2.65,"Meadow","Kimmeridgian"
"989",1.65,2.7,"Meadow","Kimmeridgian"
"990",1.65,2.75,"Meadow","Kimmeridgian"
"991",1.65,2.8,"Tillage","Sequanian"
"992",1.65,2.85,"Tillage","Sequanian"
"993",1.65,2.9,"Meadow","Sequanian"
"994",1.65,2.95,"Meadow","Sequanian"
"995",1.65,3,"Meadow","Sequanian"
"996",1.65,3.05,"Meadow","Sequanian"
"997",1.65,3.1,"Meadow","Argovian"
"998",1.65,3.15,"Meadow","Argovian"
"999",1.65,3.2,"Meadow","Argovian"
"1000",1.65,3.25,"Meadow","Argovian"
"1001",1.65,3.3,"Meadow","Argovian"
"1002",1.65,3.35,"Meadow","Argovian"
"1003",1.65,3.4,"Meadow","Argovian"
"1004",1.7,0.4,"Pasture","Kimmeridgian"
"1005",1.7,0.45,"Pasture","Kimmeridgian"
"1006",1.7,0.5,"Pasture","Kimmeridgian"
"1007",1.7,0.55,"Pasture","Kimmeridgian"
"1008",1.7,0.6,"Pasture","Sequanian"
"1009",1.7,0.65,"Pasture","Sequanian"
"1010",1.7,0.7,"Pasture","Quaternary"
"1011",1.7,0.75,"Pasture","Argovian"
"1012",1.7,0.8,"Pasture","Argovian"
"1013",1.7,0.85,"Meadow","Argovian"
"1014",1.7,0.9,"Meadow","Argovian"
"1015",1.7,0.95,"Meadow","Argovian"
"1016",1.7,1,"Meadow","Argovian"
"1017",1.7,1.05,"Meadow","Argovian"
"1018",1.7,1.1,"Meadow","Argovian"
"1019",1.7,1.15,"Meadow","Argovian"
"1020",1.7,1.2,"Meadow","Quaternary"
"1021",1.7,1.25,"Meadow","Argovian"
"1022",1.7,1.3,"Meadow","Argovian"
"1023",1.7,1.35,"Meadow","Quaternary"
"1024",1.7,1.4,"Meadow","Quaternary"
"1025",1.7,1.45,"Meadow","Sequanian"
"1026",1.7,1.5,"Meadow","Sequanian"
"1027",1.7,1.55,"Meadow","Sequanian"
"1028",1.7,1.6,"Meadow","Sequanian"
"1029",1.7,1.65,"Meadow","Sequanian"
"1030",1.7,1.7,"Tillage","Sequanian"
"1031",1.7,1.75,"Tillage","Sequanian"
"1032",1.7,1.8,"Meadow","Sequanian"
"1033",1.7,1.85,"Meadow","Sequanian"
"1034",1.7,1.9,"Meadow","Sequanian"
"1035",1.7,1.95,"Meadow","Kimmeridgian"
"1036",1.7,2,"Meadow","Kimmeridgian"
"1037",1.7,2.05,"Meadow","Kimmeridgian"
"1038",1.7,2.1,"Tillage","Sequanian"
"1039",1.7,2.15,"Tillage","Sequanian"
"1040",1.7,2.2,"Tillage","Sequanian"
"1041",1.7,2.25,"Meadow","Sequanian"
"1042",1.7,2.3,"Meadow","Sequanian"
"1043",1.7,2.35,"Meadow","Sequanian"
"1044",1.7,2.4,"Meadow","Sequanian"
"1045",1.7,2.45,"Meadow","Sequanian"
"1046",1.7,2.5,"Meadow","Kimmeridgian"
"1047",1.7,2.55,"Meadow","Kimmeridgian"
"1048",1.7,2.6,"Meadow","Kimmeridgian"
"1049",1.7,2.65,"Meadow","Kimmeridgian"
"1050",1.7,2.7,"Meadow","Kimmeridgian"
"1051",1.7,2.75,"Meadow","Kimmeridgian"
"1052",1.7,2.8,"Meadow","Sequanian"
"1053",1.7,2.85,"Meadow","Sequanian"
"1054",1.7,2.9,"Meadow","Sequanian"
"1055",1.7,2.95,"Meadow","Sequanian"
"1056",1.7,3,"Meadow","Sequanian"
"1057",1.7,3.05,"Meadow","Sequanian"
"1058",1.7,3.1,"Meadow","Argovian"
"1059",1.7,3.15,"Forest","Argovian"
"1060",1.7,3.2,"Forest","Argovian"
"1061",1.7,3.25,"Forest","Argovian"
"1062",1.7,3.3,"Forest","Argovian"
"1063",1.7,3.35,"Forest","Argovian"
"1064",1.7,3.4,"Meadow","Argovian"
"1065",1.75,0.4,"Pasture","Kimmeridgian"
"1066",1.75,0.45,"Pasture","Kimmeridgian"
"1067",1.75,0.5,"Pasture","Kimmeridgian"
"1068",1.75,0.55,"Pasture","Kimmeridgian"
"1069",1.75,0.6,"Pasture","Sequanian"
"1070",1.75,0.65,"Pasture","Sequanian"
"1071",1.75,0.7,"Pasture","Sequanian"
"1072",1.75,0.75,"Pasture","Sequanian"
"1073",1.75,0.8,"Meadow","Quaternary"
"1074",1.75,0.85,"Meadow","Argovian"
"1075",1.75,0.9,"Meadow","Argovian"
"1076",1.75,0.95,"Meadow","Argovian"
"1077",1.75,1,"Meadow","Argovian"
"1078",1.75,1.05,"Meadow","Argovian"
"1079",1.75,1.1,"Meadow","Argovian"
"1080",1.75,1.15,"Meadow","Argovian"
"1081",1.75,1.2,"Meadow","Quaternary"
"1082",1.75,1.25,"Meadow","Quaternary"
"1083",1.75,1.3,"Meadow","Argovian"
"1084",1.75,1.35,"Meadow","Quaternary"
"1085",1.75,1.4,"Meadow","Quaternary"
"1086",1.75,1.45,"Meadow","Sequanian"
"1087",1.75,1.5,"Meadow","Sequanian"
"1088",1.75,1.55,"Meadow","Sequanian"
"1089",1.75,1.6,"Meadow","Sequanian"
"1090",1.75,1.65,"Meadow","Sequanian"
"1091",1.75,1.7,"Tillage","Sequanian"
"1092",1.75,1.75,"Tillage","Sequanian"
"1093",1.75,1.8,"Meadow","Sequanian"
"1094",1.75,1.85,"Meadow","Sequanian"
"1095",1.75,1.9,"Meadow","Sequanian"
"1096",1.75,1.95,"Meadow","Sequanian"
"1097",1.75,2,"Meadow","Sequanian"
"1098",1.75,2.05,"Meadow","Sequanian"
"1099",1.75,2.1,"Tillage","Sequanian"
"1100",1.75,2.15,"Meadow","Sequanian"
"1101",1.75,2.2,"Meadow","Sequanian"
"1102",1.75,2.25,"Meadow","Sequanian"
"1103",1.75,2.3,"Meadow","Sequanian"
"1104",1.75,2.35,"Meadow","Sequanian"
"1105",1.75,2.4,"Meadow","Sequanian"
"1106",1.75,2.45,"Meadow","Sequanian"
"1107",1.75,2.5,"Meadow","Kimmeridgian"
"1108",1.75,2.55,"Meadow","Kimmeridgian"
"1109",1.75,2.6,"Meadow","Kimmeridgian"
"1110",1.75,2.65,"Meadow","Kimmeridgian"
"1111",1.75,2.7,"Meadow","Kimmeridgian"
"1112",1.75,2.75,"Meadow","Kimmeridgian"
"1113",1.75,2.8,"Meadow","Kimmeridgian"
"1114",1.75,2.85,"Meadow","Kimmeridgian"
"1115",1.75,2.9,"Meadow","Sequanian"
"1116",1.75,2.95,"Meadow","Sequanian"
"1117",1.75,3,"Meadow","Sequanian"
"1118",1.75,3.05,"Meadow","Sequanian"
"1119",1.75,3.1,"Meadow","Sequanian"
"1120",1.75,3.15,"Meadow","Argovian"
"1121",1.75,3.2,"Meadow","Argovian"
"1122",1.75,3.25,"Meadow","Argovian"
"1123",1.75,3.3,"Forest","Argovian"
"1124",1.75,3.35,"Forest","Argovian"
"1125",1.75,3.4,"Meadow","Argovian"
"1126",1.8,0.3,"Pasture","Kimmeridgian"
"1127",1.8,0.35,"Pasture","Kimmeridgian"
"1128",1.8,0.4,"Pasture","Kimmeridgian"
"1129",1.8,0.45,"Pasture","Kimmeridgian"
"1130",1.8,0.5,"Pasture","Kimmeridgian"
"1131",1.8,0.55,"Pasture","Kimmeridgian"
"1132",1.8,0.6,"Pasture","Sequanian"
"1133",1.8,0.65,"Pasture","Sequanian"
"1134",1.8,0.7,"Pasture","Sequanian"
"1135",1.8,0.75,"Pasture","Sequanian"
"1136",1.8,0.8,"Meadow","Quaternary"
"1137",1.8,0.85,"Meadow","Argovian"
"1138",1.8,0.9,"Meadow","Argovian"
"1139",1.8,0.95,"Meadow","Argovian"
"1140",1.8,1,"Meadow","Argovian"
"1141",1.8,1.05,"Meadow","Argovian"
"1142",1.8,1.1,"Meadow","Argovian"
"1143",1.8,1.15,"Meadow","Argovian"
"1144",1.8,1.2,"Meadow","Quaternary"
"1145",1.8,1.25,"Meadow","Quaternary"
"1146",1.8,1.3,"Meadow","Argovian"
"1147",1.8,1.35,"Meadow","Quaternary"
"1148",1.8,1.4,"Meadow","Quaternary"
"1149",1.8,1.45,"Meadow","Sequanian"
"1150",1.8,1.5,"Meadow","Sequanian"
"1151",1.8,1.55,"Meadow","Sequanian"
"1152",1.8,1.6,"Meadow","Sequanian"
"1153",1.8,1.65,"Meadow","Sequanian"
"1154",1.8,1.7,"Meadow","Sequanian"
"1155",1.8,1.75,"Meadow","Sequanian"
"1156",1.8,1.8,"Meadow","Sequanian"
"1157",1.8,1.85,"Meadow","Sequanian"
"1158",1.8,1.9,"Meadow","Sequanian"
"1159",1.8,1.95,"Meadow","Sequanian"
"1160",1.8,2,"Meadow","Sequanian"
"1161",1.8,2.05,"Meadow","Sequanian"
"1162",1.8,2.1,"Meadow","Sequanian"
"1163",1.8,2.15,"Meadow","Sequanian"
"1164",1.8,2.2,"Meadow","Sequanian"
"1165",1.8,2.25,"Meadow","Sequanian"
"1166",1.8,2.3,"Meadow","Sequanian"
"1167",1.8,2.35,"Meadow","Sequanian"
"1168",1.8,2.4,"Meadow","Kimmeridgian"
"1169",1.8,2.45,"Meadow","Kimmeridgian"
"1170",1.8,2.5,"Meadow","Kimmeridgian"
"1171",1.8,2.55,"Meadow","Kimmeridgian"
"1172",1.8,2.6,"Meadow","Kimmeridgian"
"1173",1.8,2.65,"Meadow","Kimmeridgian"
"1174",1.8,2.7,"Meadow","Kimmeridgian"
"1175",1.8,2.75,"Meadow","Kimmeridgian"
"1176",1.8,2.8,"Meadow","Kimmeridgian"
"1177",1.8,2.85,"Meadow","Kimmeridgian"
"1178",1.8,2.9,"Meadow","Sequanian"
"1179",1.8,2.95,"Meadow","Sequanian"
"1180",1.8,3,"Meadow","Sequanian"
"1181",1.8,3.05,"Meadow","Sequanian"
"1182",1.8,3.1,"Meadow","Sequanian"
"1183",1.8,3.15,"Meadow","Argovian"
"1184",1.8,3.2,"Meadow","Argovian"
"1185",1.8,3.25,"Meadow","Argovian"
"1186",1.8,3.3,"Meadow","Argovian"
"1187",1.8,3.35,"Meadow","Argovian"
"1188",1.8,3.4,"Meadow","Argovian"
"1189",1.85,0.3,"Pasture","Kimmeridgian"
"1190",1.85,0.35,"Pasture","Kimmeridgian"
"1191",1.85,0.4,"Pasture","Kimmeridgian"
"1192",1.85,0.45,"Pasture","Kimmeridgian"
"1193",1.85,0.5,"Pasture","Kimmeridgian"
"1194",1.85,0.55,"Pasture","Kimmeridgian"
"1195",1.85,0.6,"Pasture","Sequanian"
"1196",1.85,0.65,"Pasture","Sequanian"
"1197",1.85,0.7,"Pasture","Sequanian"
"1198",1.85,0.75,"Pasture","Sequanian"
"1199",1.85,0.8,"Pasture","Quaternary"
"1200",1.85,0.85,"Meadow","Argovian"
"1201",1.85,0.9,"Meadow","Argovian"
"1202",1.85,0.95,"Meadow","Argovian"
"1203",1.85,1,"Meadow","Argovian"
"1204",1.85,1.05,"Meadow","Argovian"
"1205",1.85,1.1,"Meadow","Argovian"
"1206",1.85,1.15,"Meadow","Argovian"
"1207",1.85,1.2,"Meadow","Quaternary"
"1208",1.85,1.25,"Meadow","Quaternary"
"1209",1.85,1.3,"Meadow","Argovian"
"1210",1.85,1.35,"Meadow","Quaternary"
"1211",1.85,1.4,"Meadow","Quaternary"
"1212",1.85,1.45,"Meadow","Sequanian"
"1213",1.85,1.5,"Meadow","Sequanian"
"1214",1.85,1.55,"Meadow","Sequanian"
"1215",1.85,1.6,"Meadow","Sequanian"
"1216",1.85,1.65,"Meadow","Sequanian"
"1217",1.85,1.7,"Meadow","Sequanian"
"1218",1.85,1.75,"Meadow","Sequanian"
"1219",1.85,1.8,"Forest","Sequanian"
"1220",1.85,1.85,"Meadow","Sequanian"
"1221",1.85,1.9,"Meadow","Sequanian"
"1222",1.85,1.95,"Meadow","Sequanian"
"1223",1.85,2,"Meadow","Sequanian"
"1224",1.85,2.05,"Meadow","Sequanian"
"1225",1.85,2.1,"Meadow","Sequanian"
"1226",1.85,2.15,"Meadow","Sequanian"
"1227",1.85,2.2,"Meadow","Sequanian"
"1228",1.85,2.25,"Meadow","Sequanian"
"1229",1.85,2.3,"Meadow","Sequanian"
"1230",1.85,2.35,"Meadow","Sequanian"
"1231",1.85,2.4,"Meadow","Kimmeridgian"
"1232",1.85,2.45,"Meadow","Kimmeridgian"
"1233",1.85,2.5,"Meadow","Kimmeridgian"
"1234",1.85,2.55,"Meadow","Kimmeridgian"
"1235",1.85,2.6,"Meadow","Kimmeridgian"
"1236",1.85,2.65,"Meadow","Sequanian"
"1237",1.85,2.7,"Meadow","Sequanian"
"1238",1.85,2.75,"Meadow","Sequanian"
"1239",1.85,2.8,"Meadow","Sequanian"
"1240",1.85,2.85,"Meadow","Sequanian"
"1241",1.85,2.9,"Meadow","Sequanian"
"1242",1.85,2.95,"Meadow","Sequanian"
"1243",1.85,3,"Meadow","Sequanian"
"1244",1.85,3.05,"Meadow","Sequanian"
"1245",1.85,3.1,"Meadow","Sequanian"
"1246",1.85,3.15,"Meadow","Argovian"
"1247",1.85,3.2,"Meadow","Argovian"
"1248",1.85,3.25,"Meadow","Argovian"
"1249",1.85,3.3,"Meadow","Argovian"
"1250",1.85,3.35,"Meadow","Argovian"
"1251",1.85,3.4,"Meadow","Argovian"
"1252",1.85,3.45,"Meadow","Argovian"
"1253",1.9,0.2,"Pasture","Portlandian"
"1254",1.9,0.25,"Pasture","Portlandian"
"1255",1.9,0.3,"Pasture","Kimmeridgian"
"1256",1.9,0.35,"Pasture","Kimmeridgian"
"1257",1.9,0.4,"Pasture","Kimmeridgian"
"1258",1.9,0.45,"Pasture","Kimmeridgian"
"1259",1.9,0.5,"Pasture","Kimmeridgian"
"1260",1.9,0.55,"Pasture","Kimmeridgian"
"1261",1.9,0.6,"Pasture","Sequanian"
"1262",1.9,0.65,"Pasture","Sequanian"
"1263",1.9,0.7,"Pasture","Sequanian"
"1264",1.9,0.75,"Pasture","Sequanian"
"1265",1.9,0.8,"Pasture","Quaternary"
"1266",1.9,0.85,"Meadow","Argovian"
"1267",1.9,0.9,"Meadow","Argovian"
"1268",1.9,0.95,"Meadow","Argovian"
"1269",1.9,1,"Meadow","Argovian"
"1270",1.9,1.05,"Meadow","Argovian"
"1271",1.9,1.1,"Meadow","Argovian"
"1272",1.9,1.15,"Meadow","Argovian"
"1273",1.9,1.2,"Meadow","Quaternary"
"1274",1.9,1.25,"Meadow","Quaternary"
"1275",1.9,1.3,"Meadow","Argovian"
"1276",1.9,1.35,"Meadow","Quaternary"
"1277",1.9,1.4,"Meadow","Quaternary"
"1278",1.9,1.45,"Meadow","Sequanian"
"1279",1.9,1.5,"Meadow","Sequanian"
"1280",1.9,1.55,"Meadow","Sequanian"
"1281",1.9,1.6,"Meadow","Sequanian"
"1282",1.9,1.65,"Meadow","Sequanian"
"1283",1.9,1.7,"Meadow","Sequanian"
"1284",1.9,1.75,"Meadow","Sequanian"
"1285",1.9,1.8,"Forest","Sequanian"
"1286",1.9,1.85,"Meadow","Sequanian"
"1287",1.9,1.9,"Meadow","Sequanian"
"1288",1.9,1.95,"Meadow","Sequanian"
"1289",1.9,2,"Meadow","Sequanian"
"1290",1.9,2.05,"Meadow","Sequanian"
"1291",1.9,2.1,"Meadow","Sequanian"
"1292",1.9,2.15,"Meadow","Sequanian"
"1293",1.9,2.2,"Meadow","Sequanian"
"1294",1.9,2.25,"Meadow","Sequanian"
"1295",1.9,2.3,"Meadow","Sequanian"
"1296",1.9,2.35,"Meadow","Sequanian"
"1297",1.9,2.4,"Meadow","Kimmeridgian"
"1298",1.9,2.45,"Meadow","Kimmeridgian"
"1299",1.9,2.5,"Meadow","Kimmeridgian"
"1300",1.9,2.55,"Meadow","Kimmeridgian"
"1301",1.9,2.6,"Meadow","Kimmeridgian"
"1302",1.9,2.65,"Meadow","Sequanian"
"1303",1.9,2.7,"Meadow","Sequanian"
"1304",1.9,2.75,"Meadow","Sequanian"
"1305",1.9,2.8,"Meadow","Sequanian"
"1306",1.9,2.85,"Meadow","Sequanian"
"1307",1.9,2.9,"Meadow","Sequanian"
"1308",1.9,2.95,"Meadow","Sequanian"
"1309",1.9,3,"Meadow","Sequanian"
"1310",1.9,3.05,"Meadow","Sequanian"
"1311",1.9,3.1,"Meadow","Sequanian"
"1312",1.9,3.15,"Meadow","Argovian"
"1313",1.9,3.2,"Meadow","Argovian"
"1314",1.9,3.25,"Meadow","Argovian"
"1315",1.9,3.3,"Meadow","Argovian"
"1316",1.9,3.35,"Meadow","Argovian"
"1317",1.9,3.4,"Meadow","Argovian"
"1318",1.9,3.45,"Meadow","Argovian"
"1319",1.9,3.5,"Meadow","Argovian"
"1320",1.95,0.2,"Pasture","Portlandian"
"1321",1.95,0.25,"Pasture","Portlandian"
"1322",1.95,0.3,"Pasture","Portlandian"
"1323",1.95,0.35,"Pasture","Portlandian"
"1324",1.95,0.4,"Pasture","Kimmeridgian"
"1325",1.95,0.45,"Pasture","Kimmeridgian"
"1326",1.95,0.5,"Pasture","Kimmeridgian"
"1327",1.95,0.55,"Pasture","Sequanian"
"1328",1.95,0.6,"Pasture","Sequanian"
"1329",1.95,0.65,"Pasture","Sequanian"
"1330",1.95,0.7,"Pasture","Sequanian"
"1331",1.95,0.75,"Pasture","Quaternary"
"1332",1.95,0.8,"Pasture","Quaternary"
"1333",1.95,0.85,"Meadow","Argovian"
"1334",1.95,0.9,"Meadow","Argovian"
"1335",1.95,0.95,"Meadow","Argovian"
"1336",1.95,1,"Meadow","Argovian"
"1337",1.95,1.05,"Meadow","Argovian"
"1338",1.95,1.1,"Meadow","Argovian"
"1339",1.95,1.15,"Meadow","Argovian"
"1340",1.95,1.2,"Meadow","Quaternary"
"1341",1.95,1.25,"Meadow","Argovian"
"1342",1.95,1.3,"Meadow","Argovian"
"1343",1.95,1.35,"Meadow","Argovian"
"1344",1.95,1.4,"Meadow","Argovian"
"1345",1.95,1.45,"Meadow","Sequanian"
"1346",1.95,1.5,"Meadow","Sequanian"
"1347",1.95,1.55,"Meadow","Sequanian"
"1348",1.95,1.6,"Forest","Sequanian"
"1349",1.95,1.65,"Forest","Sequanian"
"1350",1.95,1.7,"Forest","Sequanian"
"1351",1.95,1.75,"Forest","Sequanian"
"1352",1.95,1.8,"Forest","Sequanian"
"1353",1.95,1.85,"Meadow","Sequanian"
"1354",1.95,1.9,"Meadow","Sequanian"
"1355",1.95,1.95,"Meadow","Sequanian"
"1356",1.95,2,"Meadow","Sequanian"
"1357",1.95,2.05,"Meadow","Sequanian"
"1358",1.95,2.1,"Meadow","Sequanian"
"1359",1.95,2.15,"Meadow","Sequanian"
"1360",1.95,2.2,"Meadow","Sequanian"
"1361",1.95,2.25,"Meadow","Sequanian"
"1362",1.95,2.3,"Meadow","Sequanian"
"1363",1.95,2.35,"Meadow","Sequanian"
"1364",1.95,2.4,"Meadow","Kimmeridgian"
"1365",1.95,2.45,"Meadow","Kimmeridgian"
"1366",1.95,2.5,"Meadow","Kimmeridgian"
"1367",1.95,2.55,"Meadow","Kimmeridgian"
"1368",1.95,2.6,"Meadow","Kimmeridgian"
"1369",1.95,2.65,"Meadow","Sequanian"
"1370",1.95,2.7,"Meadow","Sequanian"
"1371",1.95,2.75,"Meadow","Sequanian"
"1372",1.95,2.8,"Meadow","Sequanian"
"1373",1.95,2.85,"Meadow","Sequanian"
"1374",1.95,2.9,"Meadow","Sequanian"
"1375",1.95,2.95,"Meadow","Sequanian"
"1376",1.95,3,"Meadow","Sequanian"
"1377",1.95,3.05,"Meadow","Sequanian"
"1378",1.95,3.1,"Meadow","Sequanian"
"1379",1.95,3.15,"Meadow","Argovian"
"1380",1.95,3.2,"Meadow","Argovian"
"1381",1.95,3.25,"Meadow","Argovian"
"1382",1.95,3.3,"Meadow","Argovian"
"1383",1.95,3.35,"Meadow","Argovian"
"1384",1.95,3.4,"Meadow","Argovian"
"1385",1.95,3.45,"Meadow","Argovian"
"1386",1.95,3.5,"Meadow","Argovian"
"1387",2,0.1,"Pasture","Portlandian"
"1388",2,0.15,"Pasture","Portlandian"
"1389",2,0.2,"Pasture","Portlandian"
"1390",2,0.25,"Pasture","Portlandian"
"1391",2,0.3,"Pasture","Portlandian"
"1392",2,0.35,"Pasture","Portlandian"
"1393",2,0.4,"Pasture","Kimmeridgian"
"1394",2,0.45,"Pasture","Kimmeridgian"
"1395",2,0.5,"Pasture","Kimmeridgian"
"1396",2,0.55,"Pasture","Sequanian"
"1397",2,0.6,"Pasture","Sequanian"
"1398",2,0.65,"Pasture","Sequanian"
"1399",2,0.7,"Pasture","Sequanian"
"1400",2,0.75,"Pasture","Quaternary"
"1401",2,0.8,"Pasture","Quaternary"
"1402",2,0.85,"Meadow","Argovian"
"1403",2,0.9,"Meadow","Argovian"
"1404",2,0.95,"Meadow","Argovian"
"1405",2,1,"Meadow","Argovian"
"1406",2,1.05,"Meadow","Argovian"
"1407",2,1.1,"Meadow","Argovian"
"1408",2,1.15,"Meadow","Argovian"
"1409",2,1.2,"Meadow","Quaternary"
"1410",2,1.25,"Meadow","Argovian"
"1411",2,1.3,"Meadow","Argovian"
"1412",2,1.35,"Meadow","Argovian"
"1413",2,1.4,"Meadow","Argovian"
"1414",2,1.45,"Meadow","Sequanian"
"1415",2,1.5,"Meadow","Sequanian"
"1416",2,1.55,"Meadow","Sequanian"
"1417",2,1.6,"Forest","Sequanian"
"1418",2,1.65,"Forest","Sequanian"
"1419",2,1.7,"Forest","Sequanian"
"1420",2,1.75,"Forest","Sequanian"
"1421",2,1.8,"Forest","Sequanian"
"1422",2,1.85,"Meadow","Sequanian"
"1423",2,1.9,"Meadow","Sequanian"
"1424",2,1.95,"Meadow","Sequanian"
"1425",2,2,"Meadow","Sequanian"
"1426",2,2.05,"Meadow","Sequanian"
"1427",2,2.1,"Meadow","Sequanian"
"1428",2,2.15,"Meadow","Sequanian"
"1429",2,2.2,"Meadow","Sequanian"
"1430",2,2.25,"Meadow","Sequanian"
"1431",2,2.3,"Meadow","Sequanian"
"1432",2,2.35,"Meadow","Sequanian"
"1433",2,2.4,"Meadow","Kimmeridgian"
"1434",2,2.45,"Meadow","Kimmeridgian"
"1435",2,2.5,"Meadow","Kimmeridgian"
"1436",2,2.55,"Meadow","Kimmeridgian"
"1437",2,2.6,"Meadow","Kimmeridgian"
"1438",2,2.65,"Meadow","Sequanian"
"1439",2,2.7,"Meadow","Sequanian"
"1440",2,2.75,"Meadow","Sequanian"
"1441",2,2.8,"Meadow","Sequanian"
"1442",2,2.85,"Meadow","Sequanian"
"1443",2,2.9,"Meadow","Sequanian"
"1444",2,2.95,"Meadow","Sequanian"
"1445",2,3,"Meadow","Sequanian"
"1446",2,3.05,"Meadow","Sequanian"
"1447",2,3.1,"Meadow","Sequanian"
"1448",2,3.15,"Meadow","Argovian"
"1449",2,3.2,"Meadow","Argovian"
"1450",2,3.25,"Meadow","Argovian"
"1451",2,3.3,"Meadow","Argovian"
"1452",2,3.35,"Meadow","Argovian"
"1453",2,3.4,"Meadow","Argovian"
"1454",2,3.45,"Meadow","Argovian"
"1455",2,3.5,"Meadow","Argovian"
"1456",2.05,0.15,"Meadow","Portlandian"
"1457",2.05,0.2,"Meadow","Portlandian"
"1458",2.05,0.25,"Meadow","Portlandian"
"1459",2.05,0.3,"Meadow","Portlandian"
"1460",2.05,0.35,"Meadow","Portlandian"
"1461",2.05,0.4,"Pasture","Kimmeridgian"
"1462",2.05,0.45,"Pasture","Kimmeridgian"
"1463",2.05,0.5,"Pasture","Kimmeridgian"
"1464",2.05,0.55,"Pasture","Sequanian"
"1465",2.05,0.6,"Pasture","Sequanian"
"1466",2.05,0.65,"Pasture","Sequanian"
"1467",2.05,0.7,"Pasture","Sequanian"
"1468",2.05,0.75,"Pasture","Quaternary"
"1469",2.05,0.8,"Pasture","Quaternary"
"1470",2.05,0.85,"Meadow","Argovian"
"1471",2.05,0.9,"Meadow","Argovian"
"1472",2.05,0.95,"Meadow","Argovian"
"1473",2.05,1,"Meadow","Argovian"
"1474",2.05,1.05,"Meadow","Argovian"
"1475",2.05,1.1,"Meadow","Argovian"
"1476",2.05,1.15,"Meadow","Argovian"
"1477",2.05,1.2,"Meadow","Argovian"
"1478",2.05,1.25,"Meadow","Argovian"
"1479",2.05,1.3,"Meadow","Argovian"
"1480",2.05,1.35,"Meadow","Argovian"
"1481",2.05,1.4,"Meadow","Argovian"
"1482",2.05,1.45,"Meadow","Sequanian"
"1483",2.05,1.5,"Meadow","Sequanian"
"1484",2.05,1.55,"Meadow","Sequanian"
"1485",2.05,1.6,"Pasture","Sequanian"
"1486",2.05,1.65,"Pasture","Sequanian"
"1487",2.05,1.7,"Forest","Sequanian"
"1488",2.05,1.75,"Forest","Sequanian"
"1489",2.05,1.8,"Forest","Kimmeridgian"
"1490",2.05,1.85,"Meadow","Sequanian"
"1491",2.05,1.9,"Meadow","Sequanian"
"1492",2.05,1.95,"Meadow","Kimmeridgian"
"1493",2.05,2,"Meadow","Kimmeridgian"
"1494",2.05,2.05,"Meadow","Kimmeridgian"
"1495",2.05,2.1,"Meadow","Kimmeridgian"
"1496",2.05,2.15,"Meadow","Sequanian"
"1497",2.05,2.2,"Meadow","Sequanian"
"1498",2.05,2.25,"Meadow","Sequanian"
"1499",2.05,2.3,"Meadow","Sequanian"
"1500",2.05,2.35,"Meadow","Sequanian"
"1501",2.05,2.4,"Meadow","Quaternary"
"1502",2.05,2.45,"Meadow","Quaternary"
"1503",2.05,2.5,"Meadow","Kimmeridgian"
"1504",2.05,2.55,"Meadow","Kimmeridgian"
"1505",2.05,2.6,"Meadow","Kimmeridgian"
"1506",2.05,2.65,"Meadow","Kimmeridgian"
"1507",2.05,2.7,"Meadow","Kimmeridgian"
"1508",2.05,2.75,"Meadow","Kimmeridgian"
"1509",2.05,2.8,"Meadow","Kimmeridgian"
"1510",2.05,2.85,"Meadow","Kimmeridgian"
"1511",2.05,2.9,"Meadow","Sequanian"
"1512",2.05,2.95,"Meadow","Sequanian"
"1513",2.05,3,"Meadow","Sequanian"
"1514",2.05,3.05,"Meadow","Sequanian"
"1515",2.05,3.1,"Meadow","Sequanian"
"1516",2.05,3.15,"Meadow","Argovian"
"1517",2.05,3.2,"Meadow","Argovian"
"1518",2.05,3.25,"Meadow","Argovian"
"1519",2.05,3.3,"Meadow","Quaternary"
"1520",2.05,3.35,"Meadow","Quaternary"
"1521",2.05,3.4,"Meadow","Argovian"
"1522",2.05,3.45,"Meadow","Argovian"
"1523",2.05,3.5,"Meadow","Argovian"
"1524",2.05,3.55,"Meadow","Argovian"
"1525",2.1,0.2,"Meadow","Portlandian"
"1526",2.1,0.25,"Meadow","Portlandian"
"1527",2.1,0.3,"Meadow","Portlandian"
"1528",2.1,0.35,"Meadow","Portlandian"
"1529",2.1,0.4,"Meadow","Kimmeridgian"
"1530",2.1,0.45,"Meadow","Kimmeridgian"
"1531",2.1,0.5,"Meadow","Kimmeridgian"
"1532",2.1,0.55,"Meadow","Kimmeridgian"
"1533",2.1,0.6,"Pasture","Kimmeridgian"
"1534",2.1,0.65,"Pasture","Kimmeridgian"
"1535",2.1,0.7,"Pasture","Sequanian"
"1536",2.1,0.75,"Pasture","Sequanian"
"1537",2.1,0.8,"Pasture","Argovian"
"1538",2.1,0.85,"Meadow","Argovian"
"1539",2.1,0.9,"Meadow","Argovian"
"1540",2.1,0.95,"Meadow","Argovian"
"1541",2.1,1,"Meadow","Argovian"
"1542",2.1,1.05,"Meadow","Argovian"
"1543",2.1,1.1,"Meadow","Argovian"
"1544",2.1,1.15,"Meadow","Argovian"
"1545",2.1,1.2,"Meadow","Argovian"
"1546",2.1,1.25,"Meadow","Argovian"
"1547",2.1,1.3,"Meadow","Argovian"
"1548",2.1,1.35,"Meadow","Argovian"
"1549",2.1,1.4,"Meadow","Argovian"
"1550",2.1,1.45,"Pasture","Argovian"
"1551",2.1,1.5,"Pasture","Argovian"
"1552",2.1,1.55,"Pasture","Argovian"
"1553",2.1,1.6,"Pasture","Sequanian"
"1554",2.1,1.65,"Pasture","Sequanian"
"1555",2.1,1.7,"Forest","Sequanian"
"1556",2.1,1.75,"Forest","Sequanian"
"1557",2.1,1.8,"Forest","Kimmeridgian"
"1558",2.1,1.85,"Meadow","Sequanian"
"1559",2.1,1.9,"Meadow","Sequanian"
"1560",2.1,1.95,"Meadow","Kimmeridgian"
"1561",2.1,2,"Meadow","Kimmeridgian"
"1562",2.1,2.05,"Meadow","Kimmeridgian"
"1563",2.1,2.1,"Meadow","Kimmeridgian"
"1564",2.1,2.15,"Meadow","Sequanian"
"1565",2.1,2.2,"Meadow","Sequanian"
"1566",2.1,2.25,"Meadow","Sequanian"
"1567",2.1,2.3,"Meadow","Sequanian"
"1568",2.1,2.35,"Meadow","Sequanian"
"1569",2.1,2.4,"Meadow","Quaternary"
"1570",2.1,2.45,"Meadow","Quaternary"
"1571",2.1,2.5,"Meadow","Kimmeridgian"
"1572",2.1,2.55,"Meadow","Kimmeridgian"
"1573",2.1,2.6,"Meadow","Kimmeridgian"
"1574",2.1,2.65,"Meadow","Kimmeridgian"
"1575",2.1,2.7,"Meadow","Kimmeridgian"
"1576",2.1,2.75,"Meadow","Kimmeridgian"
"1577",2.1,2.8,"Meadow","Kimmeridgian"
"1578",2.1,2.85,"Meadow","Kimmeridgian"
"1579",2.1,2.9,"Pasture","Sequanian"
"1580",2.1,2.95,"Pasture","Sequanian"
"1581",2.1,3,"Pasture","Sequanian"
"1582",2.1,3.05,"Pasture","Sequanian"
"1583",2.1,3.1,"Meadow","Sequanian"
"1584",2.1,3.15,"Meadow","Argovian"
"1585",2.1,3.2,"Meadow","Argovian"
"1586",2.1,3.25,"Meadow","Argovian"
"1587",2.1,3.3,"Meadow","Quaternary"
"1588",2.1,3.35,"Meadow","Quaternary"
"1589",2.1,3.4,"Meadow","Argovian"
"1590",2.1,3.45,"Meadow","Argovian"
"1591",2.1,3.5,"Meadow","Argovian"
"1592",2.1,3.55,"Meadow","Argovian"
"1593",2.1,3.6,"Meadow","Argovian"
"1594",2.1,4.2,"Meadow","Argovian"
"1595",2.1,4.25,"Meadow","Argovian"
"1596",2.1,4.3,"Meadow","Argovian"
"1597",2.15,0.2,"Meadow","Portlandian"
"1598",2.15,0.25,"Meadow","Portlandian"
"1599",2.15,0.3,"Meadow","Portlandian"
"1600",2.15,0.35,"Meadow","Portlandian"
"1601",2.15,0.4,"Meadow","Kimmeridgian"
"1602",2.15,0.45,"Meadow","Kimmeridgian"
"1603",2.15,0.5,"Meadow","Kimmeridgian"
"1604",2.15,0.55,"Meadow","Kimmeridgian"
"1605",2.15,0.6,"Meadow","Kimmeridgian"
"1606",2.15,0.65,"Meadow","Kimmeridgian"
"1607",2.15,0.7,"Meadow","Sequanian"
"1608",2.15,0.75,"Meadow","Argovian"
"1609",2.15,0.8,"Meadow","Argovian"
"1610",2.15,0.85,"Meadow","Argovian"
"1611",2.15,0.9,"Meadow","Argovian"
"1612",2.15,0.95,"Meadow","Argovian"
"1613",2.15,1,"Meadow","Argovian"
"1614",2.15,1.05,"Meadow","Argovian"
"1615",2.15,1.1,"Meadow","Argovian"
"1616",2.15,1.15,"Meadow","Argovian"
"1617",2.15,1.2,"Pasture","Argovian"
"1618",2.15,1.25,"Pasture","Quaternary"
"1619",2.15,1.3,"Pasture","Quaternary"
"1620",2.15,1.35,"Pasture","Argovian"
"1621",2.15,1.4,"Pasture","Argovian"
"1622",2.15,1.45,"Pasture","Argovian"
"1623",2.15,1.5,"Pasture","Argovian"
"1624",2.15,1.55,"Pasture","Argovian"
"1625",2.15,1.6,"Pasture","Sequanian"
"1626",2.15,1.65,"Pasture","Sequanian"
"1627",2.15,1.7,"Pasture","Kimmeridgian"
"1628",2.15,1.75,"Pasture","Kimmeridgian"
"1629",2.15,1.8,"Pasture","Kimmeridgian"
"1630",2.15,1.85,"Meadow","Kimmeridgian"
"1631",2.15,1.9,"Meadow","Kimmeridgian"
"1632",2.15,1.95,"Meadow","Kimmeridgian"
"1633",2.15,2,"Meadow","Kimmeridgian"
"1634",2.15,2.05,"Meadow","Kimmeridgian"
"1635",2.15,2.1,"Meadow","Kimmeridgian"
"1636",2.15,2.15,"Meadow","Kimmeridgian"
"1637",2.15,2.2,"Meadow","Kimmeridgian"
"1638",2.15,2.25,"Meadow","Kimmeridgian"
"1639",2.15,2.3,"Meadow","Quaternary"
"1640",2.15,2.35,"Meadow","Quaternary"
"1641",2.15,2.4,"Meadow","Quaternary"
"1642",2.15,2.45,"Meadow","Quaternary"
"1643",2.15,2.5,"Meadow","Quaternary"
"1644",2.15,2.55,"Meadow","Kimmeridgian"
"1645",2.15,2.6,"Meadow","Kimmeridgian"
"1646",2.15,2.65,"Pasture","Kimmeridgian"
"1647",2.15,2.7,"Pasture","Kimmeridgian"
"1648",2.15,2.75,"Pasture","Kimmeridgian"
"1649",2.15,2.8,"Meadow","Kimmeridgian"
"1650",2.15,2.85,"Meadow","Kimmeridgian"
"1651",2.15,2.9,"Pasture","Sequanian"
"1652",2.15,2.95,"Pasture","Sequanian"
"1653",2.15,3,"Meadow","Sequanian"
"1654",2.15,3.05,"Meadow","Sequanian"
"1655",2.15,3.1,"Meadow","Sequanian"
"1656",2.15,3.15,"Meadow","Sequanian"
"1657",2.15,3.2,"Meadow","Sequanian"
"1658",2.15,3.25,"Meadow","Sequanian"
"1659",2.15,3.3,"Meadow","Quaternary"
"1660",2.15,3.35,"Meadow","Quaternary"
"1661",2.15,3.4,"Meadow","Quaternary"
"1662",2.15,3.45,"Meadow","Quaternary"
"1663",2.15,3.5,"Meadow","Argovian"
"1664",2.15,3.55,"Meadow","Argovian"
"1665",2.15,3.6,"Meadow","Argovian"
"1666",2.15,3.65,"Meadow","Argovian"
"1667",2.15,4.2,"Meadow","Argovian"
"1668",2.15,4.25,"Meadow","Argovian"
"1669",2.15,4.3,"Meadow","Argovian"
"1670",2.2,0.2,"Meadow","Portlandian"
"1671",2.2,0.25,"Meadow","Portlandian"
"1672",2.2,0.3,"Meadow","Portlandian"
"1673",2.2,0.35,"Meadow","Portlandian"
"1674",2.2,0.4,"Meadow","Kimmeridgian"
"1675",2.2,0.45,"Meadow","Kimmeridgian"
"1676",2.2,0.5,"Meadow","Kimmeridgian"
"1677",2.2,0.55,"Meadow","Kimmeridgian"
"1678",2.2,0.6,"Meadow","Kimmeridgian"
"1679",2.2,0.65,"Meadow","Kimmeridgian"
"1680",2.2,0.7,"Meadow","Sequanian"
"1681",2.2,0.75,"Meadow","Argovian"
"1682",2.2,0.8,"Meadow","Argovian"
"1683",2.2,0.85,"Meadow","Argovian"
"1684",2.2,0.9,"Meadow","Argovian"
"1685",2.2,0.95,"Meadow","Argovian"
"1686",2.2,1,"Meadow","Argovian"
"1687",2.2,1.05,"Meadow","Argovian"
"1688",2.2,1.1,"Meadow","Argovian"
"1689",2.2,1.15,"Meadow","Argovian"
"1690",2.2,1.2,"Pasture","Argovian"
"1691",2.2,1.25,"Pasture","Quaternary"
"1692",2.2,1.3,"Pasture","Quaternary"
"1693",2.2,1.35,"Pasture","Argovian"
"1694",2.2,1.4,"Pasture","Argovian"
"1695",2.2,1.45,"Pasture","Argovian"
"1696",2.2,1.5,"Pasture","Argovian"
"1697",2.2,1.55,"Pasture","Argovian"
"1698",2.2,1.6,"Pasture","Sequanian"
"1699",2.2,1.65,"Pasture","Sequanian"
"1700",2.2,1.7,"Pasture","Kimmeridgian"
"1701",2.2,1.75,"Pasture","Kimmeridgian"
"1702",2.2,1.8,"Pasture","Kimmeridgian"
"1703",2.2,1.85,"Meadow","Kimmeridgian"
"1704",2.2,1.9,"Meadow","Kimmeridgian"
"1705",2.2,1.95,"Meadow","Kimmeridgian"
"1706",2.2,2,"Meadow","Kimmeridgian"
"1707",2.2,2.05,"Meadow","Kimmeridgian"
"1708",2.2,2.1,"Meadow","Kimmeridgian"
"1709",2.2,2.15,"Meadow","Kimmeridgian"
"1710",2.2,2.2,"Meadow","Kimmeridgian"
"1711",2.2,2.25,"Meadow","Kimmeridgian"
"1712",2.2,2.3,"Meadow","Quaternary"
"1713",2.2,2.35,"Meadow","Quaternary"
"1714",2.2,2.4,"Meadow","Quaternary"
"1715",2.2,2.45,"Meadow","Quaternary"
"1716",2.2,2.5,"Meadow","Quaternary"
"1717",2.2,2.55,"Meadow","Kimmeridgian"
"1718",2.2,2.6,"Meadow","Kimmeridgian"
"1719",2.2,2.65,"Pasture","Kimmeridgian"
"1720",2.2,2.7,"Pasture","Kimmeridgian"
"1721",2.2,2.75,"Pasture","Kimmeridgian"
"1722",2.2,2.8,"Meadow","Kimmeridgian"
"1723",2.2,2.85,"Meadow","Kimmeridgian"
"1724",2.2,2.9,"Pasture","Sequanian"
"1725",2.2,2.95,"Pasture","Sequanian"
"1726",2.2,3,"Meadow","Sequanian"
"1727",2.2,3.05,"Meadow","Sequanian"
"1728",2.2,3.1,"Meadow","Sequanian"
"1729",2.2,3.15,"Meadow","Sequanian"
"1730",2.2,3.2,"Meadow","Sequanian"
"1731",2.2,3.25,"Meadow","Sequanian"
"1732",2.2,3.3,"Meadow","Quaternary"
"1733",2.2,3.35,"Meadow","Quaternary"
"1734",2.2,3.4,"Meadow","Quaternary"
"1735",2.2,3.45,"Meadow","Quaternary"
"1736",2.2,3.5,"Meadow","Argovian"
"1737",2.2,3.55,"Meadow","Argovian"
"1738",2.2,3.6,"Meadow","Argovian"
"1739",2.2,3.65,"Meadow","Argovian"
"1740",2.2,3.7,"Meadow","Argovian"
"1741",2.2,3.75,"Meadow","Argovian"
"1742",2.2,3.8,"Meadow","Argovian"
"1743",2.2,3.85,"Meadow","Argovian"
"1744",2.2,3.9,"Meadow","Argovian"
"1745",2.2,3.95,"Meadow","Argovian"
"1746",2.2,4,"Meadow","Argovian"
"1747",2.2,4.05,"Meadow","Argovian"
"1748",2.2,4.1,"Meadow","Argovian"
"1749",2.2,4.15,"Meadow","Argovian"
"1750",2.2,4.2,"Meadow","Argovian"
"1751",2.2,4.25,"Meadow","Argovian"
"1752",2.2,4.3,"Meadow","Argovian"
"1753",2.25,0.25,"Meadow","Portlandian"
"1754",2.25,0.3,"Meadow","Portlandian"
"1755",2.25,0.35,"Meadow","Portlandian"
"1756",2.25,0.4,"Forest","Portlandian"
"1757",2.25,0.45,"Forest","Portlandian"
"1758",2.25,0.5,"Forest","Kimmeridgian"
"1759",2.25,0.55,"Forest","Kimmeridgian"
"1760",2.25,0.6,"Meadow","Kimmeridgian"
"1761",2.25,0.65,"Meadow","Kimmeridgian"
"1762",2.25,0.7,"Meadow","Sequanian"
"1763",2.25,0.75,"Meadow","Argovian"
"1764",2.25,0.8,"Meadow","Argovian"
"1765",2.25,0.85,"Meadow","Argovian"
"1766",2.25,0.9,"Meadow","Argovian"
"1767",2.25,0.95,"Meadow","Argovian"
"1768",2.25,1,"Meadow","Argovian"
"1769",2.25,1.05,"Meadow","Argovian"
"1770",2.25,1.1,"Meadow","Argovian"
"1771",2.25,1.15,"Meadow","Argovian"
"1772",2.25,1.2,"Pasture","Argovian"
"1773",2.25,1.25,"Pasture","Argovian"
"1774",2.25,1.3,"Pasture","Argovian"
"1775",2.25,1.35,"Pasture","Quaternary"
"1776",2.25,1.4,"Pasture","Quaternary"
"1777",2.25,1.45,"Pasture","Argovian"
"1778",2.25,1.5,"Pasture","Argovian"
"1779",2.25,1.55,"Pasture","Argovian"
"1780",2.25,1.6,"Pasture","Sequanian"
"1781",2.25,1.65,"Pasture","Sequanian"
"1782",2.25,1.7,"Pasture","Kimmeridgian"
"1783",2.25,1.75,"Pasture","Kimmeridgian"
"1784",2.25,1.8,"Pasture","Kimmeridgian"
"1785",2.25,1.85,"Meadow","Kimmeridgian"
"1786",2.25,1.9,"Meadow","Kimmeridgian"
"1787",2.25,1.95,"Pasture","Kimmeridgian"
"1788",2.25,2,"Pasture","Kimmeridgian"
"1789",2.25,2.05,"Pasture","Kimmeridgian"
"1790",2.25,2.1,"Meadow","Kimmeridgian"
"1791",2.25,2.15,"Meadow","Kimmeridgian"
"1792",2.25,2.2,"Meadow","Kimmeridgian"
"1793",2.25,2.25,"Meadow","Quaternary"
"1794",2.25,2.3,"Meadow","Quaternary"
"1795",2.25,2.35,"Meadow","Quaternary"
"1796",2.25,2.4,"Meadow","Quaternary"
"1797",2.25,2.45,"Meadow","Quaternary"
"1798",2.25,2.5,"Meadow","Quaternary"
"1799",2.25,2.55,"Meadow","Quaternary"
"1800",2.25,2.6,"Meadow","Kimmeridgian"
"1801",2.25,2.65,"Pasture","Kimmeridgian"
"1802",2.25,2.7,"Pasture","Kimmeridgian"
"1803",2.25,2.75,"Pasture","Kimmeridgian"
"1804",2.25,2.8,"Meadow","Kimmeridgian"
"1805",2.25,2.85,"Meadow","Kimmeridgian"
"1806",2.25,2.9,"Pasture","Sequanian"
"1807",2.25,2.95,"Pasture","Sequanian"
"1808",2.25,3,"Meadow","Sequanian"
"1809",2.25,3.05,"Meadow","Sequanian"
"1810",2.25,3.1,"Meadow","Sequanian"
"1811",2.25,3.15,"Meadow","Sequanian"
"1812",2.25,3.2,"Meadow","Sequanian"
"1813",2.25,3.25,"Meadow","Sequanian"
"1814",2.25,3.3,"Meadow","Quaternary"
"1815",2.25,3.35,"Meadow","Quaternary"
"1816",2.25,3.4,"Meadow","Quaternary"
"1817",2.25,3.45,"Meadow","Quaternary"
"1818",2.25,3.5,"Meadow","Argovian"
"1819",2.25,3.55,"Meadow","Argovian"
"1820",2.25,3.6,"Meadow","Argovian"
"1821",2.25,3.65,"Meadow","Argovian"
"1822",2.25,3.7,"Meadow","Argovian"
"1823",2.25,3.75,"Meadow","Argovian"
"1824",2.25,3.8,"Meadow","Argovian"
"1825",2.25,3.85,"Meadow","Argovian"
"1826",2.25,3.9,"Meadow","Argovian"
"1827",2.25,3.95,"Meadow","Argovian"
"1828",2.25,4,"Meadow","Argovian"
"1829",2.25,4.05,"Meadow","Argovian"
"1830",2.25,4.1,"Meadow","Argovian"
"1831",2.25,4.15,"Meadow","Argovian"
"1832",2.25,4.2,"Meadow","Argovian"
"1833",2.3,0.3,"Meadow","Portlandian"
"1834",2.3,0.35,"Meadow","Portlandian"
"1835",2.3,0.4,"Forest","Portlandian"
"1836",2.3,0.45,"Forest","Portlandian"
"1837",2.3,0.5,"Forest","Kimmeridgian"
"1838",2.3,0.55,"Forest","Kimmeridgian"
"1839",2.3,0.6,"Meadow","Kimmeridgian"
"1840",2.3,0.65,"Meadow","Kimmeridgian"
"1841",2.3,0.7,"Forest","Sequanian"
"1842",2.3,0.75,"Forest","Sequanian"
"1843",2.3,0.8,"Meadow","Argovian"
"1844",2.3,0.85,"Meadow","Argovian"
"1845",2.3,0.9,"Meadow","Argovian"
"1846",2.3,0.95,"Meadow","Argovian"
"1847",2.3,1,"Meadow","Argovian"
"1848",2.3,1.05,"Meadow","Argovian"
"1849",2.3,1.1,"Meadow","Argovian"
"1850",2.3,1.15,"Meadow","Argovian"
"1851",2.3,1.2,"Pasture","Argovian"
"1852",2.3,1.25,"Pasture","Argovian"
"1853",2.3,1.3,"Pasture","Argovian"
"1854",2.3,1.35,"Pasture","Quaternary"
"1855",2.3,1.4,"Pasture","Quaternary"
"1856",2.3,1.45,"Pasture","Argovian"
"1857",2.3,1.5,"Pasture","Argovian"
"1858",2.3,1.55,"Pasture","Argovian"
"1859",2.3,1.6,"Pasture","Sequanian"
"1860",2.3,1.65,"Pasture","Sequanian"
"1861",2.3,1.7,"Pasture","Kimmeridgian"
"1862",2.3,1.75,"Pasture","Kimmeridgian"
"1863",2.3,1.8,"Pasture","Kimmeridgian"
"1864",2.3,1.85,"Meadow","Kimmeridgian"
"1865",2.3,1.9,"Meadow","Kimmeridgian"
"1866",2.3,1.95,"Pasture","Kimmeridgian"
"1867",2.3,2,"Pasture","Kimmeridgian"
"1868",2.3,2.05,"Pasture","Kimmeridgian"
"1869",2.3,2.1,"Meadow","Quaternary"
"1870",2.3,2.15,"Meadow","Quaternary"
"1871",2.3,2.2,"Meadow","Quaternary"
"1872",2.3,2.25,"Meadow","Quaternary"
"1873",2.3,2.3,"Meadow","Quaternary"
"1874",2.3,2.35,"Meadow","Quaternary"
"1875",2.3,2.4,"Meadow","Quaternary"
"1876",2.3,2.45,"Meadow","Quaternary"
"1877",2.3,2.5,"Meadow","Quaternary"
"1878",2.3,2.55,"Meadow","Quaternary"
"1879",2.3,2.6,"Pasture","Kimmeridgian"
"1880",2.3,2.65,"Pasture","Kimmeridgian"
"1881",2.3,2.7,"Pasture","Kimmeridgian"
"1882",2.3,2.75,"Pasture","Kimmeridgian"
"1883",2.3,2.8,"Pasture","Kimmeridgian"
"1884",2.3,2.85,"Pasture","Kimmeridgian"
"1885",2.3,2.9,"Meadow","Sequanian"
"1886",2.3,2.95,"Meadow","Sequanian"
"1887",2.3,3,"Meadow","Sequanian"
"1888",2.3,3.05,"Meadow","Sequanian"
"1889",2.3,3.1,"Meadow","Sequanian"
"1890",2.3,3.15,"Meadow","Sequanian"
"1891",2.3,3.2,"Meadow","Sequanian"
"1892",2.3,3.25,"Meadow","Sequanian"
"1893",2.3,3.3,"Meadow","Quaternary"
"1894",2.3,3.35,"Meadow","Quaternary"
"1895",2.3,3.4,"Meadow","Quaternary"
"1896",2.3,3.45,"Meadow","Quaternary"
"1897",2.3,3.5,"Meadow","Argovian"
"1898",2.3,3.55,"Meadow","Argovian"
"1899",2.3,3.6,"Meadow","Argovian"
"1900",2.3,3.65,"Meadow","Argovian"
"1901",2.3,3.7,"Meadow","Argovian"
"1902",2.3,3.75,"Meadow","Argovian"
"1903",2.3,3.8,"Meadow","Argovian"
"1904",2.3,3.85,"Meadow","Argovian"
"1905",2.3,3.9,"Meadow","Argovian"
"1906",2.3,3.95,"Meadow","Argovian"
"1907",2.3,4,"Meadow","Argovian"
"1908",2.3,4.05,"Meadow","Argovian"
"1909",2.3,4.1,"Meadow","Argovian"
"1910",2.3,4.15,"Meadow","Argovian"
"1911",2.3,4.2,"Meadow","Argovian"
"1912",2.35,0.35,"Meadow","Portlandian"
"1913",2.35,0.4,"Forest","Portlandian"
"1914",2.35,0.45,"Forest","Portlandian"
"1915",2.35,0.5,"Forest","Kimmeridgian"
"1916",2.35,0.55,"Forest","Kimmeridgian"
"1917",2.35,0.6,"Meadow","Kimmeridgian"
"1918",2.35,0.65,"Meadow","Kimmeridgian"
"1919",2.35,0.7,"Forest","Sequanian"
"1920",2.35,0.75,"Forest","Sequanian"
"1921",2.35,0.8,"Meadow","Argovian"
"1922",2.35,0.85,"Meadow","Argovian"
"1923",2.35,0.9,"Meadow","Argovian"
"1924",2.35,0.95,"Meadow","Argovian"
"1925",2.35,1,"Meadow","Argovian"
"1926",2.35,1.05,"Meadow","Argovian"
"1927",2.35,1.1,"Meadow","Argovian"
"1928",2.35,1.15,"Meadow","Argovian"
"1929",2.35,1.2,"Pasture","Argovian"
"1930",2.35,1.25,"Pasture","Argovian"
"1931",2.35,1.3,"Pasture","Argovian"
"1932",2.35,1.35,"Pasture","Quaternary"
"1933",2.35,1.4,"Pasture","Quaternary"
"1934",2.35,1.45,"Pasture","Argovian"
"1935",2.35,1.5,"Pasture","Argovian"
"1936",2.35,1.55,"Pasture","Argovian"
"1937",2.35,1.6,"Pasture","Sequanian"
"1938",2.35,1.65,"Pasture","Sequanian"
"1939",2.35,1.7,"Pasture","Kimmeridgian"
"1940",2.35,1.75,"Pasture","Kimmeridgian"
"1941",2.35,1.8,"Pasture","Kimmeridgian"
"1942",2.35,1.85,"Meadow","Kimmeridgian"
"1943",2.35,1.9,"Meadow","Kimmeridgian"
"1944",2.35,1.95,"Pasture","Kimmeridgian"
"1945",2.35,2,"Pasture","Kimmeridgian"
"1946",2.35,2.05,"Pasture","Kimmeridgian"
"1947",2.35,2.1,"Meadow","Quaternary"
"1948",2.35,2.15,"Meadow","Quaternary"
"1949",2.35,2.2,"Meadow","Quaternary"
"1950",2.35,2.25,"Meadow","Quaternary"
"1951",2.35,2.3,"Meadow","Quaternary"
"1952",2.35,2.35,"Meadow","Quaternary"
"1953",2.35,2.4,"Meadow","Quaternary"
"1954",2.35,2.45,"Meadow","Quaternary"
"1955",2.35,2.5,"Meadow","Quaternary"
"1956",2.35,2.55,"Meadow","Quaternary"
"1957",2.35,2.6,"Pasture","Kimmeridgian"
"1958",2.35,2.65,"Pasture","Kimmeridgian"
"1959",2.35,2.7,"Pasture","Kimmeridgian"
"1960",2.35,2.75,"Pasture","Kimmeridgian"
"1961",2.35,2.8,"Pasture","Kimmeridgian"
"1962",2.35,2.85,"Pasture","Kimmeridgian"
"1963",2.35,2.9,"Meadow","Sequanian"
"1964",2.35,2.95,"Meadow","Sequanian"
"1965",2.35,3,"Meadow","Sequanian"
"1966",2.35,3.05,"Meadow","Sequanian"
"1967",2.35,3.1,"Meadow","Sequanian"
"1968",2.35,3.15,"Meadow","Sequanian"
"1969",2.35,3.2,"Meadow","Sequanian"
"1970",2.35,3.25,"Meadow","Sequanian"
"1971",2.35,3.3,"Meadow","Quaternary"
"1972",2.35,3.35,"Meadow","Quaternary"
"1973",2.35,3.4,"Meadow","Quaternary"
"1974",2.35,3.45,"Meadow","Quaternary"
"1975",2.35,3.5,"Meadow","Argovian"
"1976",2.35,3.55,"Meadow","Argovian"
"1977",2.35,3.6,"Meadow","Argovian"
"1978",2.35,3.65,"Meadow","Argovian"
"1979",2.35,3.7,"Meadow","Argovian"
"1980",2.35,3.75,"Meadow","Argovian"
"1981",2.35,3.8,"Meadow","Argovian"
"1982",2.35,3.85,"Meadow","Argovian"
"1983",2.35,3.9,"Meadow","Argovian"
"1984",2.35,3.95,"Meadow","Argovian"
"1985",2.35,4,"Meadow","Argovian"
"1986",2.35,4.05,"Meadow","Argovian"
"1987",2.35,4.1,"Meadow","Argovian"
"1988",2.35,4.15,"Meadow","Argovian"
"1989",2.35,4.2,"Meadow","Argovian"
"1990",2.4,0.4,"Forest","Portlandian"
"1991",2.4,0.45,"Forest","Portlandian"
"1992",2.4,0.5,"Forest","Portlandian"
"1993",2.4,0.55,"Forest","Portlandian"
"1994",2.4,0.6,"Forest","Sequanian"
"1995",2.4,0.65,"Forest","Sequanian"
"1996",2.4,0.7,"Forest","Sequanian"
"1997",2.4,0.75,"Meadow","Sequanian"
"1998",2.4,0.8,"Meadow","Sequanian"
"1999",2.4,0.85,"Meadow","Argovian"
"2000",2.4,0.9,"Meadow","Argovian"
"2001",2.4,0.95,"Meadow","Argovian"
"2002",2.4,1,"Meadow","Argovian"
"2003",2.4,1.05,"Meadow","Argovian"
"2004",2.4,1.1,"Meadow","Argovian"
"2005",2.4,1.15,"Meadow","Argovian"
"2006",2.4,1.2,"Pasture","Argovian"
"2007",2.4,1.25,"Meadow","Argovian"
"2008",2.4,1.3,"Meadow","Argovian"
"2009",2.4,1.35,"Meadow","Quaternary"
"2010",2.4,1.4,"Meadow","Quaternary"
"2011",2.4,1.45,"Pasture","Sequanian"
"2012",2.4,1.5,"Pasture","Sequanian"
"2013",2.4,1.55,"Pasture","Sequanian"
"2014",2.4,1.6,"Meadow","Sequanian"
"2015",2.4,1.65,"Meadow","Sequanian"
"2016",2.4,1.7,"Pasture","Sequanian"
"2017",2.4,1.75,"Pasture","Sequanian"
"2018",2.4,1.8,"Pasture","Kimmeridgian"
"2019",2.4,1.85,"Pasture","Kimmeridgian"
"2020",2.4,1.9,"Pasture","Kimmeridgian"
"2021",2.4,1.95,"Pasture","Kimmeridgian"
"2022",2.4,2,"Pasture","Kimmeridgian"
"2023",2.4,2.05,"Pasture","Kimmeridgian"
"2024",2.4,2.1,"Pasture","Quaternary"
"2025",2.4,2.15,"Pasture","Quaternary"
"2026",2.4,2.2,"Pasture","Quaternary"
"2027",2.4,2.25,"Meadow","Quaternary"
"2028",2.4,2.3,"Meadow","Quaternary"
"2029",2.4,2.35,"Meadow","Quaternary"
"2030",2.4,2.4,"Meadow","Quaternary"
"2031",2.4,2.45,"Meadow","Quaternary"
"2032",2.4,2.5,"Meadow","Kimmeridgian"
"2033",2.4,2.55,"Pasture","Kimmeridgian"
"2034",2.4,2.6,"Pasture","Kimmeridgian"
"2035",2.4,2.65,"Pasture","Kimmeridgian"
"2036",2.4,2.7,"Pasture","Kimmeridgian"
"2037",2.4,2.75,"Pasture","Kimmeridgian"
"2038",2.4,2.8,"Pasture","Kimmeridgian"
"2039",2.4,2.85,"Pasture","Kimmeridgian"
"2040",2.4,2.9,"Meadow","Kimmeridgian"
"2041",2.4,2.95,"Meadow","Kimmeridgian"
"2042",2.4,3,"Meadow","Sequanian"
"2043",2.4,3.05,"Meadow","Sequanian"
"2044",2.4,3.1,"Meadow","Sequanian"
"2045",2.4,3.15,"Meadow","Sequanian"
"2046",2.4,3.2,"Meadow","Sequanian"
"2047",2.4,3.25,"Meadow","Sequanian"
"2048",2.4,3.3,"Meadow","Sequanian"
"2049",2.4,3.35,"Meadow","Sequanian"
"2050",2.4,3.4,"Meadow","Quaternary"
"2051",2.4,3.45,"Meadow","Quaternary"
"2052",2.4,3.5,"Tillage","Quaternary"
"2053",2.4,3.55,"Tillage","Quaternary"
"2054",2.4,3.6,"Meadow","Argovian"
"2055",2.4,3.65,"Meadow","Argovian"
"2056",2.4,3.7,"Meadow","Argovian"
"2057",2.4,3.75,"Meadow","Argovian"
"2058",2.4,3.8,"Meadow","Argovian"
"2059",2.4,3.85,"Meadow","Argovian"
"2060",2.4,3.9,"Meadow","Argovian"
"2061",2.4,3.95,"Meadow","Argovian"
"2062",2.4,4,"Meadow","Argovian"
"2063",2.4,4.05,"Meadow","Argovian"
"2064",2.4,4.1,"Meadow","Argovian"
"2065",2.4,4.15,"Meadow","Argovian"
"2066",2.4,4.2,"Meadow","Argovian"
"2067",2.45,0.45,"Forest","Portlandian"
"2068",2.45,0.5,"Forest","Portlandian"
"2069",2.45,0.55,"Forest","Portlandian"
"2070",2.45,0.6,"Forest","Sequanian"
"2071",2.45,0.65,"Forest","Sequanian"
"2072",2.45,0.7,"Forest","Sequanian"
"2073",2.45,0.75,"Meadow","Sequanian"
"2074",2.45,0.8,"Meadow","Sequanian"
"2075",2.45,0.85,"Meadow","Argovian"
"2076",2.45,0.9,"Meadow","Argovian"
"2077",2.45,0.95,"Meadow","Argovian"
"2078",2.45,1,"Meadow","Argovian"
"2079",2.45,1.05,"Meadow","Argovian"
"2080",2.45,1.1,"Meadow","Argovian"
"2081",2.45,1.15,"Meadow","Argovian"
"2082",2.45,1.2,"Forest","Argovian"
"2083",2.45,1.25,"Meadow","Argovian"
"2084",2.45,1.3,"Meadow","Argovian"
"2085",2.45,1.35,"Meadow","Quaternary"
"2086",2.45,1.4,"Meadow","Quaternary"
"2087",2.45,1.45,"Tillage","Argovian"
"2088",2.45,1.5,"Tillage","Argovian"
"2089",2.45,1.55,"Tillage","Argovian"
"2090",2.45,1.6,"Meadow","Sequanian"
"2091",2.45,1.65,"Meadow","Sequanian"
"2092",2.45,1.7,"Pasture","Sequanian"
"2093",2.45,1.75,"Pasture","Sequanian"
"2094",2.45,1.8,"Pasture","Kimmeridgian"
"2095",2.45,1.85,"Pasture","Kimmeridgian"
"2096",2.45,1.9,"Pasture","Kimmeridgian"
"2097",2.45,1.95,"Meadow","Kimmeridgian"
"2098",2.45,2,"Meadow","Kimmeridgian"
"2099",2.45,2.05,"Meadow","Kimmeridgian"
"2100",2.45,2.1,"Meadow","Kimmeridgian"
"2101",2.45,2.15,"Meadow","Quaternary"
"2102",2.45,2.2,"Meadow","Quaternary"
"2103",2.45,2.25,"Meadow","Quaternary"
"2104",2.45,2.3,"Meadow","Quaternary"
"2105",2.45,2.35,"Meadow","Quaternary"
"2106",2.45,2.4,"Meadow","Quaternary"
"2107",2.45,2.45,"Meadow","Quaternary"
"2108",2.45,2.5,"Meadow","Quaternary"
"2109",2.45,2.55,"Meadow","Quaternary"
"2110",2.45,2.6,"Pasture","Kimmeridgian"
"2111",2.45,2.65,"Pasture","Kimmeridgian"
"2112",2.45,2.7,"Pasture","Kimmeridgian"
"2113",2.45,2.75,"Pasture","Kimmeridgian"
"2114",2.45,2.8,"Pasture","Kimmeridgian"
"2115",2.45,2.85,"Pasture","Kimmeridgian"
"2116",2.45,2.9,"Meadow","Kimmeridgian"
"2117",2.45,2.95,"Meadow","Kimmeridgian"
"2118",2.45,3,"Meadow","Kimmeridgian"
"2119",2.45,3.05,"Meadow","Kimmeridgian"
"2120",2.45,3.1,"Meadow","Sequanian"
"2121",2.45,3.15,"Meadow","Sequanian"
"2122",2.45,3.2,"Meadow","Sequanian"
"2123",2.45,3.25,"Meadow","Sequanian"
"2124",2.45,3.3,"Meadow","Sequanian"
"2125",2.45,3.35,"Meadow","Sequanian"
"2126",2.45,3.4,"Meadow","Sequanian"
"2127",2.45,3.45,"Meadow","Sequanian"
"2128",2.45,3.5,"Tillage","Quaternary"
"2129",2.45,3.55,"Meadow","Quaternary"
"2130",2.45,3.6,"Meadow","Quaternary"
"2131",2.45,3.65,"Meadow","Argovian"
"2132",2.45,3.7,"Meadow","Argovian"
"2133",2.45,3.75,"Meadow","Argovian"
"2134",2.45,3.8,"Meadow","Argovian"
"2135",2.45,3.85,"Meadow","Argovian"
"2136",2.45,3.9,"Meadow","Argovian"
"2137",2.45,3.95,"Meadow","Argovian"
"2138",2.45,4,"Meadow","Argovian"
"2139",2.45,4.05,"Meadow","Argovian"
"2140",2.45,4.1,"Meadow","Argovian"
"2141",2.45,4.15,"Meadow","Argovian"
"2142",2.45,4.2,"Meadow","Argovian"
"2143",2.5,0.5,"Forest","Portlandian"
"2144",2.5,0.55,"Forest","Portlandian"
"2145",2.5,0.6,"Forest","Sequanian"
"2146",2.5,0.65,"Forest","Sequanian"
"2147",2.5,0.7,"Meadow","Sequanian"
"2148",2.5,0.75,"Meadow","Sequanian"
"2149",2.5,0.8,"Meadow","Sequanian"
"2150",2.5,0.85,"Meadow","Sequanian"
"2151",2.5,0.9,"Meadow","Sequanian"
"2152",2.5,0.95,"Meadow","Sequanian"
"2153",2.5,1,"Meadow","Argovian"
"2154",2.5,1.05,"Meadow","Argovian"
"2155",2.5,1.1,"Meadow","Argovian"
"2156",2.5,1.15,"Meadow","Argovian"
"2157",2.5,1.2,"Forest","Argovian"
"2158",2.5,1.25,"Forest","Argovian"
"2159",2.5,1.3,"Tillage","Quaternary"
"2160",2.5,1.35,"Meadow","Argovian"
"2161",2.5,1.4,"Meadow","Argovian"
"2162",2.5,1.45,"Tillage","Argovian"
"2163",2.5,1.5,"Tillage","Argovian"
"2164",2.5,1.55,"Tillage","Argovian"
"2165",2.5,1.6,"Meadow","Sequanian"
"2166",2.5,1.65,"Meadow","Sequanian"
"2167",2.5,1.7,"Pasture","Sequanian"
"2168",2.5,1.75,"Pasture","Sequanian"
"2169",2.5,1.8,"Pasture","Kimmeridgian"
"2170",2.5,1.85,"Pasture","Kimmeridgian"
"2171",2.5,1.9,"Pasture","Kimmeridgian"
"2172",2.5,1.95,"Meadow","Kimmeridgian"
"2173",2.5,2,"Meadow","Kimmeridgian"
"2174",2.5,2.05,"Meadow","Kimmeridgian"
"2175",2.5,2.1,"Meadow","Kimmeridgian"
"2176",2.5,2.15,"Meadow","Quaternary"
"2177",2.5,2.2,"Meadow","Quaternary"
"2178",2.5,2.25,"Meadow","Quaternary"
"2179",2.5,2.3,"Pasture","Kimmeridgian"
"2180",2.5,2.35,"Pasture","Kimmeridgian"
"2181",2.5,2.4,"Meadow","Kimmeridgian"
"2182",2.5,2.45,"Meadow","Quaternary"
"2183",2.5,2.5,"Meadow","Quaternary"
"2184",2.5,2.55,"Meadow","Quaternary"
"2185",2.5,2.6,"Meadow","Kimmeridgian"
"2186",2.5,2.65,"Pasture","Kimmeridgian"
"2187",2.5,2.7,"Pasture","Kimmeridgian"
"2188",2.5,2.75,"Pasture","Kimmeridgian"
"2189",2.5,2.8,"Pasture","Kimmeridgian"
"2190",2.5,2.85,"Pasture","Kimmeridgian"
"2191",2.5,2.9,"Meadow","Quaternary"
"2192",2.5,2.95,"Meadow","Quaternary"
"2193",2.5,3,"Meadow","Kimmeridgian"
"2194",2.5,3.05,"Meadow","Kimmeridgian"
"2195",2.5,3.1,"Meadow","Sequanian"
"2196",2.5,3.15,"Meadow","Sequanian"
"2197",2.5,3.2,"Meadow","Sequanian"
"2198",2.5,3.25,"Meadow","Sequanian"
"2199",2.5,3.3,"Meadow","Sequanian"
"2200",2.5,3.35,"Meadow","Sequanian"
"2201",2.5,3.4,"Meadow","Sequanian"
"2202",2.5,3.45,"Meadow","Sequanian"
"2203",2.5,3.5,"Meadow","Quaternary"
"2204",2.5,3.55,"Meadow","Quaternary"
"2205",2.5,3.6,"Meadow","Quaternary"
"2206",2.5,3.65,"Meadow","Argovian"
"2207",2.5,3.7,"Meadow","Argovian"
"2208",2.5,3.75,"Meadow","Argovian"
"2209",2.5,3.8,"Meadow","Argovian"
"2210",2.5,3.85,"Meadow","Argovian"
"2211",2.5,3.9,"Meadow","Argovian"
"2212",2.5,3.95,"Meadow","Argovian"
"2213",2.5,4,"Meadow","Argovian"
"2214",2.5,4.05,"Meadow","Argovian"
"2215",2.5,4.1,"Meadow","Argovian"
"2216",2.5,4.15,"Meadow","Argovian"
"2217",2.5,4.2,"Meadow","Argovian"
"2218",2.55,0.5,"Forest","Portlandian"
"2219",2.55,0.55,"Forest","Portlandian"
"2220",2.55,0.6,"Forest","Kimmeridgian"
"2221",2.55,0.65,"Forest","Kimmeridgian"
"2222",2.55,0.7,"Meadow","Sequanian"
"2223",2.55,0.75,"Meadow","Sequanian"
"2224",2.55,0.8,"Meadow","Sequanian"
"2225",2.55,0.85,"Meadow","Sequanian"
"2226",2.55,0.9,"Meadow","Sequanian"
"2227",2.55,0.95,"Meadow","Argovian"
"2228",2.55,1,"Meadow","Argovian"
"2229",2.55,1.05,"Meadow","Argovian"
"2230",2.55,1.1,"Forest","Argovian"
"2231",2.55,1.15,"Forest","Argovian"
"2232",2.55,1.2,"Forest","Quaternary"
"2233",2.55,1.25,"Forest","Quaternary"
"2234",2.55,1.3,"Pasture","Argovian"
"2235",2.55,1.35,"Pasture","Argovian"
"2236",2.55,1.4,"Pasture","Argovian"
"2237",2.55,1.45,"Pasture","Argovian"
"2238",2.55,1.5,"Pasture","Argovian"
"2239",2.55,1.55,"Pasture","Argovian"
"2240",2.55,1.6,"Meadow","Sequanian"
"2241",2.55,1.65,"Meadow","Sequanian"
"2242",2.55,1.7,"Pasture","Sequanian"
"2243",2.55,1.75,"Pasture","Sequanian"
"2244",2.55,1.8,"Pasture","Kimmeridgian"
"2245",2.55,1.85,"Pasture","Kimmeridgian"
"2246",2.55,1.9,"Pasture","Kimmeridgian"
"2247",2.55,1.95,"Meadow","Kimmeridgian"
"2248",2.55,2,"Meadow","Kimmeridgian"
"2249",2.55,2.05,"Meadow","Kimmeridgian"
"2250",2.55,2.1,"Meadow","Kimmeridgian"
"2251",2.55,2.15,"Meadow","Quaternary"
"2252",2.55,2.2,"Meadow","Quaternary"
"2253",2.55,2.25,"Meadow","Quaternary"
"2254",2.55,2.3,"Pasture","Kimmeridgian"
"2255",2.55,2.35,"Pasture","Kimmeridgian"
"2256",2.55,2.4,"Meadow","Kimmeridgian"
"2257",2.55,2.45,"Meadow","Quaternary"
"2258",2.55,2.5,"Meadow","Quaternary"
"2259",2.55,2.55,"Meadow","Quaternary"
"2260",2.55,2.6,"Meadow","Kimmeridgian"
"2261",2.55,2.65,"Pasture","Kimmeridgian"
"2262",2.55,2.7,"Pasture","Kimmeridgian"
"2263",2.55,2.75,"Pasture","Kimmeridgian"
"2264",2.55,2.8,"Pasture","Kimmeridgian"
"2265",2.55,2.85,"Pasture","Kimmeridgian"
"2266",2.55,2.9,"Meadow","Kimmeridgian"
"2267",2.55,2.95,"Meadow","Kimmeridgian"
"2268",2.55,3,"Pasture","Quaternary"
"2269",2.55,3.05,"Pasture","Quaternary"
"2270",2.55,3.1,"Meadow","Sequanian"
"2271",2.55,3.15,"Meadow","Sequanian"
"2272",2.55,3.2,"Meadow","Sequanian"
"2273",2.55,3.25,"Meadow","Sequanian"
"2274",2.55,3.3,"Meadow","Sequanian"
"2275",2.55,3.35,"Meadow","Sequanian"
"2276",2.55,3.4,"Meadow","Sequanian"
"2277",2.55,3.45,"Meadow","Sequanian"
"2278",2.55,3.5,"Meadow","Quaternary"
"2279",2.55,3.55,"Meadow","Quaternary"
"2280",2.55,3.6,"Meadow","Quaternary"
"2281",2.55,3.65,"Meadow","Quaternary"
"2282",2.55,3.7,"Meadow","Quaternary"
"2283",2.55,3.75,"Meadow","Quaternary"
"2284",2.55,3.8,"Meadow","Argovian"
"2285",2.55,3.85,"Meadow","Argovian"
"2286",2.55,3.9,"Meadow","Argovian"
"2287",2.55,3.95,"Meadow","Argovian"
"2288",2.55,4,"Meadow","Argovian"
"2289",2.55,4.05,"Meadow","Argovian"
"2290",2.55,4.1,"Meadow","Argovian"
"2291",2.55,4.15,"Meadow","Argovian"
"2292",2.55,4.2,"Meadow","Argovian"
"2293",2.6,0.5,"Forest","Portlandian"
"2294",2.6,0.55,"Forest","Portlandian"
"2295",2.6,0.6,"Forest","Kimmeridgian"
"2296",2.6,0.65,"Forest","Kimmeridgian"
"2297",2.6,0.7,"Meadow","Sequanian"
"2298",2.6,0.75,"Meadow","Sequanian"
"2299",2.6,0.8,"Meadow","Sequanian"
"2300",2.6,0.85,"Meadow","Sequanian"
"2301",2.6,0.9,"Meadow","Sequanian"
"2302",2.6,0.95,"Meadow","Argovian"
"2303",2.6,1,"Meadow","Argovian"
"2304",2.6,1.05,"Meadow","Argovian"
"2305",2.6,1.1,"Forest","Argovian"
"2306",2.6,1.15,"Forest","Argovian"
"2307",2.6,1.2,"Forest","Quaternary"
"2308",2.6,1.25,"Forest","Quaternary"
"2309",2.6,1.3,"Pasture","Argovian"
"2310",2.6,1.35,"Pasture","Argovian"
"2311",2.6,1.4,"Pasture","Argovian"
"2312",2.6,1.45,"Pasture","Argovian"
"2313",2.6,1.5,"Pasture","Argovian"
"2314",2.6,1.55,"Pasture","Argovian"
"2315",2.6,1.6,"Forest","Sequanian"
"2316",2.6,1.65,"Forest","Sequanian"
"2317",2.6,1.7,"Forest","Sequanian"
"2318",2.6,1.75,"Forest","Sequanian"
"2319",2.6,1.8,"Forest","Sequanian"
"2320",2.6,1.85,"Pasture","Kimmeridgian"
"2321",2.6,1.9,"Pasture","Kimmeridgian"
"2322",2.6,1.95,"Meadow","Kimmeridgian"
"2323",2.6,2,"Meadow","Kimmeridgian"
"2324",2.6,2.05,"Meadow","Kimmeridgian"
"2325",2.6,2.1,"Meadow","Kimmeridgian"
"2326",2.6,2.15,"Meadow","Kimmeridgian"
"2327",2.6,2.2,"Meadow","Kimmeridgian"
"2328",2.6,2.25,"Meadow","Kimmeridgian"
"2329",2.6,2.3,"Pasture","Kimmeridgian"
"2330",2.6,2.35,"Pasture","Kimmeridgian"
"2331",2.6,2.4,"Pasture","Sequanian"
"2332",2.6,2.45,"Pasture","Sequanian"
"2333",2.6,2.5,"Meadow","Kimmeridgian"
"2334",2.6,2.55,"Meadow","Kimmeridgian"
"2335",2.6,2.6,"Meadow","Portlandian"
"2336",2.6,2.65,"Meadow","Kimmeridgian"
"2337",2.6,2.7,"Meadow","Kimmeridgian"
"2338",2.6,2.75,"Meadow","Kimmeridgian"
"2339",2.6,2.8,"Pasture","Kimmeridgian"
"2340",2.6,2.85,"Pasture","Kimmeridgian"
"2341",2.6,2.9,"Meadow","Kimmeridgian"
"2342",2.6,2.95,"Meadow","Kimmeridgian"
"2343",2.6,3,"Pasture","Quaternary"
"2344",2.6,3.05,"Pasture","Quaternary"
"2345",2.6,3.1,"Forest","Sequanian"
"2346",2.6,3.15,"Forest","Sequanian"
"2347",2.6,3.2,"Forest","Sequanian"
"2348",2.6,3.25,"Forest","Sequanian"
"2349",2.6,3.3,"Meadow","Sequanian"
"2350",2.6,3.35,"Meadow","Sequanian"
"2351",2.6,3.4,"Meadow","Sequanian"
"2352",2.6,3.45,"Meadow","Sequanian"
"2353",2.6,3.5,"Meadow","Quaternary"
"2354",2.6,3.55,"Meadow","Quaternary"
"2355",2.6,3.6,"Meadow","Quaternary"
"2356",2.6,3.65,"Meadow","Quaternary"
"2357",2.6,3.7,"Meadow","Quaternary"
"2358",2.6,3.75,"Meadow","Quaternary"
"2359",2.6,3.8,"Meadow","Argovian"
"2360",2.6,3.85,"Meadow","Argovian"
"2361",2.6,3.9,"Meadow","Argovian"
"2362",2.6,3.95,"Meadow","Argovian"
"2363",2.6,4,"Pasture","Argovian"
"2364",2.6,4.05,"Meadow","Argovian"
"2365",2.6,4.1,"Meadow","Argovian"
"2366",2.6,4.15,"Meadow","Argovian"
"2367",2.6,4.2,"Meadow","Argovian"
"2368",2.65,0.55,"Forest","Kimmeridgian"
"2369",2.65,0.6,"Forest","Kimmeridgian"
"2370",2.65,0.65,"Forest","Kimmeridgian"
"2371",2.65,0.7,"Forest","Kimmeridgian"
"2372",2.65,0.75,"Forest","Kimmeridgian"
"2373",2.65,0.8,"Forest","Sequanian"
"2374",2.65,0.85,"Meadow","Sequanian"
"2375",2.65,0.9,"Meadow","Sequanian"
"2376",2.65,0.95,"Meadow","Sequanian"
"2377",2.65,1,"Meadow","Sequanian"
"2378",2.65,1.05,"Meadow","Sequanian"
"2379",2.65,1.1,"Forest","Argovian"
"2380",2.65,1.15,"Forest","Argovian"
"2381",2.65,1.2,"Forest","Quaternary"
"2382",2.65,1.25,"Forest","Quaternary"
"2383",2.65,1.3,"Pasture","Argovian"
"2384",2.65,1.35,"Pasture","Argovian"
"2385",2.65,1.4,"Pasture","Argovian"
"2386",2.65,1.45,"Forest","Sequanian"
"2387",2.65,1.5,"Forest","Sequanian"
"2388",2.65,1.55,"Forest","Sequanian"
"2389",2.65,1.6,"Pasture","Sequanian"
"2390",2.65,1.65,"Pasture","Sequanian"
"2391",2.65,1.7,"Forest","Sequanian"
"2392",2.65,1.75,"Forest","Sequanian"
"2393",2.65,1.8,"Forest","Sequanian"
"2394",2.65,1.85,"Forest","Kimmeridgian"
"2395",2.65,1.9,"Forest","Kimmeridgian"
"2396",2.65,1.95,"Forest","Kimmeridgian"
"2397",2.65,2,"Forest","Kimmeridgian"
"2398",2.65,2.05,"Forest","Kimmeridgian"
"2399",2.65,2.1,"Forest","Kimmeridgian"
"2400",2.65,2.15,"Forest","Kimmeridgian"
"2401",2.65,2.2,"Forest","Kimmeridgian"
"2402",2.65,2.25,"Forest","Kimmeridgian"
"2403",2.65,2.3,"Meadow","Kimmeridgian"
"2404",2.65,2.35,"Meadow","Kimmeridgian"
"2405",2.65,2.4,"Meadow","Kimmeridgian"
"2406",2.65,2.45,"Meadow","Sequanian"
"2407",2.65,2.5,"Meadow","Sequanian"
"2408",2.65,2.55,"Meadow","Sequanian"
"2409",2.65,2.6,"Meadow","Kimmeridgian"
"2410",2.65,2.65,"Meadow","Quaternary"
"2411",2.65,2.7,"Meadow","Quaternary"
"2412",2.65,2.75,"Meadow","Quaternary"
"2413",2.65,2.8,"Forest","Kimmeridgian"
"2414",2.65,2.85,"Forest","Kimmeridgian"
"2415",2.65,2.9,"Meadow","Kimmeridgian"
"2416",2.65,2.95,"Meadow","Kimmeridgian"
"2417",2.65,3,"Forest","Kimmeridgian"
"2418",2.65,3.05,"Forest","Kimmeridgian"
"2419",2.65,3.1,"Forest","Quaternary"
"2420",2.65,3.15,"Forest","Sequanian"
"2421",2.65,3.2,"Forest","Sequanian"
"2422",2.65,3.25,"Forest","Sequanian"
"2423",2.65,3.3,"Meadow","Sequanian"
"2424",2.65,3.35,"Meadow","Sequanian"
"2425",2.65,3.4,"Meadow","Sequanian"
"2426",2.65,3.45,"Meadow","Sequanian"
"2427",2.65,3.5,"Meadow","Quaternary"
"2428",2.65,3.55,"Meadow","Quaternary"
"2429",2.65,3.6,"Meadow","Quaternary"
"2430",2.65,3.65,"Meadow","Quaternary"
"2431",2.65,3.7,"Meadow","Quaternary"
"2432",2.65,3.75,"Meadow","Quaternary"
"2433",2.65,3.8,"Forest","Argovian"
"2434",2.65,3.85,"Forest","Argovian"
"2435",2.65,3.9,"Pasture","Argovian"
"2436",2.65,3.95,"Pasture","Argovian"
"2437",2.65,4,"Forest","Argovian"
"2438",2.65,4.05,"Forest","Argovian"
"2439",2.65,4.1,"Forest","Argovian"
"2440",2.65,4.15,"Forest","Argovian"
"2441",2.65,4.2,"Forest","Argovian"
"2442",2.65,4.25,"Forest","Argovian"
"2443",2.7,0.6,"Forest","Kimmeridgian"
"2444",2.7,0.65,"Forest","Kimmeridgian"
"2445",2.7,0.7,"Forest","Kimmeridgian"
"2446",2.7,0.75,"Forest","Kimmeridgian"
"2447",2.7,0.8,"Forest","Sequanian"
"2448",2.7,0.85,"Meadow","Sequanian"
"2449",2.7,0.9,"Meadow","Sequanian"
"2450",2.7,0.95,"Meadow","Sequanian"
"2451",2.7,1,"Meadow","Sequanian"
"2452",2.7,1.05,"Meadow","Sequanian"
"2453",2.7,1.1,"Forest","Argovian"
"2454",2.7,1.15,"Forest","Argovian"
"2455",2.7,1.2,"Forest","Quaternary"
"2456",2.7,1.25,"Forest","Quaternary"
"2457",2.7,1.3,"Pasture","Argovian"
"2458",2.7,1.35,"Pasture","Argovian"
"2459",2.7,1.4,"Pasture","Argovian"
"2460",2.7,1.45,"Forest","Sequanian"
"2461",2.7,1.5,"Forest","Sequanian"
"2462",2.7,1.55,"Forest","Sequanian"
"2463",2.7,1.6,"Pasture","Sequanian"
"2464",2.7,1.65,"Pasture","Sequanian"
"2465",2.7,1.7,"Forest","Sequanian"
"2466",2.7,1.75,"Forest","Sequanian"
"2467",2.7,1.8,"Forest","Sequanian"
"2468",2.7,1.85,"Forest","Kimmeridgian"
"2469",2.7,1.9,"Forest","Kimmeridgian"
"2470",2.7,1.95,"Forest","Kimmeridgian"
"2471",2.7,2,"Forest","Kimmeridgian"
"2472",2.7,2.05,"Forest","Kimmeridgian"
"2473",2.7,2.1,"Forest","Kimmeridgian"
"2474",2.7,2.15,"Forest","Kimmeridgian"
"2475",2.7,2.2,"Forest","Kimmeridgian"
"2476",2.7,2.25,"Forest","Kimmeridgian"
"2477",2.7,2.3,"Meadow","Kimmeridgian"
"2478",2.7,2.35,"Meadow","Kimmeridgian"
"2479",2.7,2.4,"Meadow","Kimmeridgian"
"2480",2.7,2.45,"Meadow","Sequanian"
"2481",2.7,2.5,"Meadow","Sequanian"
"2482",2.7,2.55,"Meadow","Sequanian"
"2483",2.7,2.6,"Meadow","Kimmeridgian"
"2484",2.7,2.65,"Meadow","Quaternary"
"2485",2.7,2.7,"Meadow","Quaternary"
"2486",2.7,2.75,"Meadow","Quaternary"
"2487",2.7,2.8,"Forest","Kimmeridgian"
"2488",2.7,2.85,"Forest","Kimmeridgian"
"2489",2.7,2.9,"Meadow","Kimmeridgian"
"2490",2.7,2.95,"Meadow","Kimmeridgian"
"2491",2.7,3,"Forest","Kimmeridgian"
"2492",2.7,3.05,"Forest","Kimmeridgian"
"2493",2.7,3.1,"Forest","Quaternary"
"2494",2.7,3.15,"Forest","Sequanian"
"2495",2.7,3.2,"Forest","Sequanian"
"2496",2.7,3.25,"Forest","Sequanian"
"2497",2.7,3.3,"Meadow","Sequanian"
"2498",2.7,3.35,"Meadow","Sequanian"
"2499",2.7,3.4,"Meadow","Sequanian"
"2500",2.7,3.45,"Meadow","Sequanian"
"2501",2.7,3.5,"Meadow","Quaternary"
"2502",2.7,3.55,"Meadow","Quaternary"
"2503",2.7,3.6,"Meadow","Quaternary"
"2504",2.7,3.65,"Meadow","Quaternary"
"2505",2.7,3.7,"Meadow","Quaternary"
"2506",2.7,3.75,"Meadow","Quaternary"
"2507",2.7,3.8,"Forest","Argovian"
"2508",2.7,3.85,"Forest","Argovian"
"2509",2.7,3.9,"Pasture","Argovian"
"2510",2.7,3.95,"Pasture","Argovian"
"2511",2.7,4,"Forest","Argovian"
"2512",2.7,4.05,"Forest","Argovian"
"2513",2.7,4.1,"Forest","Argovian"
"2514",2.7,4.15,"Forest","Argovian"
"2515",2.7,4.2,"Forest","Argovian"
"2516",2.7,4.25,"Forest","Argovian"
"2517",2.7,4.3,"Meadow","Argovian"
"2518",2.75,0.6,"Forest","Kimmeridgian"
"2519",2.75,0.65,"Forest","Kimmeridgian"
"2520",2.75,0.7,"Forest","Kimmeridgian"
"2521",2.75,0.75,"Pasture","Sequanian"
"2522",2.75,0.8,"Pasture","Sequanian"
"2523",2.75,0.85,"Forest","Sequanian"
"2524",2.75,0.9,"Forest","Sequanian"
"2525",2.75,0.95,"Meadow","Sequanian"
"2526",2.75,1,"Meadow","Sequanian"
"2527",2.75,1.05,"Meadow","Sequanian"
"2528",2.75,1.1,"Forest","Argovian"
"2529",2.75,1.15,"Forest","Argovian"
"2530",2.75,1.2,"Forest","Quaternary"
"2531",2.75,1.25,"Forest","Quaternary"
"2532",2.75,1.3,"Pasture","Argovian"
"2533",2.75,1.35,"Pasture","Argovian"
"2534",2.75,1.4,"Pasture","Argovian"
"2535",2.75,1.45,"Forest","Sequanian"
"2536",2.75,1.5,"Forest","Sequanian"
"2537",2.75,1.55,"Forest","Sequanian"
"2538",2.75,1.6,"Pasture","Sequanian"
"2539",2.75,1.65,"Pasture","Sequanian"
"2540",2.75,1.7,"Forest","Sequanian"
"2541",2.75,1.75,"Forest","Sequanian"
"2542",2.75,1.8,"Forest","Sequanian"
"2543",2.75,1.85,"Forest","Kimmeridgian"
"2544",2.75,1.9,"Forest","Kimmeridgian"
"2545",2.75,1.95,"Meadow","Kimmeridgian"
"2546",2.75,2,"Meadow","Kimmeridgian"
"2547",2.75,2.05,"Meadow","Kimmeridgian"
"2548",2.75,2.1,"Forest","Kimmeridgian"
"2549",2.75,2.15,"Forest","Kimmeridgian"
"2550",2.75,2.2,"Forest","Kimmeridgian"
"2551",2.75,2.25,"Forest","Kimmeridgian"
"2552",2.75,2.3,"Meadow","Kimmeridgian"
"2553",2.75,2.35,"Meadow","Kimmeridgian"
"2554",2.75,2.4,"Meadow","Kimmeridgian"
"2555",2.75,2.45,"Meadow","Sequanian"
"2556",2.75,2.5,"Meadow","Sequanian"
"2557",2.75,2.55,"Meadow","Sequanian"
"2558",2.75,2.6,"Meadow","Kimmeridgian"
"2559",2.75,2.65,"Meadow","Quaternary"
"2560",2.75,2.7,"Meadow","Quaternary"
"2561",2.75,2.75,"Meadow","Quaternary"
"2562",2.75,2.8,"Forest","Kimmeridgian"
"2563",2.75,2.85,"Forest","Kimmeridgian"
"2564",2.75,2.9,"Meadow","Kimmeridgian"
"2565",2.75,2.95,"Meadow","Kimmeridgian"
"2566",2.75,3,"Forest","Kimmeridgian"
"2567",2.75,3.05,"Forest","Kimmeridgian"
"2568",2.75,3.1,"Forest","Kimmeridgian"
"2569",2.75,3.15,"Forest","Sequanian"
"2570",2.75,3.2,"Forest","Sequanian"
"2571",2.75,3.25,"Forest","Sequanian"
"2572",2.75,3.3,"Pasture","Sequanian"
"2573",2.75,3.35,"Pasture","Sequanian"
"2574",2.75,3.4,"Meadow","Sequanian"
"2575",2.75,3.45,"Meadow","Sequanian"
"2576",2.75,3.5,"Meadow","Sequanian"
"2577",2.75,3.55,"Meadow","Sequanian"
"2578",2.75,3.6,"Meadow","Sequanian"
"2579",2.75,3.65,"Meadow","Quaternary"
"2580",2.75,3.7,"Meadow","Quaternary"
"2581",2.75,3.75,"Meadow","Quaternary"
"2582",2.75,3.8,"Forest","Argovian"
"2583",2.75,3.85,"Forest","Argovian"
"2584",2.75,3.9,"Pasture","Argovian"
"2585",2.75,3.95,"Pasture","Argovian"
"2586",2.75,4,"Pasture","Argovian"
"2587",2.75,4.05,"Forest","Argovian"
"2588",2.75,4.1,"Forest","Argovian"
"2589",2.75,4.15,"Forest","Argovian"
"2590",2.75,4.2,"Forest","Argovian"
"2591",2.75,4.25,"Forest","Argovian"
"2592",2.75,4.3,"Forest","Argovian"
"2593",2.8,0.6,"Forest","Kimmeridgian"
"2594",2.8,0.65,"Forest","Kimmeridgian"
"2595",2.8,0.7,"Forest","Kimmeridgian"
"2596",2.8,0.75,"Pasture","Sequanian"
"2597",2.8,0.8,"Pasture","Sequanian"
"2598",2.8,0.85,"Forest","Sequanian"
"2599",2.8,0.9,"Forest","Sequanian"
"2600",2.8,0.95,"Meadow","Sequanian"
"2601",2.8,1,"Meadow","Sequanian"
"2602",2.8,1.05,"Meadow","Sequanian"
"2603",2.8,1.1,"Meadow","Sequanian"
"2604",2.8,1.15,"Meadow","Sequanian"
"2605",2.8,1.2,"Meadow","Quaternary"
"2606",2.8,1.25,"Pasture","Argovian"
"2607",2.8,1.3,"Pasture","Argovian"
"2608",2.8,1.35,"Meadow","Argovian"
"2609",2.8,1.4,"Meadow","Argovian"
"2610",2.8,1.45,"Pasture","Sequanian"
"2611",2.8,1.5,"Pasture","Sequanian"
"2612",2.8,1.55,"Pasture","Sequanian"
"2613",2.8,1.6,"Pasture","Sequanian"
"2614",2.8,1.65,"Pasture","Sequanian"
"2615",2.8,1.7,"Forest","Sequanian"
"2616",2.8,1.75,"Forest","Sequanian"
"2617",2.8,1.8,"Forest","Kimmeridgian"
"2618",2.8,1.85,"Forest","Kimmeridgian"
"2619",2.8,1.9,"Forest","Kimmeridgian"
"2620",2.8,1.95,"Meadow","Kimmeridgian"
"2621",2.8,2,"Meadow","Kimmeridgian"
"2622",2.8,2.05,"Meadow","Kimmeridgian"
"2623",2.8,2.1,"Meadow","Kimmeridgian"
"2624",2.8,2.15,"Meadow","Kimmeridgian"
"2625",2.8,2.2,"Meadow","Kimmeridgian"
"2626",2.8,2.25,"Meadow","Kimmeridgian"
"2627",2.8,2.3,"Meadow","Kimmeridgian"
"2628",2.8,2.35,"Meadow","Kimmeridgian"
"2629",2.8,2.4,"Meadow","Kimmeridgian"
"2630",2.8,2.45,"Meadow","Kimmeridgian"
"2631",2.8,2.5,"Meadow","Sequanian"
"2632",2.8,2.55,"Meadow","Sequanian"
"2633",2.8,2.6,"Meadow","Sequanian"
"2634",2.8,2.65,"Meadow","Kimmeridgian"
"2635",2.8,2.7,"Meadow","Kimmeridgian"
"2636",2.8,2.75,"Meadow","Kimmeridgian"
"2637",2.8,2.8,"Meadow","Quaternary"
"2638",2.8,2.85,"Meadow","Quaternary"
"2639",2.8,2.9,"Meadow","Kimmeridgian"
"2640",2.8,2.95,"Meadow","Kimmeridgian"
"2641",2.8,3,"Forest","Kimmeridgian"
"2642",2.8,3.05,"Forest","Kimmeridgian"
"2643",2.8,3.1,"Forest","Kimmeridgian"
"2644",2.8,3.15,"Pasture","Quaternary"
"2645",2.8,3.2,"Pasture","Quaternary"
"2646",2.8,3.25,"Pasture","Quaternary"
"2647",2.8,3.3,"Pasture","Sequanian"
"2648",2.8,3.35,"Pasture","Sequanian"
"2649",2.8,3.4,"Meadow","Sequanian"
"2650",2.8,3.45,"Meadow","Sequanian"
"2651",2.8,3.5,"Meadow","Sequanian"
"2652",2.8,3.55,"Meadow","Sequanian"
"2653",2.8,3.6,"Meadow","Sequanian"
"2654",2.8,3.65,"Meadow","Quaternary"
"2655",2.8,3.7,"Meadow","Quaternary"
"2656",2.8,3.75,"Meadow","Quaternary"
"2657",2.8,3.8,"Forest","Argovian"
"2658",2.8,3.85,"Forest","Argovian"
"2659",2.8,3.9,"Pasture","Argovian"
"2660",2.8,3.95,"Pasture","Argovian"
"2661",2.8,4,"Pasture","Argovian"
"2662",2.8,4.05,"Forest","Argovian"
"2663",2.8,4.1,"Forest","Argovian"
"2664",2.8,4.15,"Forest","Argovian"
"2665",2.8,4.2,"Forest","Argovian"
"2666",2.8,4.25,"Forest","Argovian"
"2667",2.8,4.3,"Forest","Argovian"
"2668",2.8,4.8,"Forest","Sequanian"
"2669",2.8,4.85,"Forest","Sequanian"
"2670",2.8,4.9,"Forest","Sequanian"
"2671",2.8,4.95,"Forest","Sequanian"
"2672",2.8,5,"Forest","Argovian"
"2673",2.8,5.05,"Forest","Kimmeridgian"
"2674",2.8,5.1,"Forest","Kimmeridgian"
"2675",2.85,0.65,"Forest","Kimmeridgian"
"2676",2.85,0.7,"Forest","Kimmeridgian"
"2677",2.85,0.75,"Pasture","Sequanian"
"2678",2.85,0.8,"Pasture","Sequanian"
"2679",2.85,0.85,"Forest","Sequanian"
"2680",2.85,0.9,"Forest","Sequanian"
"2681",2.85,0.95,"Meadow","Sequanian"
"2682",2.85,1,"Meadow","Sequanian"
"2683",2.85,1.05,"Meadow","Sequanian"
"2684",2.85,1.1,"Meadow","Sequanian"
"2685",2.85,1.15,"Meadow","Sequanian"
"2686",2.85,1.2,"Meadow","Quaternary"
"2687",2.85,1.25,"Pasture","Argovian"
"2688",2.85,1.3,"Pasture","Argovian"
"2689",2.85,1.35,"Meadow","Argovian"
"2690",2.85,1.4,"Meadow","Argovian"
"2691",2.85,1.45,"Pasture","Sequanian"
"2692",2.85,1.5,"Pasture","Sequanian"
"2693",2.85,1.55,"Pasture","Sequanian"
"2694",2.85,1.6,"Pasture","Sequanian"
"2695",2.85,1.65,"Pasture","Sequanian"
"2696",2.85,1.7,"Forest","Sequanian"
"2697",2.85,1.75,"Forest","Sequanian"
"2698",2.85,1.8,"Forest","Kimmeridgian"
"2699",2.85,1.85,"Forest","Kimmeridgian"
"2700",2.85,1.9,"Forest","Kimmeridgian"
"2701",2.85,1.95,"Meadow","Kimmeridgian"
"2702",2.85,2,"Meadow","Kimmeridgian"
"2703",2.85,2.05,"Meadow","Kimmeridgian"
"2704",2.85,2.1,"Meadow","Kimmeridgian"
"2705",2.85,2.15,"Meadow","Kimmeridgian"
"2706",2.85,2.2,"Meadow","Kimmeridgian"
"2707",2.85,2.25,"Meadow","Kimmeridgian"
"2708",2.85,2.3,"Meadow","Kimmeridgian"
"2709",2.85,2.35,"Meadow","Kimmeridgian"
"2710",2.85,2.4,"Meadow","Kimmeridgian"
"2711",2.85,2.45,"Meadow","Kimmeridgian"
"2712",2.85,2.5,"Meadow","Sequanian"
"2713",2.85,2.55,"Meadow","Sequanian"
"2714",2.85,2.6,"Meadow","Sequanian"
"2715",2.85,2.65,"Meadow","Kimmeridgian"
"2716",2.85,2.7,"Meadow","Kimmeridgian"
"2717",2.85,2.75,"Meadow","Kimmeridgian"
"2718",2.85,2.8,"Meadow","Quaternary"
"2719",2.85,2.85,"Meadow","Quaternary"
"2720",2.85,2.9,"Meadow","Kimmeridgian"
"2721",2.85,2.95,"Meadow","Kimmeridgian"
"2722",2.85,3,"Forest","Kimmeridgian"
"2723",2.85,3.05,"Forest","Kimmeridgian"
"2724",2.85,3.1,"Forest","Kimmeridgian"
"2725",2.85,3.15,"Pasture","Quaternary"
"2726",2.85,3.2,"Pasture","Quaternary"
"2727",2.85,3.25,"Pasture","Quaternary"
"2728",2.85,3.3,"Pasture","Sequanian"
"2729",2.85,3.35,"Pasture","Sequanian"
"2730",2.85,3.4,"Meadow","Sequanian"
"2731",2.85,3.45,"Meadow","Sequanian"
"2732",2.85,3.5,"Meadow","Sequanian"
"2733",2.85,3.55,"Meadow","Sequanian"
"2734",2.85,3.6,"Meadow","Sequanian"
"2735",2.85,3.65,"Meadow","Quaternary"
"2736",2.85,3.7,"Meadow","Quaternary"
"2737",2.85,3.75,"Meadow","Quaternary"
"2738",2.85,3.8,"Forest","Argovian"
"2739",2.85,3.85,"Forest","Argovian"
"2740",2.85,3.9,"Pasture","Argovian"
"2741",2.85,3.95,"Pasture","Argovian"
"2742",2.85,4,"Pasture","Argovian"
"2743",2.85,4.05,"Forest","Argovian"
"2744",2.85,4.1,"Forest","Argovian"
"2745",2.85,4.15,"Forest","Argovian"
"2746",2.85,4.2,"Forest","Argovian"
"2747",2.85,4.25,"Forest","Argovian"
"2748",2.85,4.3,"Forest","Argovian"
"2749",2.85,4.35,"Forest","Argovian"
"2750",2.85,4.8,"Forest","Sequanian"
"2751",2.85,4.85,"Forest","Sequanian"
"2752",2.85,4.9,"Forest","Sequanian"
"2753",2.85,4.95,"Forest","Sequanian"
"2754",2.85,5,"Forest","Argovian"
"2755",2.85,5.05,"Forest","Kimmeridgian"
"2756",2.85,5.1,"Forest","Kimmeridgian"
"2757",2.85,5.15,"Forest","Kimmeridgian"
"2758",2.9,0.7,"Forest","Kimmeridgian"
"2759",2.9,0.75,"Forest","Kimmeridgian"
"2760",2.9,0.8,"Pasture","Kimmeridgian"
"2761",2.9,0.85,"Pasture","Sequanian"
"2762",2.9,0.9,"Pasture","Sequanian"
"2763",2.9,0.95,"Pasture","Sequanian"
"2764",2.9,1,"Meadow","Sequanian"
"2765",2.9,1.05,"Meadow","Sequanian"
"2766",2.9,1.1,"Meadow","Sequanian"
"2767",2.9,1.15,"Meadow","Sequanian"
"2768",2.9,1.2,"Meadow","Quaternary"
"2769",2.9,1.25,"Meadow","Argovian"
"2770",2.9,1.3,"Meadow","Argovian"
"2771",2.9,1.35,"Pasture","Argovian"
"2772",2.9,1.4,"Pasture","Argovian"
"2773",2.9,1.45,"Forest","Sequanian"
"2774",2.9,1.5,"Forest","Sequanian"
"2775",2.9,1.55,"Forest","Sequanian"
"2776",2.9,1.6,"Forest","Sequanian"
"2777",2.9,1.65,"Forest","Sequanian"
"2778",2.9,1.7,"Forest","Sequanian"
"2779",2.9,1.75,"Forest","Sequanian"
"2780",2.9,1.8,"Forest","Kimmeridgian"
"2781",2.9,1.85,"Forest","Kimmeridgian"
"2782",2.9,1.9,"Forest","Kimmeridgian"
"2783",2.9,1.95,"Forest","Kimmeridgian"
"2784",2.9,2,"Forest","Kimmeridgian"
"2785",2.9,2.05,"Forest","Kimmeridgian"
"2786",2.9,2.1,"Meadow","Kimmeridgian"
"2787",2.9,2.15,"Meadow","Kimmeridgian"
"2788",2.9,2.2,"Meadow","Kimmeridgian"
"2789",2.9,2.25,"Meadow","Kimmeridgian"
"2790",2.9,2.3,"Meadow","Kimmeridgian"
"2791",2.9,2.35,"Meadow","Kimmeridgian"
"2792",2.9,2.4,"Meadow","Kimmeridgian"
"2793",2.9,2.45,"Meadow","Kimmeridgian"
"2794",2.9,2.5,"Pasture","Kimmeridgian"
"2795",2.9,2.55,"Pasture","Kimmeridgian"
"2796",2.9,2.6,"Meadow","Sequanian"
"2797",2.9,2.65,"Meadow","Sequanian"
"2798",2.9,2.7,"Meadow","Sequanian"
"2799",2.9,2.75,"Meadow","Sequanian"
"2800",2.9,2.8,"Meadow","Kimmeridgian"
"2801",2.9,2.85,"Meadow","Kimmeridgian"
"2802",2.9,2.9,"Meadow","Quaternary"
"2803",2.9,2.95,"Meadow","Quaternary"
"2804",2.9,3,"Meadow","Quaternary"
"2805",2.9,3.05,"Meadow","Quaternary"
"2806",2.9,3.1,"Pasture","Quaternary"
"2807",2.9,3.15,"Pasture","Quaternary"
"2808",2.9,3.2,"Pasture","Quaternary"
"2809",2.9,3.25,"Pasture","Quaternary"
"2810",2.9,3.3,"Pasture","Quaternary"
"2811",2.9,3.35,"Pasture","Quaternary"
"2812",2.9,3.4,"Meadow","Quaternary"
"2813",2.9,3.45,"Meadow","Quaternary"
"2814",2.9,3.5,"Pasture","Quaternary"
"2815",2.9,3.55,"Meadow","Sequanian"
"2816",2.9,3.6,"Meadow","Sequanian"
"2817",2.9,3.65,"Meadow","Quaternary"
"2818",2.9,3.7,"Meadow","Quaternary"
"2819",2.9,3.75,"Pasture","Quaternary"
"2820",2.9,3.8,"Pasture","Quaternary"
"2821",2.9,3.85,"Pasture","Quaternary"
"2822",2.9,3.9,"Pasture","Quaternary"
"2823",2.9,3.95,"Pasture","Quaternary"
"2824",2.9,4,"Pasture","Argovian"
"2825",2.9,4.05,"Forest","Argovian"
"2826",2.9,4.1,"Forest","Argovian"
"2827",2.9,4.15,"Forest","Argovian"
"2828",2.9,4.2,"Forest","Argovian"
"2829",2.9,4.25,"Forest","Argovian"
"2830",2.9,4.3,"Forest","Argovian"
"2831",2.9,4.35,"Forest","Argovian"
"2832",2.9,4.4,"Forest","Argovian"
"2833",2.9,4.45,"Forest","Argovian"
"2834",2.9,4.5,"Forest","Argovian"
"2835",2.9,4.55,"Forest","Argovian"
"2836",2.9,4.6,"Forest","Argovian"
"2837",2.9,4.65,"Forest","Argovian"
"2838",2.9,4.7,"Forest","Argovian"
"2839",2.9,4.75,"Forest","Argovian"
"2840",2.9,4.8,"Forest","Argovian"
"2841",2.9,4.85,"Forest","Argovian"
"2842",2.9,4.9,"Forest","Sequanian"
"2843",2.9,4.95,"Forest","Sequanian"
"2844",2.9,5,"Pasture","Sequanian"
"2845",2.9,5.05,"Pasture","Kimmeridgian"
"2846",2.9,5.1,"Pasture","Kimmeridgian"
"2847",2.9,5.15,"Forest","Kimmeridgian"
"2848",2.9,5.2,"Forest","Kimmeridgian"
"2849",2.95,0.7,"Forest","Kimmeridgian"
"2850",2.95,0.75,"Forest","Kimmeridgian"
"2851",2.95,0.8,"Pasture","Kimmeridgian"
"2852",2.95,0.85,"Pasture","Sequanian"
"2853",2.95,0.9,"Pasture","Sequanian"
"2854",2.95,0.95,"Pasture","Sequanian"
"2855",2.95,1,"Meadow","Sequanian"
"2856",2.95,1.05,"Meadow","Sequanian"
"2857",2.95,1.1,"Meadow","Sequanian"
"2858",2.95,1.15,"Meadow","Sequanian"
"2859",2.95,1.2,"Meadow","Sequanian"
"2860",2.95,1.25,"Meadow","Sequanian"
"2861",2.95,1.3,"Meadow","Argovian"
"2862",2.95,1.35,"Meadow","Argovian"
"2863",2.95,1.4,"Meadow","Argovian"
"2864",2.95,1.45,"Forest","Sequanian"
"2865",2.95,1.5,"Forest","Sequanian"
"2866",2.95,1.55,"Forest","Sequanian"
"2867",2.95,1.6,"Forest","Sequanian"
"2868",2.95,1.65,"Forest","Sequanian"
"2869",2.95,1.7,"Meadow","Sequanian"
"2870",2.95,1.75,"Meadow","Sequanian"
"2871",2.95,1.8,"Forest","Kimmeridgian"
"2872",2.95,1.85,"Forest","Kimmeridgian"
"2873",2.95,1.9,"Forest","Kimmeridgian"
"2874",2.95,1.95,"Meadow","Kimmeridgian"
"2875",2.95,2,"Meadow","Kimmeridgian"
"2876",2.95,2.05,"Meadow","Kimmeridgian"
"2877",2.95,2.1,"Meadow","Kimmeridgian"
"2878",2.95,2.15,"Meadow","Kimmeridgian"
"2879",2.95,2.2,"Meadow","Kimmeridgian"
"2880",2.95,2.25,"Meadow","Kimmeridgian"
"2881",2.95,2.3,"Meadow","Portlandian"
"2882",2.95,2.35,"Meadow","Portlandian"
"2883",2.95,2.4,"Pasture","Portlandian"
"2884",2.95,2.45,"Pasture","Portlandian"
"2885",2.95,2.5,"Pasture","Kimmeridgian"
"2886",2.95,2.55,"Pasture","Kimmeridgian"
"2887",2.95,2.6,"Pasture","Kimmeridgian"
"2888",2.95,2.65,"Meadow","Sequanian"
"2889",2.95,2.7,"Meadow","Sequanian"
"2890",2.95,2.75,"Meadow","Sequanian"
"2891",2.95,2.8,"Meadow","Kimmeridgian"
"2892",2.95,2.85,"Meadow","Kimmeridgian"
"2893",2.95,2.9,"Meadow","Quaternary"
"2894",2.95,2.95,"Meadow","Quaternary"
"2895",2.95,3,"Meadow","Quaternary"
"2896",2.95,3.05,"Meadow","Quaternary"
"2897",2.95,3.1,"Meadow","Quaternary"
"2898",2.95,3.15,"Meadow","Quaternary"
"2899",2.95,3.2,"Meadow","Quaternary"
"2900",2.95,3.25,"Meadow","Quaternary"
"2901",2.95,3.3,"Pasture","Kimmeridgian"
"2902",2.95,3.35,"Pasture","Kimmeridgian"
"2903",2.95,3.4,"Pasture","Kimmeridgian"
"2904",2.95,3.45,"Pasture","Kimmeridgian"
"2905",2.95,3.5,"Pasture","Kimmeridgian"
"2906",2.95,3.55,"Pasture","Kimmeridgian"
"2907",2.95,3.6,"Pasture","Kimmeridgian"
"2908",2.95,3.65,"Pasture","Sequanian"
"2909",2.95,3.7,"Pasture","Sequanian"
"2910",2.95,3.75,"Pasture","Quaternary"
"2911",2.95,3.8,"Pasture","Quaternary"
"2912",2.95,3.85,"Pasture","Quaternary"
"2913",2.95,3.9,"Pasture","Quaternary"
"2914",2.95,3.95,"Pasture","Quaternary"
"2915",2.95,4,"Pasture","Argovian"
"2916",2.95,4.05,"Meadow","Argovian"
"2917",2.95,4.1,"Meadow","Argovian"
"2918",2.95,4.15,"Forest","Argovian"
"2919",2.95,4.2,"Forest","Argovian"
"2920",2.95,4.25,"Forest","Argovian"
"2921",2.95,4.3,"Forest","Argovian"
"2922",2.95,4.35,"Forest","Argovian"
"2923",2.95,4.4,"Meadow","Quaternary"
"2924",2.95,4.45,"Meadow","Quaternary"
"2925",2.95,4.5,"Meadow","Quaternary"
"2926",2.95,4.55,"Meadow","Argovian"
"2927",2.95,4.6,"Meadow","Argovian"
"2928",2.95,4.65,"Forest","Argovian"
"2929",2.95,4.7,"Forest","Argovian"
"2930",2.95,4.75,"Forest","Argovian"
"2931",2.95,4.8,"Meadow","Argovian"
"2932",2.95,4.85,"Meadow","Argovian"
"2933",2.95,4.9,"Forest","Sequanian"
"2934",2.95,4.95,"Forest","Sequanian"
"2935",2.95,5,"Meadow","Sequanian"
"2936",2.95,5.05,"Pasture","Kimmeridgian"
"2937",2.95,5.1,"Pasture","Kimmeridgian"
"2938",2.95,5.15,"Forest","Kimmeridgian"
"2939",2.95,5.2,"Forest","Kimmeridgian"
"2940",2.95,5.25,"Forest","Kimmeridgian"
"2941",3,0.7,"Meadow","Kimmeridgian"
"2942",3,0.75,"Meadow","Kimmeridgian"
"2943",3,0.8,"Pasture","Kimmeridgian"
"2944",3,0.85,"Pasture","Sequanian"
"2945",3,0.9,"Pasture","Sequanian"
"2946",3,0.95,"Pasture","Sequanian"
"2947",3,1,"Pasture","Sequanian"
"2948",3,1.05,"Pasture","Sequanian"
"2949",3,1.1,"Meadow","Sequanian"
"2950",3,1.15,"Meadow","Sequanian"
"2951",3,1.2,"Meadow","Sequanian"
"2952",3,1.25,"Meadow","Sequanian"
"2953",3,1.3,"Meadow","Argovian"
"2954",3,1.35,"Meadow","Argovian"
"2955",3,1.4,"Meadow","Argovian"
"2956",3,1.45,"Forest","Sequanian"
"2957",3,1.5,"Forest","Sequanian"
"2958",3,1.55,"Forest","Sequanian"
"2959",3,1.6,"Forest","Sequanian"
"2960",3,1.65,"Forest","Sequanian"
"2961",3,1.7,"Meadow","Sequanian"
"2962",3,1.75,"Meadow","Sequanian"
"2963",3,1.8,"Forest","Kimmeridgian"
"2964",3,1.85,"Forest","Kimmeridgian"
"2965",3,1.9,"Forest","Kimmeridgian"
"2966",3,1.95,"Meadow","Kimmeridgian"
"2967",3,2,"Meadow","Kimmeridgian"
"2968",3,2.05,"Meadow","Kimmeridgian"
"2969",3,2.1,"Meadow","Kimmeridgian"
"2970",3,2.15,"Meadow","Kimmeridgian"
"2971",3,2.2,"Meadow","Kimmeridgian"
"2972",3,2.25,"Meadow","Kimmeridgian"
"2973",3,2.3,"Meadow","Portlandian"
"2974",3,2.35,"Meadow","Portlandian"
"2975",3,2.4,"Pasture","Portlandian"
"2976",3,2.45,"Pasture","Portlandian"
"2977",3,2.5,"Pasture","Kimmeridgian"
"2978",3,2.55,"Pasture","Kimmeridgian"
"2979",3,2.6,"Pasture","Kimmeridgian"
"2980",3,2.65,"Pasture","Sequanian"
"2981",3,2.7,"Pasture","Sequanian"
"2982",3,2.75,"Pasture","Sequanian"
"2983",3,2.8,"Meadow","Kimmeridgian"
"2984",3,2.85,"Meadow","Kimmeridgian"
"2985",3,2.9,"Meadow","Kimmeridgian"
"2986",3,2.95,"Meadow","Kimmeridgian"
"2987",3,3,"Meadow","Quaternary"
"2988",3,3.05,"Meadow","Quaternary"
"2989",3,3.1,"Meadow","Quaternary"
"2990",3,3.15,"Meadow","Quaternary"
"2991",3,3.2,"Meadow","Quaternary"
"2992",3,3.25,"Meadow","Quaternary"
"2993",3,3.3,"Pasture","Kimmeridgian"
"2994",3,3.35,"Pasture","Kimmeridgian"
"2995",3,3.4,"Pasture","Kimmeridgian"
"2996",3,3.45,"Pasture","Kimmeridgian"
"2997",3,3.5,"Pasture","Kimmeridgian"
"2998",3,3.55,"Pasture","Kimmeridgian"
"2999",3,3.6,"Pasture","Kimmeridgian"
"3000",3,3.65,"Pasture","Sequanian"
"3001",3,3.7,"Pasture","Sequanian"
"3002",3,3.75,"Pasture","Sequanian"
"3003",3,3.8,"Pasture","Sequanian"
"3004",3,3.85,"Pasture","Sequanian"
"3005",3,3.9,"Pasture","Quaternary"
"3006",3,3.95,"Pasture","Quaternary"
"3007",3,4,"Meadow","Argovian"
"3008",3,4.05,"Meadow","Argovian"
"3009",3,4.1,"Meadow","Argovian"
"3010",3,4.15,"Forest","Argovian"
"3011",3,4.2,"Forest","Argovian"
"3012",3,4.25,"Forest","Argovian"
"3013",3,4.3,"Meadow","Quaternary"
"3014",3,4.35,"Meadow","Quaternary"
"3015",3,4.4,"Meadow","Quaternary"
"3016",3,4.45,"Meadow","Quaternary"
"3017",3,4.5,"Meadow","Quaternary"
"3018",3,4.55,"Meadow","Argovian"
"3019",3,4.6,"Meadow","Argovian"
"3020",3,4.65,"Forest","Argovian"
"3021",3,4.7,"Forest","Argovian"
"3022",3,4.75,"Forest","Argovian"
"3023",3,4.8,"Meadow","Argovian"
"3024",3,4.85,"Meadow","Argovian"
"3025",3,4.9,"Meadow","Sequanian"
"3026",3,4.95,"Meadow","Sequanian"
"3027",3,5,"Meadow","Sequanian"
"3028",3,5.05,"Meadow","Kimmeridgian"
"3029",3,5.1,"Meadow","Kimmeridgian"
"3030",3,5.15,"Meadow","Kimmeridgian"
"3031",3,5.2,"Meadow","Kimmeridgian"
"3032",3,5.25,"Meadow","Kimmeridgian"
"3033",3,5.3,"Forest","Kimmeridgian"
"3034",3.05,0.7,"Meadow","Kimmeridgian"
"3035",3.05,0.75,"Pasture","Kimmeridgian"
"3036",3.05,0.8,"Pasture","Kimmeridgian"
"3037",3.05,0.85,"Pasture","Sequanian"
"3038",3.05,0.9,"Pasture","Sequanian"
"3039",3.05,0.95,"Meadow","Sequanian"
"3040",3.05,1,"Meadow","Sequanian"
"3041",3.05,1.05,"Meadow","Sequanian"
"3042",3.05,1.1,"Meadow","Sequanian"
"3043",3.05,1.15,"Meadow","Sequanian"
"3044",3.05,1.2,"Meadow","Sequanian"
"3045",3.05,1.25,"Meadow","Sequanian"
"3046",3.05,1.3,"Meadow","Argovian"
"3047",3.05,1.35,"Meadow","Argovian"
"3048",3.05,1.4,"Meadow","Argovian"
"3049",3.05,1.45,"Forest","Sequanian"
"3050",3.05,1.5,"Forest","Sequanian"
"3051",3.05,1.55,"Forest","Sequanian"
"3052",3.05,1.6,"Forest","Sequanian"
"3053",3.05,1.65,"Forest","Sequanian"
"3054",3.05,1.7,"Meadow","Sequanian"
"3055",3.05,1.75,"Meadow","Sequanian"
"3056",3.05,1.8,"Forest","Kimmeridgian"
"3057",3.05,1.85,"Forest","Kimmeridgian"
"3058",3.05,1.9,"Forest","Kimmeridgian"
"3059",3.05,1.95,"Forest","Kimmeridgian"
"3060",3.05,2,"Forest","Kimmeridgian"
"3061",3.05,2.05,"Meadow","Kimmeridgian"
"3062",3.05,2.1,"Meadow","Kimmeridgian"
"3063",3.05,2.15,"Meadow","Kimmeridgian"
"3064",3.05,2.2,"Meadow","Kimmeridgian"
"3065",3.05,2.25,"Meadow","Kimmeridgian"
"3066",3.05,2.3,"Meadow","Portlandian"
"3067",3.05,2.35,"Meadow","Portlandian"
"3068",3.05,2.4,"Pasture","Portlandian"
"3069",3.05,2.45,"Pasture","Portlandian"
"3070",3.05,2.5,"Pasture","Kimmeridgian"
"3071",3.05,2.55,"Pasture","Kimmeridgian"
"3072",3.05,2.6,"Pasture","Kimmeridgian"
"3073",3.05,2.65,"Pasture","Sequanian"
"3074",3.05,2.7,"Pasture","Sequanian"
"3075",3.05,2.75,"Pasture","Sequanian"
"3076",3.05,2.8,"Meadow","Kimmeridgian"
"3077",3.05,2.85,"Meadow","Kimmeridgian"
"3078",3.05,2.9,"Pasture","Kimmeridgian"
"3079",3.05,2.95,"Pasture","Kimmeridgian"
"3080",3.05,3,"Meadow","Quaternary"
"3081",3.05,3.05,"Meadow","Quaternary"
"3082",3.05,3.1,"Meadow","Quaternary"
"3083",3.05,3.15,"Meadow","Quaternary"
"3084",3.05,3.2,"Meadow","Quaternary"
"3085",3.05,3.25,"Meadow","Quaternary"
"3086",3.05,3.3,"Pasture","Kimmeridgian"
"3087",3.05,3.35,"Pasture","Kimmeridgian"
"3088",3.05,3.4,"Pasture","Kimmeridgian"
"3089",3.05,3.45,"Pasture","Kimmeridgian"
"3090",3.05,3.5,"Pasture","Kimmeridgian"
"3091",3.05,3.55,"Pasture","Kimmeridgian"
"3092",3.05,3.6,"Pasture","Kimmeridgian"
"3093",3.05,3.65,"Pasture","Sequanian"
"3094",3.05,3.7,"Pasture","Sequanian"
"3095",3.05,3.75,"Pasture","Sequanian"
"3096",3.05,3.8,"Pasture","Sequanian"
"3097",3.05,3.85,"Pasture","Sequanian"
"3098",3.05,3.9,"Meadow","Sequanian"
"3099",3.05,3.95,"Meadow","Quaternary"
"3100",3.05,4,"Meadow","Quaternary"
"3101",3.05,4.05,"Meadow","Argovian"
"3102",3.05,4.1,"Meadow","Argovian"
"3103",3.05,4.15,"Forest","Argovian"
"3104",3.05,4.2,"Forest","Argovian"
"3105",3.05,4.25,"Forest","Argovian"
"3106",3.05,4.3,"Meadow","Quaternary"
"3107",3.05,4.35,"Meadow","Quaternary"
"3108",3.05,4.4,"Meadow","Quaternary"
"3109",3.05,4.45,"Meadow","Quaternary"
"3110",3.05,4.5,"Meadow","Quaternary"
"3111",3.05,4.55,"Meadow","Argovian"
"3112",3.05,4.6,"Meadow","Argovian"
"3113",3.05,4.65,"Meadow","Argovian"
"3114",3.05,4.7,"Meadow","Argovian"
"3115",3.05,4.75,"Meadow","Argovian"
"3116",3.05,4.8,"Meadow","Argovian"
"3117",3.05,4.85,"Meadow","Argovian"
"3118",3.05,4.9,"Meadow","Sequanian"
"3119",3.05,4.95,"Meadow","Sequanian"
"3120",3.05,5,"Meadow","Sequanian"
"3121",3.05,5.05,"Meadow","Kimmeridgian"
"3122",3.05,5.1,"Meadow","Kimmeridgian"
"3123",3.05,5.15,"Meadow","Kimmeridgian"
"3124",3.05,5.2,"Meadow","Kimmeridgian"
"3125",3.05,5.25,"Meadow","Kimmeridgian"
"3126",3.05,5.3,"Forest","Kimmeridgian"
"3127",3.05,5.35,"Forest","Kimmeridgian"
"3128",3.1,0.7,"Meadow","Kimmeridgian"
"3129",3.1,0.75,"Pasture","Kimmeridgian"
"3130",3.1,0.8,"Pasture","Kimmeridgian"
"3131",3.1,0.85,"Pasture","Sequanian"
"3132",3.1,0.9,"Pasture","Sequanian"
"3133",3.1,0.95,"Meadow","Sequanian"
"3134",3.1,1,"Meadow","Sequanian"
"3135",3.1,1.05,"Meadow","Sequanian"
"3136",3.1,1.1,"Meadow","Sequanian"
"3137",3.1,1.15,"Meadow","Sequanian"
"3138",3.1,1.2,"Meadow","Sequanian"
"3139",3.1,1.25,"Meadow","Sequanian"
"3140",3.1,1.3,"Meadow","Sequanian"
"3141",3.1,1.35,"Meadow","Sequanian"
"3142",3.1,1.4,"Meadow","Sequanian"
"3143",3.1,1.45,"Forest","Sequanian"
"3144",3.1,1.5,"Forest","Sequanian"
"3145",3.1,1.55,"Forest","Sequanian"
"3146",3.1,1.6,"Forest","Sequanian"
"3147",3.1,1.65,"Forest","Sequanian"
"3148",3.1,1.7,"Meadow","Sequanian"
"3149",3.1,1.75,"Meadow","Sequanian"
"3150",3.1,1.8,"Forest","Kimmeridgian"
"3151",3.1,1.85,"Forest","Kimmeridgian"
"3152",3.1,1.9,"Forest","Kimmeridgian"
"3153",3.1,1.95,"Forest","Kimmeridgian"
"3154",3.1,2,"Forest","Kimmeridgian"
"3155",3.1,2.05,"Meadow","Kimmeridgian"
"3156",3.1,2.1,"Meadow","Kimmeridgian"
"3157",3.1,2.15,"Meadow","Kimmeridgian"
"3158",3.1,2.2,"Meadow","Kimmeridgian"
"3159",3.1,2.25,"Meadow","Kimmeridgian"
"3160",3.1,2.3,"Meadow","Portlandian"
"3161",3.1,2.35,"Meadow","Portlandian"
"3162",3.1,2.4,"Forest","Portlandian"
"3163",3.1,2.45,"Forest","Portlandian"
"3164",3.1,2.5,"Pasture","Kimmeridgian"
"3165",3.1,2.55,"Pasture","Kimmeridgian"
"3166",3.1,2.6,"Pasture","Kimmeridgian"
"3167",3.1,2.65,"Pasture","Sequanian"
"3168",3.1,2.7,"Pasture","Sequanian"
"3169",3.1,2.75,"Pasture","Sequanian"
"3170",3.1,2.8,"Pasture","Kimmeridgian"
"3171",3.1,2.85,"Pasture","Kimmeridgian"
"3172",3.1,2.9,"Pasture","Kimmeridgian"
"3173",3.1,2.95,"Pasture","Kimmeridgian"
"3174",3.1,3,"Meadow","Quaternary"
"3175",3.1,3.05,"Meadow","Quaternary"
"3176",3.1,3.1,"Meadow","Quaternary"
"3177",3.1,3.15,"Meadow","Kimmeridgian"
"3178",3.1,3.2,"Meadow","Kimmeridgian"
"3179",3.1,3.25,"Meadow","Kimmeridgian"
"3180",3.1,3.3,"Pasture","Kimmeridgian"
"3181",3.1,3.35,"Pasture","Kimmeridgian"
"3182",3.1,3.4,"Pasture","Kimmeridgian"
"3183",3.1,3.45,"Pasture","Kimmeridgian"
"3184",3.1,3.5,"Pasture","Kimmeridgian"
"3185",3.1,3.55,"Pasture","Kimmeridgian"
"3186",3.1,3.6,"Meadow","Kimmeridgian"
"3187",3.1,3.65,"Pasture","Sequanian"
"3188",3.1,3.7,"Pasture","Sequanian"
"3189",3.1,3.75,"Pasture","Sequanian"
"3190",3.1,3.8,"Meadow","Sequanian"
"3191",3.1,3.85,"Meadow","Sequanian"
"3192",3.1,3.9,"Meadow","Sequanian"
"3193",3.1,3.95,"Meadow","Quaternary"
"3194",3.1,4,"Meadow","Quaternary"
"3195",3.1,4.05,"Meadow","Argovian"
"3196",3.1,4.1,"Meadow","Argovian"
"3197",3.1,4.15,"Meadow","Argovian"
"3198",3.1,4.2,"Meadow","Argovian"
"3199",3.1,4.25,"Meadow","Argovian"
"3200",3.1,4.3,"Meadow","Quaternary"
"3201",3.1,4.35,"Meadow","Quaternary"
"3202",3.1,4.4,"Meadow","Quaternary"
"3203",3.1,4.45,"Meadow","Quaternary"
"3204",3.1,4.5,"Meadow","Quaternary"
"3205",3.1,4.55,"Meadow","Argovian"
"3206",3.1,4.6,"Meadow","Argovian"
"3207",3.1,4.65,"Meadow","Argovian"
"3208",3.1,4.7,"Meadow","Argovian"
"3209",3.1,4.75,"Meadow","Argovian"
"3210",3.1,4.8,"Meadow","Argovian"
"3211",3.1,4.85,"Meadow","Argovian"
"3212",3.1,4.9,"Meadow","Argovian"
"3213",3.1,4.95,"Meadow","Argovian"
"3214",3.1,5,"Meadow","Sequanian"
"3215",3.1,5.05,"Tillage","Sequanian"
"3216",3.1,5.1,"Tillage","Sequanian"
"3217",3.1,5.15,"Tillage","Quaternary"
"3218",3.1,5.2,"Tillage","Quaternary"
"3219",3.1,5.25,"Tillage","Quaternary"
"3220",3.1,5.3,"Tillage","Kimmeridgian"
"3221",3.1,5.35,"Tillage","Kimmeridgian"
"3222",3.1,5.4,"Meadow","Kimmeridgian"
"3223",3.15,0.7,"Meadow","Kimmeridgian"
"3224",3.15,0.75,"Meadow","Kimmeridgian"
"3225",3.15,0.8,"Meadow","Kimmeridgian"
"3226",3.15,0.85,"Pasture","Sequanian"
"3227",3.15,0.9,"Pasture","Sequanian"
"3228",3.15,0.95,"Pasture","Sequanian"
"3229",3.15,1,"Pasture","Sequanian"
"3230",3.15,1.05,"Pasture","Sequanian"
"3231",3.15,1.1,"Meadow","Sequanian"
"3232",3.15,1.15,"Meadow","Sequanian"
"3233",3.15,1.2,"Meadow","Sequanian"
"3234",3.15,1.25,"Meadow","Sequanian"
"3235",3.15,1.3,"Meadow","Sequanian"
"3236",3.15,1.35,"Meadow","Sequanian"
"3237",3.15,1.4,"Meadow","Sequanian"
"3238",3.15,1.45,"Meadow","Sequanian"
"3239",3.15,1.5,"Meadow","Sequanian"
"3240",3.15,1.55,"Meadow","Sequanian"
"3241",3.15,1.6,"Meadow","Sequanian"
"3242",3.15,1.65,"Meadow","Sequanian"
"3243",3.15,1.7,"Forest","Sequanian"
"3244",3.15,1.75,"Forest","Sequanian"
"3245",3.15,1.8,"Forest","Sequanian"
"3246",3.15,1.85,"Forest","Kimmeridgian"
"3247",3.15,1.9,"Forest","Kimmeridgian"
"3248",3.15,1.95,"Meadow","Kimmeridgian"
"3249",3.15,2,"Meadow","Kimmeridgian"
"3250",3.15,2.05,"Meadow","Kimmeridgian"
"3251",3.15,2.1,"Meadow","Kimmeridgian"
"3252",3.15,2.15,"Meadow","Quaternary"
"3253",3.15,2.2,"Meadow","Quaternary"
"3254",3.15,2.25,"Meadow","Quaternary"
"3255",3.15,2.3,"Forest","Portlandian"
"3256",3.15,2.35,"Forest","Portlandian"
"3257",3.15,2.4,"Forest","Portlandian"
"3258",3.15,2.45,"Forest","Portlandian"
"3259",3.15,2.5,"Forest","Portlandian"
"3260",3.15,2.55,"Forest","Sequanian"
"3261",3.15,2.6,"Forest","Sequanian"
"3262",3.15,2.65,"Meadow","Sequanian"
"3263",3.15,2.7,"Meadow","Sequanian"
"3264",3.15,2.75,"Meadow","Sequanian"
"3265",3.15,2.8,"Pasture","Sequanian"
"3266",3.15,2.85,"Pasture","Sequanian"
"3267",3.15,2.9,"Pasture","Quaternary"
"3268",3.15,2.95,"Pasture","Quaternary"
"3269",3.15,3,"Meadow","Quaternary"
"3270",3.15,3.05,"Meadow","Quaternary"
"3271",3.15,3.1,"Meadow","Quaternary"
"3272",3.15,3.15,"Meadow","Kimmeridgian"
"3273",3.15,3.2,"Meadow","Kimmeridgian"
"3274",3.15,3.25,"Meadow","Kimmeridgian"
"3275",3.15,3.3,"Pasture","Kimmeridgian"
"3276",3.15,3.35,"Pasture","Kimmeridgian"
"3277",3.15,3.4,"Pasture","Kimmeridgian"
"3278",3.15,3.45,"Pasture","Kimmeridgian"
"3279",3.15,3.5,"Pasture","Kimmeridgian"
"3280",3.15,3.55,"Pasture","Kimmeridgian"
"3281",3.15,3.6,"Pasture","Kimmeridgian"
"3282",3.15,3.65,"Meadow","Kimmeridgian"
"3283",3.15,3.7,"Meadow","Kimmeridgian"
"3284",3.15,3.75,"Meadow","Sequanian"
"3285",3.15,3.8,"Meadow","Sequanian"
"3286",3.15,3.85,"Meadow","Sequanian"
"3287",3.15,3.9,"Meadow","Sequanian"
"3288",3.15,3.95,"Meadow","Sequanian"
"3289",3.15,4,"Meadow","Sequanian"
"3290",3.15,4.05,"Meadow","Argovian"
"3291",3.15,4.1,"Meadow","Argovian"
"3292",3.15,4.15,"Meadow","Argovian"
"3293",3.15,4.2,"Meadow","Argovian"
"3294",3.15,4.25,"Meadow","Argovian"
"3295",3.15,4.3,"Meadow","Argovian"
"3296",3.15,4.35,"Meadow","Argovian"
"3297",3.15,4.4,"Meadow","Quaternary"
"3298",3.15,4.45,"Meadow","Quaternary"
"3299",3.15,4.5,"Meadow","Quaternary"
"3300",3.15,4.55,"Meadow","Quaternary"
"3301",3.15,4.6,"Meadow","Quaternary"
"3302",3.15,4.65,"Pasture","Argovian"
"3303",3.15,4.7,"Pasture","Argovian"
"3304",3.15,4.75,"Pasture","Argovian"
"3305",3.15,4.8,"Meadow","Argovian"
"3306",3.15,4.85,"Meadow","Argovian"
"3307",3.15,4.9,"Meadow","Argovian"
"3308",3.15,4.95,"Meadow","Argovian"
"3309",3.15,5,"Meadow","Sequanian"
"3310",3.15,5.05,"Tillage","Sequanian"
"3311",3.15,5.1,"Tillage","Sequanian"
"3312",3.15,5.15,"Tillage","Quaternary"
"3313",3.15,5.2,"Tillage","Quaternary"
"3314",3.15,5.25,"Tillage","Kimmeridgian"
"3315",3.15,5.3,"Tillage","Kimmeridgian"
"3316",3.15,5.35,"Tillage","Kimmeridgian"
"3317",3.15,5.4,"Meadow","Kimmeridgian"
"3318",3.15,5.45,"Meadow","Kimmeridgian"
"3319",3.2,0.7,"Meadow","Kimmeridgian"
"3320",3.2,0.75,"Meadow","Kimmeridgian"
"3321",3.2,0.8,"Meadow","Kimmeridgian"
"3322",3.2,0.85,"Pasture","Sequanian"
"3323",3.2,0.9,"Pasture","Sequanian"
"3324",3.2,0.95,"Pasture","Sequanian"
"3325",3.2,1,"Pasture","Sequanian"
"3326",3.2,1.05,"Pasture","Sequanian"
"3327",3.2,1.1,"Meadow","Sequanian"
"3328",3.2,1.15,"Meadow","Sequanian"
"3329",3.2,1.2,"Meadow","Sequanian"
"3330",3.2,1.25,"Meadow","Sequanian"
"3331",3.2,1.3,"Meadow","Sequanian"
"3332",3.2,1.35,"Meadow","Sequanian"
"3333",3.2,1.4,"Meadow","Sequanian"
"3334",3.2,1.45,"Meadow","Sequanian"
"3335",3.2,1.5,"Meadow","Sequanian"
"3336",3.2,1.55,"Meadow","Sequanian"
"3337",3.2,1.6,"Meadow","Sequanian"
"3338",3.2,1.65,"Meadow","Sequanian"
"3339",3.2,1.7,"Forest","Sequanian"
"3340",3.2,1.75,"Forest","Sequanian"
"3341",3.2,1.8,"Forest","Sequanian"
"3342",3.2,1.85,"Forest","Kimmeridgian"
"3343",3.2,1.9,"Forest","Kimmeridgian"
"3344",3.2,1.95,"Meadow","Kimmeridgian"
"3345",3.2,2,"Meadow","Kimmeridgian"
"3346",3.2,2.05,"Meadow","Kimmeridgian"
"3347",3.2,2.1,"Meadow","Kimmeridgian"
"3348",3.2,2.15,"Meadow","Quaternary"
"3349",3.2,2.2,"Meadow","Quaternary"
"3350",3.2,2.25,"Meadow","Quaternary"
"3351",3.2,2.3,"Forest","Portlandian"
"3352",3.2,2.35,"Forest","Portlandian"
"3353",3.2,2.4,"Forest","Portlandian"
"3354",3.2,2.45,"Forest","Portlandian"
"3355",3.2,2.5,"Forest","Portlandian"
"3356",3.2,2.55,"Forest","Sequanian"
"3357",3.2,2.6,"Forest","Sequanian"
"3358",3.2,2.65,"Meadow","Sequanian"
"3359",3.2,2.7,"Meadow","Sequanian"
"3360",3.2,2.75,"Meadow","Sequanian"
"3361",3.2,2.8,"Pasture","Sequanian"
"3362",3.2,2.85,"Pasture","Sequanian"
"3363",3.2,2.9,"Pasture","Quaternary"
"3364",3.2,2.95,"Pasture","Quaternary"
"3365",3.2,3,"Meadow","Quaternary"
"3366",3.2,3.05,"Meadow","Quaternary"
"3367",3.2,3.1,"Meadow","Quaternary"
"3368",3.2,3.15,"Meadow","Kimmeridgian"
"3369",3.2,3.2,"Meadow","Kimmeridgian"
"3370",3.2,3.25,"Meadow","Kimmeridgian"
"3371",3.2,3.3,"Pasture","Kimmeridgian"
"3372",3.2,3.35,"Pasture","Kimmeridgian"
"3373",3.2,3.4,"Pasture","Kimmeridgian"
"3374",3.2,3.45,"Pasture","Kimmeridgian"
"3375",3.2,3.5,"Pasture","Kimmeridgian"
"3376",3.2,3.55,"Pasture","Kimmeridgian"
"3377",3.2,3.6,"Pasture","Kimmeridgian"
"3378",3.2,3.65,"Meadow","Kimmeridgian"
"3379",3.2,3.7,"Meadow","Kimmeridgian"
"3380",3.2,3.75,"Meadow","Sequanian"
"3381",3.2,3.8,"Meadow","Sequanian"
"3382",3.2,3.85,"Meadow","Sequanian"
"3383",3.2,3.9,"Meadow","Sequanian"
"3384",3.2,3.95,"Meadow","Sequanian"
"3385",3.2,4,"Meadow","Sequanian"
"3386",3.2,4.05,"Meadow","Argovian"
"3387",3.2,4.1,"Meadow","Argovian"
"3388",3.2,4.15,"Meadow","Argovian"
"3389",3.2,4.2,"Meadow","Argovian"
"3390",3.2,4.25,"Meadow","Argovian"
"3391",3.2,4.3,"Meadow","Argovian"
"3392",3.2,4.35,"Meadow","Argovian"
"3393",3.2,4.4,"Meadow","Quaternary"
"3394",3.2,4.45,"Meadow","Quaternary"
"3395",3.2,4.5,"Meadow","Quaternary"
"3396",3.2,4.55,"Meadow","Quaternary"
"3397",3.2,4.6,"Meadow","Quaternary"
"3398",3.2,4.65,"Pasture","Argovian"
"3399",3.2,4.7,"Pasture","Argovian"
"3400",3.2,4.75,"Pasture","Argovian"
"3401",3.2,4.8,"Meadow","Argovian"
"3402",3.2,4.85,"Meadow","Argovian"
"3403",3.2,4.9,"Meadow","Argovian"
"3404",3.2,4.95,"Meadow","Argovian"
"3405",3.2,5,"Meadow","Sequanian"
"3406",3.2,5.05,"Tillage","Sequanian"
"3407",3.2,5.1,"Tillage","Sequanian"
"3408",3.2,5.15,"Tillage","Quaternary"
"3409",3.2,5.2,"Tillage","Quaternary"
"3410",3.2,5.25,"Tillage","Kimmeridgian"
"3411",3.2,5.3,"Tillage","Kimmeridgian"
"3412",3.2,5.35,"Tillage","Kimmeridgian"
"3413",3.2,5.4,"Meadow","Kimmeridgian"
"3414",3.2,5.45,"Meadow","Kimmeridgian"
"3415",3.2,5.5,"Meadow","Kimmeridgian"
"3416",3.25,0.75,"Meadow","Kimmeridgian"
"3417",3.25,0.8,"Meadow","Kimmeridgian"
"3418",3.25,0.85,"Pasture","Kimmeridgian"
"3419",3.25,0.9,"Pasture","Kimmeridgian"
"3420",3.25,0.95,"Pasture","Kimmeridgian"
"3421",3.25,1,"Pasture","Sequanian"
"3422",3.25,1.05,"Pasture","Sequanian"
"3423",3.25,1.1,"Meadow","Sequanian"
"3424",3.25,1.15,"Meadow","Sequanian"
"3425",3.25,1.2,"Pasture","Sequanian"
"3426",3.25,1.25,"Pasture","Sequanian"
"3427",3.25,1.3,"Pasture","Sequanian"
"3428",3.25,1.35,"Meadow","Sequanian"
"3429",3.25,1.4,"Meadow","Sequanian"
"3430",3.25,1.45,"Meadow","Sequanian"
"3431",3.25,1.5,"Meadow","Sequanian"
"3432",3.25,1.55,"Meadow","Sequanian"
"3433",3.25,1.6,"Meadow","Sequanian"
"3434",3.25,1.65,"Meadow","Sequanian"
"3435",3.25,1.7,"Meadow","Sequanian"
"3436",3.25,1.75,"Meadow","Sequanian"
"3437",3.25,1.8,"Forest","Sequanian"
"3438",3.25,1.85,"Forest","Kimmeridgian"
"3439",3.25,1.9,"Forest","Kimmeridgian"
"3440",3.25,1.95,"Forest","Kimmeridgian"
"3441",3.25,2,"Forest","Kimmeridgian"
"3442",3.25,2.05,"Meadow","Kimmeridgian"
"3443",3.25,2.1,"Meadow","Kimmeridgian"
"3444",3.25,2.15,"Meadow","Quaternary"
"3445",3.25,2.2,"Meadow","Quaternary"
"3446",3.25,2.25,"Pasture","Quaternary"
"3447",3.25,2.3,"Pasture","Quaternary"
"3448",3.25,2.35,"Pasture","Quaternary"
"3449",3.25,2.4,"Forest","Portlandian"
"3450",3.25,2.45,"Forest","Portlandian"
"3451",3.25,2.5,"Forest","Portlandian"
"3452",3.25,2.55,"Forest","Kimmeridgian"
"3453",3.25,2.6,"Forest","Kimmeridgian"
"3454",3.25,2.65,"Meadow","Sequanian"
"3455",3.25,2.7,"Meadow","Sequanian"
"3456",3.25,2.75,"Meadow","Sequanian"
"3457",3.25,2.8,"Pasture","Sequanian"
"3458",3.25,2.85,"Pasture","Sequanian"
"3459",3.25,2.9,"Pasture","Quaternary"
"3460",3.25,2.95,"Pasture","Quaternary"
"3461",3.25,3,"Meadow","Quaternary"
"3462",3.25,3.05,"Meadow","Quaternary"
"3463",3.25,3.1,"Meadow","Quaternary"
"3464",3.25,3.15,"Meadow","Kimmeridgian"
"3465",3.25,3.2,"Meadow","Kimmeridgian"
"3466",3.25,3.25,"Meadow","Kimmeridgian"
"3467",3.25,3.3,"Pasture","Kimmeridgian"
"3468",3.25,3.35,"Pasture","Kimmeridgian"
"3469",3.25,3.4,"Pasture","Kimmeridgian"
"3470",3.25,3.45,"Pasture","Kimmeridgian"
"3471",3.25,3.5,"Pasture","Kimmeridgian"
"3472",3.25,3.55,"Pasture","Kimmeridgian"
"3473",3.25,3.6,"Pasture","Kimmeridgian"
"3474",3.25,3.65,"Meadow","Kimmeridgian"
"3475",3.25,3.7,"Meadow","Kimmeridgian"
"3476",3.25,3.75,"Meadow","Sequanian"
"3477",3.25,3.8,"Meadow","Sequanian"
"3478",3.25,3.85,"Meadow","Sequanian"
"3479",3.25,3.9,"Meadow","Sequanian"
"3480",3.25,3.95,"Meadow","Sequanian"
"3481",3.25,4,"Meadow","Sequanian"
"3482",3.25,4.05,"Meadow","Sequanian"
"3483",3.25,4.1,"Meadow","Sequanian"
"3484",3.25,4.15,"Meadow","Argovian"
"3485",3.25,4.2,"Meadow","Argovian"
"3486",3.25,4.25,"Meadow","Argovian"
"3487",3.25,4.3,"Meadow","Argovian"
"3488",3.25,4.35,"Meadow","Argovian"
"3489",3.25,4.4,"Meadow","Quaternary"
"3490",3.25,4.45,"Meadow","Quaternary"
"3491",3.25,4.5,"Meadow","Quaternary"
"3492",3.25,4.55,"Meadow","Quaternary"
"3493",3.25,4.6,"Meadow","Quaternary"
"3494",3.25,4.65,"Pasture","Argovian"
"3495",3.25,4.7,"Pasture","Argovian"
"3496",3.25,4.75,"Pasture","Argovian"
"3497",3.25,4.8,"Pasture","Argovian"
"3498",3.25,4.85,"Pasture","Argovian"
"3499",3.25,4.9,"Pasture","Argovian"
"3500",3.25,4.95,"Pasture","Argovian"
"3501",3.25,5,"Pasture","Argovian"
"3502",3.25,5.05,"Pasture","Sequanian"
"3503",3.25,5.1,"Pasture","Sequanian"
"3504",3.25,5.15,"Meadow","Sequanian"
"3505",3.25,5.2,"Meadow","Sequanian"
"3506",3.25,5.25,"Tillage","Kimmeridgian"
"3507",3.25,5.3,"Tillage","Kimmeridgian"
"3508",3.25,5.35,"Tillage","Kimmeridgian"
"3509",3.25,5.4,"Meadow","Kimmeridgian"
"3510",3.25,5.45,"Meadow","Kimmeridgian"
"3511",3.25,5.5,"Meadow","Kimmeridgian"
"3512",3.3,0.8,"Meadow","Kimmeridgian"
"3513",3.3,0.85,"Pasture","Kimmeridgian"
"3514",3.3,0.9,"Pasture","Kimmeridgian"
"3515",3.3,0.95,"Pasture","Kimmeridgian"
"3516",3.3,1,"Pasture","Sequanian"
"3517",3.3,1.05,"Pasture","Sequanian"
"3518",3.3,1.1,"Meadow","Sequanian"
"3519",3.3,1.15,"Meadow","Sequanian"
"3520",3.3,1.2,"Pasture","Sequanian"
"3521",3.3,1.25,"Pasture","Sequanian"
"3522",3.3,1.3,"Pasture","Sequanian"
"3523",3.3,1.35,"Meadow","Sequanian"
"3524",3.3,1.4,"Meadow","Sequanian"
"3525",3.3,1.45,"Meadow","Sequanian"
"3526",3.3,1.5,"Meadow","Sequanian"
"3527",3.3,1.55,"Meadow","Sequanian"
"3528",3.3,1.6,"Meadow","Sequanian"
"3529",3.3,1.65,"Meadow","Sequanian"
"3530",3.3,1.7,"Meadow","Sequanian"
"3531",3.3,1.75,"Meadow","Sequanian"
"3532",3.3,1.8,"Meadow","Sequanian"
"3533",3.3,1.85,"Pasture","Kimmeridgian"
"3534",3.3,1.9,"Pasture","Kimmeridgian"
"3535",3.3,1.95,"Forest","Kimmeridgian"
"3536",3.3,2,"Forest","Kimmeridgian"
"3537",3.3,2.05,"Meadow","Kimmeridgian"
"3538",3.3,2.1,"Meadow","Kimmeridgian"
"3539",3.3,2.15,"Meadow","Quaternary"
"3540",3.3,2.2,"Meadow","Quaternary"
"3541",3.3,2.25,"Pasture","Quaternary"
"3542",3.3,2.3,"Pasture","Quaternary"
"3543",3.3,2.35,"Pasture","Quaternary"
"3544",3.3,2.4,"Pasture","Portlandian"
"3545",3.3,2.45,"Pasture","Portlandian"
"3546",3.3,2.5,"Forest","Portlandian"
"3547",3.3,2.55,"Forest","Kimmeridgian"
"3548",3.3,2.6,"Forest","Kimmeridgian"
"3549",3.3,2.65,"Meadow","Sequanian"
"3550",3.3,2.7,"Meadow","Sequanian"
"3551",3.3,2.75,"Meadow","Sequanian"
"3552",3.3,2.8,"Meadow","Sequanian"
"3553",3.3,2.85,"Meadow","Sequanian"
"3554",3.3,2.9,"Meadow","Quaternary"
"3555",3.3,2.95,"Meadow","Quaternary"
"3556",3.3,3,"Meadow","Quaternary"
"3557",3.3,3.05,"Meadow","Quaternary"
"3558",3.3,3.1,"Pasture","Quaternary"
"3559",3.3,3.15,"Pasture","Quaternary"
"3560",3.3,3.2,"Pasture","Quaternary"
"3561",3.3,3.25,"Pasture","Quaternary"
"3562",3.3,3.3,"Pasture","Kimmeridgian"
"3563",3.3,3.35,"Pasture","Kimmeridgian"
"3564",3.3,3.4,"Pasture","Kimmeridgian"
"3565",3.3,3.45,"Pasture","Kimmeridgian"
"3566",3.3,3.5,"Meadow","Kimmeridgian"
"3567",3.3,3.55,"Meadow","Kimmeridgian"
"3568",3.3,3.6,"Meadow","Kimmeridgian"
"3569",3.3,3.65,"Meadow","Kimmeridgian"
"3570",3.3,3.7,"Meadow","Kimmeridgian"
"3571",3.3,3.75,"Meadow","Kimmeridgian"
"3572",3.3,3.8,"Meadow","Kimmeridgian"
"3573",3.3,3.85,"Meadow","Kimmeridgian"
"3574",3.3,3.9,"Meadow","Sequanian"
"3575",3.3,3.95,"Meadow","Sequanian"
"3576",3.3,4,"Meadow","Sequanian"
"3577",3.3,4.05,"Meadow","Sequanian"
"3578",3.3,4.1,"Meadow","Sequanian"
"3579",3.3,4.15,"Meadow","Quaternary"
"3580",3.3,4.2,"Meadow","Quaternary"
"3581",3.3,4.25,"Meadow","Quaternary"
"3582",3.3,4.3,"Meadow","Quaternary"
"3583",3.3,4.35,"Meadow","Quaternary"
"3584",3.3,4.4,"Meadow","Quaternary"
"3585",3.3,4.45,"Meadow","Quaternary"
"3586",3.3,4.5,"Meadow","Quaternary"
"3587",3.3,4.55,"Meadow","Quaternary"
"3588",3.3,4.6,"Meadow","Quaternary"
"3589",3.3,4.65,"Pasture","Quaternary"
"3590",3.3,4.7,"Pasture","Quaternary"
"3591",3.3,4.75,"Pasture","Argovian"
"3592",3.3,4.8,"Pasture","Argovian"
"3593",3.3,4.85,"Pasture","Argovian"
"3594",3.3,4.9,"Pasture","Argovian"
"3595",3.3,4.95,"Pasture","Argovian"
"3596",3.3,5,"Pasture","Argovian"
"3597",3.3,5.05,"Pasture","Sequanian"
"3598",3.3,5.1,"Pasture","Sequanian"
"3599",3.3,5.15,"Meadow","Sequanian"
"3600",3.3,5.2,"Meadow","Sequanian"
"3601",3.3,5.25,"Meadow","Sequanian"
"3602",3.3,5.3,"Tillage","Quaternary"
"3603",3.3,5.35,"Tillage","Quaternary"
"3604",3.3,5.4,"Meadow","Kimmeridgian"
"3605",3.3,5.45,"Meadow","Kimmeridgian"
"3606",3.3,5.5,"Meadow","Kimmeridgian"
"3607",3.35,0.8,"Meadow","Kimmeridgian"
"3608",3.35,0.85,"Pasture","Kimmeridgian"
"3609",3.35,0.9,"Pasture","Kimmeridgian"
"3610",3.35,0.95,"Pasture","Kimmeridgian"
"3611",3.35,1,"Pasture","Sequanian"
"3612",3.35,1.05,"Pasture","Sequanian"
"3613",3.35,1.1,"Meadow","Sequanian"
"3614",3.35,1.15,"Meadow","Sequanian"
"3615",3.35,1.2,"Pasture","Sequanian"
"3616",3.35,1.25,"Pasture","Sequanian"
"3617",3.35,1.3,"Pasture","Sequanian"
"3618",3.35,1.35,"Meadow","Sequanian"
"3619",3.35,1.4,"Meadow","Sequanian"
"3620",3.35,1.45,"Meadow","Sequanian"
"3621",3.35,1.5,"Meadow","Sequanian"
"3622",3.35,1.55,"Meadow","Sequanian"
"3623",3.35,1.6,"Meadow","Sequanian"
"3624",3.35,1.65,"Meadow","Sequanian"
"3625",3.35,1.7,"Meadow","Sequanian"
"3626",3.35,1.75,"Meadow","Sequanian"
"3627",3.35,1.8,"Meadow","Sequanian"
"3628",3.35,1.85,"Pasture","Kimmeridgian"
"3629",3.35,1.9,"Pasture","Kimmeridgian"
"3630",3.35,1.95,"Forest","Kimmeridgian"
"3631",3.35,2,"Forest","Kimmeridgian"
"3632",3.35,2.05,"Meadow","Kimmeridgian"
"3633",3.35,2.1,"Meadow","Kimmeridgian"
"3634",3.35,2.15,"Meadow","Quaternary"
"3635",3.35,2.2,"Meadow","Quaternary"
"3636",3.35,2.25,"Pasture","Quaternary"
"3637",3.35,2.3,"Pasture","Quaternary"
"3638",3.35,2.35,"Pasture","Quaternary"
"3639",3.35,2.4,"Pasture","Portlandian"
"3640",3.35,2.45,"Pasture","Portlandian"
"3641",3.35,2.5,"Forest","Portlandian"
"3642",3.35,2.55,"Forest","Kimmeridgian"
"3643",3.35,2.6,"Forest","Kimmeridgian"
"3644",3.35,2.65,"Meadow","Sequanian"
"3645",3.35,2.7,"Meadow","Sequanian"
"3646",3.35,2.75,"Meadow","Sequanian"
"3647",3.35,2.8,"Meadow","Sequanian"
"3648",3.35,2.85,"Meadow","Sequanian"
"3649",3.35,2.9,"Meadow","Quaternary"
"3650",3.35,2.95,"Meadow","Quaternary"
"3651",3.35,3,"Meadow","Quaternary"
"3652",3.35,3.05,"Meadow","Quaternary"
"3653",3.35,3.1,"Pasture","Quaternary"
"3654",3.35,3.15,"Pasture","Quaternary"
"3655",3.35,3.2,"Pasture","Quaternary"
"3656",3.35,3.25,"Pasture","Quaternary"
"3657",3.35,3.3,"Pasture","Kimmeridgian"
"3658",3.35,3.35,"Pasture","Kimmeridgian"
"3659",3.35,3.4,"Pasture","Kimmeridgian"
"3660",3.35,3.45,"Pasture","Kimmeridgian"
"3661",3.35,3.5,"Meadow","Kimmeridgian"
"3662",3.35,3.55,"Meadow","Kimmeridgian"
"3663",3.35,3.6,"Meadow","Kimmeridgian"
"3664",3.35,3.65,"Meadow","Kimmeridgian"
"3665",3.35,3.7,"Meadow","Kimmeridgian"
"3666",3.35,3.75,"Meadow","Kimmeridgian"
"3667",3.35,3.8,"Meadow","Kimmeridgian"
"3668",3.35,3.85,"Meadow","Kimmeridgian"
"3669",3.35,3.9,"Meadow","Sequanian"
"3670",3.35,3.95,"Meadow","Sequanian"
"3671",3.35,4,"Meadow","Sequanian"
"3672",3.35,4.05,"Meadow","Sequanian"
"3673",3.35,4.1,"Meadow","Sequanian"
"3674",3.35,4.15,"Meadow","Quaternary"
"3675",3.35,4.2,"Meadow","Quaternary"
"3676",3.35,4.25,"Meadow","Quaternary"
"3677",3.35,4.3,"Meadow","Quaternary"
"3678",3.35,4.35,"Meadow","Quaternary"
"3679",3.35,4.4,"Meadow","Quaternary"
"3680",3.35,4.45,"Meadow","Quaternary"
"3681",3.35,4.5,"Meadow","Quaternary"
"3682",3.35,4.55,"Meadow","Quaternary"
"3683",3.35,4.6,"Meadow","Quaternary"
"3684",3.35,4.65,"Pasture","Quaternary"
"3685",3.35,4.7,"Pasture","Quaternary"
"3686",3.35,4.75,"Pasture","Argovian"
"3687",3.35,4.8,"Pasture","Argovian"
"3688",3.35,4.85,"Pasture","Argovian"
"3689",3.35,4.9,"Pasture","Argovian"
"3690",3.35,4.95,"Pasture","Argovian"
"3691",3.35,5,"Pasture","Argovian"
"3692",3.35,5.05,"Pasture","Sequanian"
"3693",3.35,5.1,"Pasture","Sequanian"
"3694",3.35,5.15,"Meadow","Sequanian"
"3695",3.35,5.2,"Meadow","Sequanian"
"3696",3.35,5.25,"Meadow","Sequanian"
"3697",3.35,5.3,"Tillage","Quaternary"
"3698",3.35,5.35,"Tillage","Quaternary"
"3699",3.35,5.4,"Meadow","Kimmeridgian"
"3700",3.35,5.45,"Meadow","Kimmeridgian"
"3701",3.35,5.5,"Meadow","Kimmeridgian"
"3702",3.35,5.55,"Pasture","Kimmeridgian"
"3703",3.4,0.8,"Meadow","Kimmeridgian"
"3704",3.4,0.85,"Pasture","Kimmeridgian"
"3705",3.4,0.9,"Pasture","Kimmeridgian"
"3706",3.4,0.95,"Pasture","Kimmeridgian"
"3707",3.4,1,"Pasture","Sequanian"
"3708",3.4,1.05,"Pasture","Sequanian"
"3709",3.4,1.1,"Pasture","Sequanian"
"3710",3.4,1.15,"Pasture","Sequanian"
"3711",3.4,1.2,"Pasture","Sequanian"
"3712",3.4,1.25,"Pasture","Sequanian"
"3713",3.4,1.3,"Meadow","Sequanian"
"3714",3.4,1.35,"Meadow","Sequanian"
"3715",3.4,1.4,"Meadow","Sequanian"
"3716",3.4,1.45,"Meadow","Sequanian"
"3717",3.4,1.5,"Meadow","Sequanian"
"3718",3.4,1.55,"Meadow","Sequanian"
"3719",3.4,1.6,"Tillage","Sequanian"
"3720",3.4,1.65,"Tillage","Sequanian"
"3721",3.4,1.7,"Meadow","Sequanian"
"3722",3.4,1.75,"Meadow","Sequanian"
"3723",3.4,1.8,"Pasture","Sequanian"
"3724",3.4,1.85,"Pasture","Kimmeridgian"
"3725",3.4,1.9,"Pasture","Kimmeridgian"
"3726",3.4,1.95,"Pasture","Kimmeridgian"
"3727",3.4,2,"Pasture","Kimmeridgian"
"3728",3.4,2.05,"Pasture","Kimmeridgian"
"3729",3.4,2.1,"Meadow","Kimmeridgian"
"3730",3.4,2.15,"Meadow","Quaternary"
"3731",3.4,2.2,"Meadow","Quaternary"
"3732",3.4,2.25,"Pasture","Kimmeridgian"
"3733",3.4,2.3,"Pasture","Kimmeridgian"
"3734",3.4,2.35,"Pasture","Kimmeridgian"
"3735",3.4,2.4,"Pasture","Portlandian"
"3736",3.4,2.45,"Pasture","Portlandian"
"3737",3.4,2.5,"Forest","Portlandian"
"3738",3.4,2.55,"Meadow","Kimmeridgian"
"3739",3.4,2.6,"Meadow","Kimmeridgian"
"3740",3.4,2.65,"Meadow","Sequanian"
"3741",3.4,2.7,"Meadow","Sequanian"
"3742",3.4,2.75,"Meadow","Sequanian"
"3743",3.4,2.8,"Meadow","Sequanian"
"3744",3.4,2.85,"Meadow","Sequanian"
"3745",3.4,2.9,"Meadow","Sequanian"
"3746",3.4,2.95,"Meadow","Sequanian"
"3747",3.4,3,"Forest","Quaternary"
"3748",3.4,3.05,"Forest","Quaternary"
"3749",3.4,3.1,"Pasture","Quaternary"
"3750",3.4,3.15,"Pasture","Kimmeridgian"
"3751",3.4,3.2,"Pasture","Kimmeridgian"
"3752",3.4,3.25,"Pasture","Kimmeridgian"
"3753",3.4,3.3,"Pasture","Kimmeridgian"
"3754",3.4,3.35,"Pasture","Kimmeridgian"
"3755",3.4,3.4,"Pasture","Kimmeridgian"
"3756",3.4,3.45,"Pasture","Kimmeridgian"
"3757",3.4,3.5,"Meadow","Kimmeridgian"
"3758",3.4,3.55,"Meadow","Kimmeridgian"
"3759",3.4,3.6,"Pasture","Kimmeridgian"
"3760",3.4,3.65,"Pasture","Kimmeridgian"
"3761",3.4,3.7,"Pasture","Kimmeridgian"
"3762",3.4,3.75,"Pasture","Kimmeridgian"
"3763",3.4,3.8,"Meadow","Kimmeridgian"
"3764",3.4,3.85,"Meadow","Kimmeridgian"
"3765",3.4,3.9,"Pasture","Kimmeridgian"
"3766",3.4,3.95,"Pasture","Kimmeridgian"
"3767",3.4,4,"Meadow","Sequanian"
"3768",3.4,4.05,"Meadow","Sequanian"
"3769",3.4,4.1,"Meadow","Sequanian"
"3770",3.4,4.15,"Meadow","Quaternary"
"3771",3.4,4.2,"Meadow","Quaternary"
"3772",3.4,4.25,"Meadow","Quaternary"
"3773",3.4,4.3,"Meadow","Quaternary"
"3774",3.4,4.35,"Meadow","Quaternary"
"3775",3.4,4.4,"Meadow","Quaternary"
"3776",3.4,4.45,"Meadow","Quaternary"
"3777",3.4,4.5,"Meadow","Quaternary"
"3778",3.4,4.55,"Meadow","Quaternary"
"3779",3.4,4.6,"Meadow","Quaternary"
"3780",3.4,4.65,"Pasture","Quaternary"
"3781",3.4,4.7,"Pasture","Quaternary"
"3782",3.4,4.75,"Pasture","Quaternary"
"3783",3.4,4.8,"Pasture","Quaternary"
"3784",3.4,4.85,"Pasture","Quaternary"
"3785",3.4,4.9,"Pasture","Argovian"
"3786",3.4,4.95,"Pasture","Argovian"
"3787",3.4,5,"Meadow","Argovian"
"3788",3.4,5.05,"Meadow","Argovian"
"3789",3.4,5.1,"Meadow","Argovian"
"3790",3.4,5.15,"Meadow","Sequanian"
"3791",3.4,5.2,"Meadow","Sequanian"
"3792",3.4,5.25,"Meadow","Sequanian"
"3793",3.4,5.3,"Meadow","Sequanian"
"3794",3.4,5.35,"Meadow","Sequanian"
"3795",3.4,5.4,"Meadow","Quaternary"
"3796",3.4,5.45,"Meadow","Quaternary"
"3797",3.4,5.5,"Meadow","Kimmeridgian"
"3798",3.4,5.55,"Pasture","Kimmeridgian"
"3799",3.4,5.6,"Pasture","Kimmeridgian"
"3800",3.45,0.85,"Pasture","Kimmeridgian"
"3801",3.45,0.9,"Pasture","Kimmeridgian"
"3802",3.45,0.95,"Pasture","Kimmeridgian"
"3803",3.45,1,"Pasture","Kimmeridgian"
"3804",3.45,1.05,"Pasture","Kimmeridgian"
"3805",3.45,1.1,"Pasture","Sequanian"
"3806",3.45,1.15,"Pasture","Sequanian"
"3807",3.45,1.2,"Meadow","Sequanian"
"3808",3.45,1.25,"Meadow","Sequanian"
"3809",3.45,1.3,"Meadow","Sequanian"
"3810",3.45,1.35,"Meadow","Sequanian"
"3811",3.45,1.4,"Meadow","Sequanian"
"3812",3.45,1.45,"Meadow","Sequanian"
"3813",3.45,1.5,"Meadow","Sequanian"
"3814",3.45,1.55,"Meadow","Sequanian"
"3815",3.45,1.6,"Tillage","Sequanian"
"3816",3.45,1.65,"Tillage","Sequanian"
"3817",3.45,1.7,"Meadow","Sequanian"
"3818",3.45,1.75,"Meadow","Sequanian"
"3819",3.45,1.8,"Pasture","Sequanian"
"3820",3.45,1.85,"Pasture","Kimmeridgian"
"3821",3.45,1.9,"Pasture","Kimmeridgian"
"3822",3.45,1.95,"Pasture","Kimmeridgian"
"3823",3.45,2,"Pasture","Kimmeridgian"
"3824",3.45,2.05,"Pasture","Kimmeridgian"
"3825",3.45,2.1,"Meadow","Kimmeridgian"
"3826",3.45,2.15,"Meadow","Quaternary"
"3827",3.45,2.2,"Meadow","Quaternary"
"3828",3.45,2.25,"Pasture","Kimmeridgian"
"3829",3.45,2.3,"Pasture","Kimmeridgian"
"3830",3.45,2.35,"Pasture","Kimmeridgian"
"3831",3.45,2.4,"Forest","Portlandian"
"3832",3.45,2.45,"Forest","Portlandian"
"3833",3.45,2.5,"Forest","Portlandian"
"3834",3.45,2.55,"Meadow","Kimmeridgian"
"3835",3.45,2.6,"Meadow","Kimmeridgian"
"3836",3.45,2.65,"Forest","Kimmeridgian"
"3837",3.45,2.7,"Forest","Kimmeridgian"
"3838",3.45,2.75,"Forest","Kimmeridgian"
"3839",3.45,2.8,"Forest","Sequanian"
"3840",3.45,2.85,"Forest","Sequanian"
"3841",3.45,2.9,"Meadow","Sequanian"
"3842",3.45,2.95,"Meadow","Sequanian"
"3843",3.45,3,"Pasture","Kimmeridgian"
"3844",3.45,3.05,"Pasture","Kimmeridgian"
"3845",3.45,3.1,"Pasture","Quaternary"
"3846",3.45,3.15,"Pasture","Kimmeridgian"
"3847",3.45,3.2,"Pasture","Kimmeridgian"
"3848",3.45,3.25,"Pasture","Kimmeridgian"
"3849",3.45,3.3,"Pasture","Kimmeridgian"
"3850",3.45,3.35,"Pasture","Kimmeridgian"
"3851",3.45,3.4,"Pasture","Kimmeridgian"
"3852",3.45,3.45,"Pasture","Kimmeridgian"
"3853",3.45,3.5,"Pasture","Kimmeridgian"
"3854",3.45,3.55,"Pasture","Kimmeridgian"
"3855",3.45,3.6,"Meadow","Kimmeridgian"
"3856",3.45,3.65,"Meadow","Kimmeridgian"
"3857",3.45,3.7,"Meadow","Kimmeridgian"
"3858",3.45,3.75,"Meadow","Kimmeridgian"
"3859",3.45,3.8,"Meadow","Kimmeridgian"
"3860",3.45,3.85,"Meadow","Kimmeridgian"
"3861",3.45,3.9,"Pasture","Kimmeridgian"
"3862",3.45,3.95,"Pasture","Kimmeridgian"
"3863",3.45,4,"Pasture","Kimmeridgian"
"3864",3.45,4.05,"Meadow","Sequanian"
"3865",3.45,4.1,"Meadow","Sequanian"
"3866",3.45,4.15,"Meadow","Quaternary"
"3867",3.45,4.2,"Meadow","Quaternary"
"3868",3.45,4.25,"Meadow","Quaternary"
"3869",3.45,4.3,"Meadow","Quaternary"
"3870",3.45,4.35,"Meadow","Quaternary"
"3871",3.45,4.4,"Meadow","Quaternary"
"3872",3.45,4.45,"Meadow","Quaternary"
"3873",3.45,4.5,"Meadow","Quaternary"
"3874",3.45,4.55,"Meadow","Quaternary"
"3875",3.45,4.6,"Meadow","Quaternary"
"3876",3.45,4.65,"Pasture","Quaternary"
"3877",3.45,4.7,"Pasture","Quaternary"
"3878",3.45,4.75,"Pasture","Quaternary"
"3879",3.45,4.8,"Meadow","Quaternary"
"3880",3.45,4.85,"Meadow","Quaternary"
"3881",3.45,4.9,"Pasture","Argovian"
"3882",3.45,4.95,"Pasture","Argovian"
"3883",3.45,5,"Forest","Argovian"
"3884",3.45,5.05,"Pasture","Argovian"
"3885",3.45,5.1,"Pasture","Argovian"
"3886",3.45,5.15,"Meadow","Sequanian"
"3887",3.45,5.2,"Meadow","Sequanian"
"3888",3.45,5.25,"Meadow","Sequanian"
"3889",3.45,5.3,"Meadow","Sequanian"
"3890",3.45,5.35,"Meadow","Sequanian"
"3891",3.45,5.4,"Meadow","Quaternary"
"3892",3.45,5.45,"Meadow","Quaternary"
"3893",3.45,5.5,"Pasture","Quaternary"
"3894",3.45,5.55,"Pasture","Kimmeridgian"
"3895",3.45,5.6,"Pasture","Kimmeridgian"
"3896",3.5,0.9,"Pasture","Kimmeridgian"
"3897",3.5,0.95,"Pasture","Kimmeridgian"
"3898",3.5,1,"Pasture","Kimmeridgian"
"3899",3.5,1.05,"Pasture","Kimmeridgian"
"3900",3.5,1.1,"Meadow","Kimmeridgian"
"3901",3.5,1.15,"Meadow","Kimmeridgian"
"3902",3.5,1.2,"Meadow","Sequanian"
"3903",3.5,1.25,"Meadow","Sequanian"
"3904",3.5,1.3,"Meadow","Sequanian"
"3905",3.5,1.35,"Meadow","Sequanian"
"3906",3.5,1.4,"Meadow","Sequanian"
"3907",3.5,1.45,"Meadow","Sequanian"
"3908",3.5,1.5,"Meadow","Sequanian"
"3909",3.5,1.55,"Meadow","Sequanian"
"3910",3.5,1.6,"Tillage","Sequanian"
"3911",3.5,1.65,"Tillage","Sequanian"
"3912",3.5,1.7,"Meadow","Sequanian"
"3913",3.5,1.75,"Meadow","Sequanian"
"3914",3.5,1.8,"Tillage","Sequanian"
"3915",3.5,1.85,"Pasture","Kimmeridgian"
"3916",3.5,1.9,"Pasture","Kimmeridgian"
"3917",3.5,1.95,"Pasture","Kimmeridgian"
"3918",3.5,2,"Pasture","Kimmeridgian"
"3919",3.5,2.05,"Pasture","Kimmeridgian"
"3920",3.5,2.1,"Meadow","Kimmeridgian"
"3921",3.5,2.15,"Meadow","Quaternary"
"3922",3.5,2.2,"Meadow","Quaternary"
"3923",3.5,2.25,"Meadow","Quaternary"
"3924",3.5,2.3,"Pasture","Kimmeridgian"
"3925",3.5,2.35,"Pasture","Kimmeridgian"
"3926",3.5,2.4,"Forest","Portlandian"
"3927",3.5,2.45,"Forest","Portlandian"
"3928",3.5,2.5,"Forest","Portlandian"
"3929",3.5,2.55,"Forest","Portlandian"
"3930",3.5,2.6,"Meadow","Kimmeridgian"
"3931",3.5,2.65,"Forest","Kimmeridgian"
"3932",3.5,2.7,"Forest","Kimmeridgian"
"3933",3.5,2.75,"Forest","Kimmeridgian"
"3934",3.5,2.8,"Forest","Sequanian"
"3935",3.5,2.85,"Forest","Sequanian"
"3936",3.5,2.9,"Forest","Sequanian"
"3937",3.5,2.95,"Forest","Sequanian"
"3938",3.5,3,"Pasture","Kimmeridgian"
"3939",3.5,3.05,"Pasture","Kimmeridgian"
"3940",3.5,3.1,"Pasture","Quaternary"
"3941",3.5,3.15,"Pasture","Kimmeridgian"
"3942",3.5,3.2,"Pasture","Kimmeridgian"
"3943",3.5,3.25,"Pasture","Kimmeridgian"
"3944",3.5,3.3,"Pasture","Kimmeridgian"
"3945",3.5,3.35,"Pasture","Kimmeridgian"
"3946",3.5,3.4,"Pasture","Kimmeridgian"
"3947",3.5,3.45,"Pasture","Kimmeridgian"
"3948",3.5,3.5,"Pasture","Kimmeridgian"
"3949",3.5,3.55,"Pasture","Kimmeridgian"
"3950",3.5,3.6,"Meadow","Kimmeridgian"
"3951",3.5,3.65,"Meadow","Kimmeridgian"
"3952",3.5,3.7,"Meadow","Kimmeridgian"
"3953",3.5,3.75,"Meadow","Kimmeridgian"
"3954",3.5,3.8,"Meadow","Kimmeridgian"
"3955",3.5,3.85,"Meadow","Kimmeridgian"
"3956",3.5,3.9,"Pasture","Kimmeridgian"
"3957",3.5,3.95,"Pasture","Kimmeridgian"
"3958",3.5,4,"Pasture","Kimmeridgian"
"3959",3.5,4.05,"Pasture","Sequanian"
"3960",3.5,4.1,"Pasture","Sequanian"
"3961",3.5,4.15,"Meadow","Sequanian"
"3962",3.5,4.2,"Meadow","Sequanian"
"3963",3.5,4.25,"Meadow","Sequanian"
"3964",3.5,4.3,"Meadow","Quaternary"
"3965",3.5,4.35,"Meadow","Quaternary"
"3966",3.5,4.4,"Meadow","Argovian"
"3967",3.5,4.45,"Meadow","Argovian"
"3968",3.5,4.5,"Meadow","Argovian"
"3969",3.5,4.55,"Meadow","Quaternary"
"3970",3.5,4.6,"Meadow","Quaternary"
"3971",3.5,4.65,"Pasture","Quaternary"
"3972",3.5,4.7,"Pasture","Quaternary"
"3973",3.5,4.75,"Pasture","Quaternary"
"3974",3.5,4.8,"Meadow","Quaternary"
"3975",3.5,4.85,"Meadow","Quaternary"
"3976",3.5,4.9,"Pasture","Argovian"
"3977",3.5,4.95,"Pasture","Argovian"
"3978",3.5,5,"Forest","Argovian"
"3979",3.5,5.05,"Pasture","Argovian"
"3980",3.5,5.1,"Pasture","Argovian"
"3981",3.5,5.15,"Pasture","Argovian"
"3982",3.5,5.2,"Pasture","Argovian"
"3983",3.5,5.25,"Meadow","Sequanian"
"3984",3.5,5.3,"Meadow","Sequanian"
"3985",3.5,5.35,"Meadow","Sequanian"
"3986",3.5,5.4,"Meadow","Quaternary"
"3987",3.5,5.45,"Meadow","Quaternary"
"3988",3.5,5.5,"Pasture","Quaternary"
"3989",3.5,5.55,"Pasture","Kimmeridgian"
"3990",3.5,5.6,"Pasture","Kimmeridgian"
"3991",3.55,0.9,"Meadow","Kimmeridgian"
"3992",3.55,0.95,"Pasture","Kimmeridgian"
"3993",3.55,1,"Pasture","Kimmeridgian"
"3994",3.55,1.05,"Pasture","Kimmeridgian"
"3995",3.55,1.1,"Meadow","Kimmeridgian"
"3996",3.55,1.15,"Meadow","Kimmeridgian"
"3997",3.55,1.2,"Meadow","Kimmeridgian"
"3998",3.55,1.25,"Meadow","Kimmeridgian"
"3999",3.55,1.3,"Meadow","Sequanian"
"4000",3.55,1.35,"Meadow","Sequanian"
"4001",3.55,1.4,"Meadow","Sequanian"
"4002",3.55,1.45,"Meadow","Sequanian"
"4003",3.55,1.5,"Meadow","Sequanian"
"4004",3.55,1.55,"Meadow","Sequanian"
"4005",3.55,1.6,"Tillage","Sequanian"
"4006",3.55,1.65,"Tillage","Sequanian"
"4007",3.55,1.7,"Tillage","Sequanian"
"4008",3.55,1.75,"Tillage","Sequanian"
"4009",3.55,1.8,"Tillage","Quaternary"
"4010",3.55,1.85,"Pasture","Kimmeridgian"
"4011",3.55,1.9,"Pasture","Kimmeridgian"
"4012",3.55,1.95,"Pasture","Kimmeridgian"
"4013",3.55,2,"Pasture","Kimmeridgian"
"4014",3.55,2.05,"Pasture","Kimmeridgian"
"4015",3.55,2.1,"Meadow","Kimmeridgian"
"4016",3.55,2.15,"Meadow","Quaternary"
"4017",3.55,2.2,"Meadow","Quaternary"
"4018",3.55,2.25,"Pasture","Kimmeridgian"
"4019",3.55,2.3,"Pasture","Kimmeridgian"
"4020",3.55,2.35,"Pasture","Kimmeridgian"
"4021",3.55,2.4,"Forest","Kimmeridgian"
"4022",3.55,2.45,"Forest","Kimmeridgian"
"4023",3.55,2.5,"Forest","Portlandian"
"4024",3.55,2.55,"Forest","Kimmeridgian"
"4025",3.55,2.6,"Forest","Kimmeridgian"
"4026",3.55,2.65,"Forest","Kimmeridgian"
"4027",3.55,2.7,"Forest","Kimmeridgian"
"4028",3.55,2.75,"Forest","Kimmeridgian"
"4029",3.55,2.8,"Forest","Sequanian"
"4030",3.55,2.85,"Forest","Sequanian"
"4031",3.55,2.9,"Pasture","Sequanian"
"4032",3.55,2.95,"Pasture","Sequanian"
"4033",3.55,3,"Meadow","Kimmeridgian"
"4034",3.55,3.05,"Meadow","Kimmeridgian"
"4035",3.55,3.1,"Pasture","Quaternary"
"4036",3.55,3.15,"Pasture","Kimmeridgian"
"4037",3.55,3.2,"Pasture","Kimmeridgian"
"4038",3.55,3.25,"Pasture","Kimmeridgian"
"4039",3.55,3.3,"Pasture","Kimmeridgian"
"4040",3.55,3.35,"Pasture","Kimmeridgian"
"4041",3.55,3.4,"Pasture","Kimmeridgian"
"4042",3.55,3.45,"Pasture","Kimmeridgian"
"4043",3.55,3.5,"Pasture","Kimmeridgian"
"4044",3.55,3.55,"Pasture","Kimmeridgian"
"4045",3.55,3.6,"Meadow","Kimmeridgian"
"4046",3.55,3.65,"Meadow","Kimmeridgian"
"4047",3.55,3.7,"Meadow","Kimmeridgian"
"4048",3.55,3.75,"Meadow","Kimmeridgian"
"4049",3.55,3.8,"Meadow","Kimmeridgian"
"4050",3.55,3.85,"Meadow","Kimmeridgian"
"4051",3.55,3.9,"Pasture","Kimmeridgian"
"4052",3.55,3.95,"Pasture","Kimmeridgian"
"4053",3.55,4,"Pasture","Kimmeridgian"
"4054",3.55,4.05,"Pasture","Kimmeridgian"
"4055",3.55,4.1,"Pasture","Kimmeridgian"
"4056",3.55,4.15,"Pasture","Sequanian"
"4057",3.55,4.2,"Pasture","Sequanian"
"4058",3.55,4.25,"Pasture","Sequanian"
"4059",3.55,4.3,"Meadow","Sequanian"
"4060",3.55,4.35,"Meadow","Sequanian"
"4061",3.55,4.4,"Forest","Argovian"
"4062",3.55,4.45,"Forest","Argovian"
"4063",3.55,4.5,"Meadow","Argovian"
"4064",3.55,4.55,"Pasture","Quaternary"
"4065",3.55,4.6,"Pasture","Quaternary"
"4066",3.55,4.65,"Pasture","Quaternary"
"4067",3.55,4.7,"Pasture","Quaternary"
"4068",3.55,4.75,"Pasture","Quaternary"
"4069",3.55,4.8,"Meadow","Quaternary"
"4070",3.55,4.85,"Meadow","Quaternary"
"4071",3.55,4.9,"Forest","Argovian"
"4072",3.55,4.95,"Forest","Argovian"
"4073",3.55,5,"Forest","Argovian"
"4074",3.55,5.05,"Forest","Argovian"
"4075",3.55,5.1,"Forest","Argovian"
"4076",3.55,5.15,"Pasture","Argovian"
"4077",3.55,5.2,"Pasture","Argovian"
"4078",3.55,5.25,"Meadow","Sequanian"
"4079",3.55,5.3,"Meadow","Sequanian"
"4080",3.55,5.35,"Meadow","Sequanian"
"4081",3.55,5.4,"Meadow","Sequanian"
"4082",3.55,5.45,"Meadow","Sequanian"
"4083",3.55,5.5,"Meadow","Kimmeridgian"
"4084",3.55,5.55,"Pasture","Kimmeridgian"
"4085",3.55,5.6,"Pasture","Kimmeridgian"
"4086",3.55,5.65,"Pasture","Kimmeridgian"
"4087",3.6,0.9,"Meadow","Kimmeridgian"
"4088",3.6,0.95,"Meadow","Kimmeridgian"
"4089",3.6,1,"Meadow","Kimmeridgian"
"4090",3.6,1.05,"Meadow","Kimmeridgian"
"4091",3.6,1.1,"Meadow","Kimmeridgian"
"4092",3.6,1.15,"Meadow","Kimmeridgian"
"4093",3.6,1.2,"Meadow","Kimmeridgian"
"4094",3.6,1.25,"Meadow","Kimmeridgian"
"4095",3.6,1.3,"Meadow","Sequanian"
"4096",3.6,1.35,"Meadow","Sequanian"
"4097",3.6,1.4,"Meadow","Sequanian"
"4098",3.6,1.45,"Meadow","Sequanian"
"4099",3.6,1.5,"Meadow","Sequanian"
"4100",3.6,1.55,"Meadow","Sequanian"
"4101",3.6,1.6,"Tillage","Sequanian"
"4102",3.6,1.65,"Tillage","Sequanian"
"4103",3.6,1.7,"Tillage","Sequanian"
"4104",3.6,1.75,"Tillage","Sequanian"
"4105",3.6,1.8,"Tillage","Quaternary"
"4106",3.6,1.85,"Pasture","Kimmeridgian"
"4107",3.6,1.9,"Pasture","Kimmeridgian"
"4108",3.6,1.95,"Pasture","Kimmeridgian"
"4109",3.6,2,"Pasture","Kimmeridgian"
"4110",3.6,2.05,"Pasture","Kimmeridgian"
"4111",3.6,2.1,"Meadow","Kimmeridgian"
"4112",3.6,2.15,"Forest","Kimmeridgian"
"4113",3.6,2.2,"Forest","Kimmeridgian"
"4114",3.6,2.25,"Pasture","Kimmeridgian"
"4115",3.6,2.3,"Pasture","Kimmeridgian"
"4116",3.6,2.35,"Pasture","Kimmeridgian"
"4117",3.6,2.4,"Forest","Kimmeridgian"
"4118",3.6,2.45,"Forest","Kimmeridgian"
"4119",3.6,2.5,"Forest","Kimmeridgian"
"4120",3.6,2.55,"Forest","Kimmeridgian"
"4121",3.6,2.6,"Forest","Kimmeridgian"
"4122",3.6,2.65,"Forest","Kimmeridgian"
"4123",3.6,2.7,"Forest","Kimmeridgian"
"4124",3.6,2.75,"Forest","Kimmeridgian"
"4125",3.6,2.8,"Forest","Kimmeridgian"
"4126",3.6,2.85,"Forest","Kimmeridgian"
"4127",3.6,2.9,"Pasture","Sequanian"
"4128",3.6,2.95,"Pasture","Sequanian"
"4129",3.6,3,"Meadow","Kimmeridgian"
"4130",3.6,3.05,"Meadow","Kimmeridgian"
"4131",3.6,3.1,"Meadow","Quaternary"
"4132",3.6,3.15,"Pasture","Kimmeridgian"
"4133",3.6,3.2,"Pasture","Kimmeridgian"
"4134",3.6,3.25,"Pasture","Kimmeridgian"
"4135",3.6,3.3,"Pasture","Kimmeridgian"
"4136",3.6,3.35,"Pasture","Kimmeridgian"
"4137",3.6,3.4,"Pasture","Kimmeridgian"
"4138",3.6,3.45,"Pasture","Kimmeridgian"
"4139",3.6,3.5,"Pasture","Kimmeridgian"
"4140",3.6,3.55,"Pasture","Kimmeridgian"
"4141",3.6,3.6,"Meadow","Kimmeridgian"
"4142",3.6,3.65,"Meadow","Kimmeridgian"
"4143",3.6,3.7,"Meadow","Kimmeridgian"
"4144",3.6,3.75,"Meadow","Kimmeridgian"
"4145",3.6,3.8,"Meadow","Kimmeridgian"
"4146",3.6,3.85,"Meadow","Kimmeridgian"
"4147",3.6,3.9,"Meadow","Kimmeridgian"
"4148",3.6,3.95,"Meadow","Kimmeridgian"
"4149",3.6,4,"Pasture","Kimmeridgian"
"4150",3.6,4.05,"Pasture","Kimmeridgian"
"4151",3.6,4.1,"Pasture","Kimmeridgian"
"4152",3.6,4.15,"Pasture","Sequanian"
"4153",3.6,4.2,"Pasture","Sequanian"
"4154",3.6,4.25,"Pasture","Sequanian"
"4155",3.6,4.3,"Meadow","Sequanian"
"4156",3.6,4.35,"Meadow","Sequanian"
"4157",3.6,4.4,"Forest","Argovian"
"4158",3.6,4.45,"Forest","Argovian"
"4159",3.6,4.5,"Meadow","Argovian"
"4160",3.6,4.55,"Pasture","Quaternary"
"4161",3.6,4.6,"Pasture","Quaternary"
"4162",3.6,4.65,"Pasture","Quaternary"
"4163",3.6,4.7,"Pasture","Quaternary"
"4164",3.6,4.75,"Pasture","Quaternary"
"4165",3.6,4.8,"Meadow","Quaternary"
"4166",3.6,4.85,"Meadow","Quaternary"
"4167",3.6,4.9,"Forest","Argovian"
"4168",3.6,4.95,"Forest","Argovian"
"4169",3.6,5,"Forest","Argovian"
"4170",3.6,5.05,"Forest","Argovian"
"4171",3.6,5.1,"Forest","Argovian"
"4172",3.6,5.15,"Pasture","Argovian"
"4173",3.6,5.2,"Pasture","Argovian"
"4174",3.6,5.25,"Pasture","Argovian"
"4175",3.6,5.3,"Meadow","Sequanian"
"4176",3.6,5.35,"Meadow","Sequanian"
"4177",3.6,5.4,"Meadow","Sequanian"
"4178",3.6,5.45,"Meadow","Sequanian"
"4179",3.6,5.5,"Meadow","Kimmeridgian"
"4180",3.6,5.55,"Pasture","Kimmeridgian"
"4181",3.6,5.6,"Pasture","Kimmeridgian"
"4182",3.6,5.65,"Pasture","Kimmeridgian"
"4183",3.6,5.7,"Pasture","Kimmeridgian"
"4184",3.65,0.9,"Pasture","Kimmeridgian"
"4185",3.65,0.95,"Meadow","Kimmeridgian"
"4186",3.65,1,"Meadow","Kimmeridgian"
"4187",3.65,1.05,"Meadow","Kimmeridgian"
"4188",3.65,1.1,"Meadow","Kimmeridgian"
"4189",3.65,1.15,"Meadow","Kimmeridgian"
"4190",3.65,1.2,"Meadow","Kimmeridgian"
"4191",3.65,1.25,"Meadow","Kimmeridgian"
"4192",3.65,1.3,"Meadow","Kimmeridgian"
"4193",3.65,1.35,"Meadow","Sequanian"
"4194",3.65,1.4,"Meadow","Sequanian"
"4195",3.65,1.45,"Meadow","Sequanian"
"4196",3.65,1.5,"Meadow","Sequanian"
"4197",3.65,1.55,"Meadow","Sequanian"
"4198",3.65,1.6,"Meadow","Sequanian"
"4199",3.65,1.65,"Meadow","Sequanian"
"4200",3.65,1.7,"Pasture","Sequanian"
"4201",3.65,1.75,"Pasture","Sequanian"
"4202",3.65,1.8,"Pasture","Kimmeridgian"
"4203",3.65,1.85,"Pasture","Quaternary"
"4204",3.65,1.9,"Pasture","Quaternary"
"4205",3.65,1.95,"Pasture","Quaternary"
"4206",3.65,2,"Pasture","Quaternary"
"4207",3.65,2.05,"Pasture","Quaternary"
"4208",3.65,2.1,"Meadow","Kimmeridgian"
"4209",3.65,2.15,"Forest","Kimmeridgian"
"4210",3.65,2.2,"Forest","Kimmeridgian"
"4211",3.65,2.25,"Forest","Kimmeridgian"
"4212",3.65,2.3,"Forest","Quaternary"
"4213",3.65,2.35,"Forest","Quaternary"
"4214",3.65,2.4,"Forest","Kimmeridgian"
"4215",3.65,2.45,"Forest","Kimmeridgian"
"4216",3.65,2.5,"Forest","Kimmeridgian"
"4217",3.65,2.55,"Forest","Kimmeridgian"
"4218",3.65,2.6,"Forest","Kimmeridgian"
"4219",3.65,2.65,"Forest","Kimmeridgian"
"4220",3.65,2.7,"Forest","Kimmeridgian"
"4221",3.65,2.75,"Forest","Kimmeridgian"
"4222",3.65,2.8,"Forest","Kimmeridgian"
"4223",3.65,2.85,"Forest","Kimmeridgian"
"4224",3.65,2.9,"Pasture","Sequanian"
"4225",3.65,2.95,"Pasture","Sequanian"
"4226",3.65,3,"Meadow","Kimmeridgian"
"4227",3.65,3.05,"Meadow","Kimmeridgian"
"4228",3.65,3.1,"Meadow","Quaternary"
"4229",3.65,3.15,"Meadow","Kimmeridgian"
"4230",3.65,3.2,"Meadow","Kimmeridgian"
"4231",3.65,3.25,"Meadow","Kimmeridgian"
"4232",3.65,3.3,"Meadow","Kimmeridgian"
"4233",3.65,3.35,"Meadow","Kimmeridgian"
"4234",3.65,3.4,"Pasture","Kimmeridgian"
"4235",3.65,3.45,"Pasture","Kimmeridgian"
"4236",3.65,3.5,"Meadow","Kimmeridgian"
"4237",3.65,3.55,"Meadow","Kimmeridgian"
"4238",3.65,3.6,"Meadow","Kimmeridgian"
"4239",3.65,3.65,"Meadow","Kimmeridgian"
"4240",3.65,3.7,"Meadow","Kimmeridgian"
"4241",3.65,3.75,"Meadow","Kimmeridgian"
"4242",3.65,3.8,"Meadow","Kimmeridgian"
"4243",3.65,3.85,"Meadow","Kimmeridgian"
"4244",3.65,3.9,"Meadow","Kimmeridgian"
"4245",3.65,3.95,"Meadow","Sequanian"
"4246",3.65,4,"Meadow","Sequanian"
"4247",3.65,4.05,"Meadow","Kimmeridgian"
"4248",3.65,4.1,"Meadow","Kimmeridgian"
"4249",3.65,4.15,"Meadow","Kimmeridgian"
"4250",3.65,4.2,"Meadow","Kimmeridgian"
"4251",3.65,4.25,"Meadow","Kimmeridgian"
"4252",3.65,4.3,"Pasture","Sequanian"
"4253",3.65,4.35,"Pasture","Sequanian"
"4254",3.65,4.4,"Meadow","Sequanian"
"4255",3.65,4.45,"Meadow","Sequanian"
"4256",3.65,4.5,"Meadow","Argovian"
"4257",3.65,4.55,"Meadow","Argovian"
"4258",3.65,4.6,"Meadow","Argovian"
"4259",3.65,4.65,"Meadow","Argovian"
"4260",3.65,4.7,"Meadow","Argovian"
"4261",3.65,4.75,"Meadow","Argovian"
"4262",3.65,4.8,"Meadow","Quaternary"
"4263",3.65,4.85,"Meadow","Quaternary"
"4264",3.65,4.9,"Meadow","Argovian"
"4265",3.65,4.95,"Meadow","Argovian"
"4266",3.65,5,"Meadow","Argovian"
"4267",3.65,5.05,"Forest","Argovian"
"4268",3.65,5.1,"Forest","Argovian"
"4269",3.65,5.15,"Forest","Argovian"
"4270",3.65,5.2,"Forest","Argovian"
"4271",3.65,5.25,"Meadow","Sequanian"
"4272",3.65,5.3,"Meadow","Sequanian"
"4273",3.65,5.35,"Meadow","Sequanian"
"4274",3.65,5.4,"Meadow","Sequanian"
"4275",3.65,5.45,"Meadow","Sequanian"
"4276",3.65,5.5,"Meadow","Sequanian"
"4277",3.65,5.55,"Meadow","Kimmeridgian"
"4278",3.65,5.6,"Meadow","Kimmeridgian"
"4279",3.65,5.65,"Pasture","Kimmeridgian"
"4280",3.65,5.7,"Pasture","Kimmeridgian"
"4281",3.65,5.75,"Pasture","Kimmeridgian"
"4282",3.7,0.9,"Pasture","Kimmeridgian"
"4283",3.7,0.95,"Meadow","Kimmeridgian"
"4284",3.7,1,"Meadow","Kimmeridgian"
"4285",3.7,1.05,"Meadow","Kimmeridgian"
"4286",3.7,1.1,"Meadow","Kimmeridgian"
"4287",3.7,1.15,"Meadow","Kimmeridgian"
"4288",3.7,1.2,"Meadow","Kimmeridgian"
"4289",3.7,1.25,"Meadow","Kimmeridgian"
"4290",3.7,1.3,"Meadow","Kimmeridgian"
"4291",3.7,1.35,"Meadow","Sequanian"
"4292",3.7,1.4,"Meadow","Sequanian"
"4293",3.7,1.45,"Meadow","Sequanian"
"4294",3.7,1.5,"Meadow","Sequanian"
"4295",3.7,1.55,"Meadow","Sequanian"
"4296",3.7,1.6,"Meadow","Sequanian"
"4297",3.7,1.65,"Meadow","Sequanian"
"4298",3.7,1.7,"Pasture","Sequanian"
"4299",3.7,1.75,"Pasture","Sequanian"
"4300",3.7,1.8,"Pasture","Kimmeridgian"
"4301",3.7,1.85,"Pasture","Quaternary"
"4302",3.7,1.9,"Pasture","Quaternary"
"4303",3.7,1.95,"Pasture","Quaternary"
"4304",3.7,2,"Pasture","Quaternary"
"4305",3.7,2.05,"Pasture","Quaternary"
"4306",3.7,2.1,"Meadow","Kimmeridgian"
"4307",3.7,2.15,"Forest","Kimmeridgian"
"4308",3.7,2.2,"Forest","Kimmeridgian"
"4309",3.7,2.25,"Forest","Kimmeridgian"
"4310",3.7,2.3,"Forest","Quaternary"
"4311",3.7,2.35,"Forest","Quaternary"
"4312",3.7,2.4,"Forest","Kimmeridgian"
"4313",3.7,2.45,"Forest","Kimmeridgian"
"4314",3.7,2.5,"Forest","Kimmeridgian"
"4315",3.7,2.55,"Forest","Kimmeridgian"
"4316",3.7,2.6,"Forest","Kimmeridgian"
"4317",3.7,2.65,"Forest","Kimmeridgian"
"4318",3.7,2.7,"Forest","Kimmeridgian"
"4319",3.7,2.75,"Forest","Kimmeridgian"
"4320",3.7,2.8,"Forest","Kimmeridgian"
"4321",3.7,2.85,"Forest","Kimmeridgian"
"4322",3.7,2.9,"Pasture","Sequanian"
"4323",3.7,2.95,"Pasture","Sequanian"
"4324",3.7,3,"Meadow","Kimmeridgian"
"4325",3.7,3.05,"Meadow","Kimmeridgian"
"4326",3.7,3.1,"Meadow","Quaternary"
"4327",3.7,3.15,"Meadow","Kimmeridgian"
"4328",3.7,3.2,"Meadow","Kimmeridgian"
"4329",3.7,3.25,"Meadow","Kimmeridgian"
"4330",3.7,3.3,"Meadow","Kimmeridgian"
"4331",3.7,3.35,"Meadow","Kimmeridgian"
"4332",3.7,3.4,"Pasture","Kimmeridgian"
"4333",3.7,3.45,"Pasture","Kimmeridgian"
"4334",3.7,3.5,"Meadow","Kimmeridgian"
"4335",3.7,3.55,"Meadow","Kimmeridgian"
"4336",3.7,3.6,"Meadow","Kimmeridgian"
"4337",3.7,3.65,"Meadow","Kimmeridgian"
"4338",3.7,3.7,"Meadow","Kimmeridgian"
"4339",3.7,3.75,"Meadow","Kimmeridgian"
"4340",3.7,3.8,"Meadow","Kimmeridgian"
"4341",3.7,3.85,"Meadow","Kimmeridgian"
"4342",3.7,3.9,"Meadow","Kimmeridgian"
"4343",3.7,3.95,"Meadow","Sequanian"
"4344",3.7,4,"Meadow","Sequanian"
"4345",3.7,4.05,"Meadow","Kimmeridgian"
"4346",3.7,4.1,"Meadow","Kimmeridgian"
"4347",3.7,4.15,"Meadow","Kimmeridgian"
"4348",3.7,4.2,"Meadow","Kimmeridgian"
"4349",3.7,4.25,"Meadow","Kimmeridgian"
"4350",3.7,4.3,"Pasture","Sequanian"
"4351",3.7,4.35,"Pasture","Sequanian"
"4352",3.7,4.4,"Meadow","Sequanian"
"4353",3.7,4.45,"Meadow","Sequanian"
"4354",3.7,4.5,"Meadow","Argovian"
"4355",3.7,4.55,"Meadow","Argovian"
"4356",3.7,4.6,"Meadow","Argovian"
"4357",3.7,4.65,"Meadow","Argovian"
"4358",3.7,4.7,"Meadow","Argovian"
"4359",3.7,4.75,"Meadow","Argovian"
"4360",3.7,4.8,"Meadow","Quaternary"
"4361",3.7,4.85,"Meadow","Quaternary"
"4362",3.7,4.9,"Meadow","Argovian"
"4363",3.7,4.95,"Meadow","Argovian"
"4364",3.7,5,"Meadow","Argovian"
"4365",3.7,5.05,"Forest","Argovian"
"4366",3.7,5.1,"Forest","Argovian"
"4367",3.7,5.15,"Forest","Argovian"
"4368",3.7,5.2,"Forest","Argovian"
"4369",3.7,5.25,"Meadow","Sequanian"
"4370",3.7,5.3,"Meadow","Sequanian"
"4371",3.7,5.35,"Meadow","Sequanian"
"4372",3.7,5.4,"Meadow","Sequanian"
"4373",3.7,5.45,"Meadow","Sequanian"
"4374",3.7,5.5,"Meadow","Sequanian"
"4375",3.7,5.55,"Meadow","Kimmeridgian"
"4376",3.7,5.6,"Meadow","Kimmeridgian"
"4377",3.7,5.65,"Pasture","Kimmeridgian"
"4378",3.7,5.7,"Pasture","Kimmeridgian"
"4379",3.7,5.75,"Pasture","Kimmeridgian"
"4380",3.7,5.8,"Pasture","Kimmeridgian"
"4381",3.75,0.9,"Pasture","Kimmeridgian"
"4382",3.75,0.95,"Pasture","Kimmeridgian"
"4383",3.75,1,"Pasture","Kimmeridgian"
"4384",3.75,1.05,"Pasture","Kimmeridgian"
"4385",3.75,1.1,"Pasture","Portlandian"
"4386",3.75,1.15,"Pasture","Portlandian"
"4387",3.75,1.2,"Meadow","Kimmeridgian"
"4388",3.75,1.25,"Meadow","Kimmeridgian"
"4389",3.75,1.3,"Meadow","Kimmeridgian"
"4390",3.75,1.35,"Meadow","Kimmeridgian"
"4391",3.75,1.4,"Meadow","Kimmeridgian"
"4392",3.75,1.45,"Meadow","Sequanian"
"4393",3.75,1.5,"Meadow","Sequanian"
"4394",3.75,1.55,"Meadow","Sequanian"
"4395",3.75,1.6,"Meadow","Sequanian"
"4396",3.75,1.65,"Meadow","Sequanian"
"4397",3.75,1.7,"Pasture","Sequanian"
"4398",3.75,1.75,"Pasture","Sequanian"
"4399",3.75,1.8,"Pasture","Kimmeridgian"
"4400",3.75,1.85,"Pasture","Quaternary"
"4401",3.75,1.9,"Pasture","Quaternary"
"4402",3.75,1.95,"Pasture","Quaternary"
"4403",3.75,2,"Pasture","Quaternary"
"4404",3.75,2.05,"Pasture","Quaternary"
"4405",3.75,2.1,"Meadow","Kimmeridgian"
"4406",3.75,2.15,"Forest","Kimmeridgian"
"4407",3.75,2.2,"Forest","Kimmeridgian"
"4408",3.75,2.25,"Forest","Kimmeridgian"
"4409",3.75,2.3,"Forest","Kimmeridgian"
"4410",3.75,2.35,"Forest","Kimmeridgian"
"4411",3.75,2.4,"Forest","Kimmeridgian"
"4412",3.75,2.45,"Forest","Kimmeridgian"
"4413",3.75,2.5,"Forest","Kimmeridgian"
"4414",3.75,2.55,"Forest","Kimmeridgian"
"4415",3.75,2.6,"Forest","Kimmeridgian"
"4416",3.75,2.65,"Forest","Kimmeridgian"
"4417",3.75,2.7,"Forest","Kimmeridgian"
"4418",3.75,2.75,"Forest","Kimmeridgian"
"4419",3.75,2.8,"Forest","Kimmeridgian"
"4420",3.75,2.85,"Forest","Kimmeridgian"
"4421",3.75,2.9,"Pasture","Sequanian"
"4422",3.75,2.95,"Pasture","Sequanian"
"4423",3.75,3,"Meadow","Quaternary"
"4424",3.75,3.05,"Meadow","Quaternary"
"4425",3.75,3.1,"Meadow","Quaternary"
"4426",3.75,3.15,"Meadow","Kimmeridgian"
"4427",3.75,3.2,"Meadow","Kimmeridgian"
"4428",3.75,3.25,"Meadow","Kimmeridgian"
"4429",3.75,3.3,"Meadow","Kimmeridgian"
"4430",3.75,3.35,"Meadow","Kimmeridgian"
"4431",3.75,3.4,"Meadow","Kimmeridgian"
"4432",3.75,3.45,"Meadow","Kimmeridgian"
"4433",3.75,3.5,"Meadow","Kimmeridgian"
"4434",3.75,3.55,"Meadow","Kimmeridgian"
"4435",3.75,3.6,"Meadow","Kimmeridgian"
"4436",3.75,3.65,"Forest","Kimmeridgian"
"4437",3.75,3.7,"Forest","Kimmeridgian"
"4438",3.75,3.75,"Meadow","Kimmeridgian"
"4439",3.75,3.8,"Meadow","Kimmeridgian"
"4440",3.75,3.85,"Meadow","Kimmeridgian"
"4441",3.75,3.9,"Meadow","Kimmeridgian"
"4442",3.75,3.95,"Meadow","Sequanian"
"4443",3.75,4,"Meadow","Sequanian"
"4444",3.75,4.05,"Meadow","Sequanian"
"4445",3.75,4.1,"Meadow","Sequanian"
"4446",3.75,4.15,"Meadow","Kimmeridgian"
"4447",3.75,4.2,"Meadow","Kimmeridgian"
"4448",3.75,4.25,"Meadow","Sequanian"
"4449",3.75,4.3,"Meadow","Sequanian"
"4450",3.75,4.35,"Meadow","Sequanian"
"4451",3.75,4.4,"Meadow","Sequanian"
"4452",3.75,4.45,"Meadow","Sequanian"
"4453",3.75,4.5,"Meadow","Argovian"
"4454",3.75,4.55,"Meadow","Argovian"
"4455",3.75,4.6,"Meadow","Argovian"
"4456",3.75,4.65,"Meadow","Argovian"
"4457",3.75,4.7,"Meadow","Argovian"
"4458",3.75,4.75,"Meadow","Argovian"
"4459",3.75,4.8,"Meadow","Quaternary"
"4460",3.75,4.85,"Meadow","Quaternary"
"4461",3.75,4.9,"Meadow","Quaternary"
"4462",3.75,4.95,"Meadow","Quaternary"
"4463",3.75,5,"Meadow","Quaternary"
"4464",3.75,5.05,"Forest","Argovian"
"4465",3.75,5.1,"Forest","Argovian"
"4466",3.75,5.15,"Meadow","Argovian"
"4467",3.75,5.2,"Meadow","Argovian"
"4468",3.75,5.25,"Meadow","Sequanian"
"4469",3.75,5.3,"Meadow","Sequanian"
"4470",3.75,5.35,"Meadow","Sequanian"
"4471",3.75,5.4,"Meadow","Sequanian"
"4472",3.75,5.45,"Meadow","Sequanian"
"4473",3.75,5.5,"Meadow","Kimmeridgian"
"4474",3.75,5.55,"Meadow","Kimmeridgian"
"4475",3.75,5.6,"Meadow","Kimmeridgian"
"4476",3.75,5.65,"Pasture","Kimmeridgian"
"4477",3.75,5.7,"Pasture","Kimmeridgian"
"4478",3.75,5.75,"Pasture","Kimmeridgian"
"4479",3.75,5.8,"Pasture","Kimmeridgian"
"4480",3.75,5.85,"Pasture","Kimmeridgian"
"4481",3.8,0.7,"Pasture","Sequanian"
"4482",3.8,0.75,"Pasture","Sequanian"
"4483",3.8,0.8,"Pasture","Sequanian"
"4484",3.8,0.85,"Pasture","Kimmeridgian"
"4485",3.8,0.9,"Pasture","Kimmeridgian"
"4486",3.8,0.95,"Pasture","Kimmeridgian"
"4487",3.8,1,"Pasture","Kimmeridgian"
"4488",3.8,1.05,"Pasture","Kimmeridgian"
"4489",3.8,1.1,"Pasture","Portlandian"
"4490",3.8,1.15,"Pasture","Portlandian"
"4491",3.8,1.2,"Meadow","Kimmeridgian"
"4492",3.8,1.25,"Meadow","Kimmeridgian"
"4493",3.8,1.3,"Meadow","Kimmeridgian"
"4494",3.8,1.35,"Meadow","Kimmeridgian"
"4495",3.8,1.4,"Meadow","Kimmeridgian"
"4496",3.8,1.45,"Meadow","Kimmeridgian"
"4497",3.8,1.5,"Meadow","Kimmeridgian"
"4498",3.8,1.55,"Meadow","Kimmeridgian"
"4499",3.8,1.6,"Meadow","Kimmeridgian"
"4500",3.8,1.65,"Meadow","Kimmeridgian"
"4501",3.8,1.7,"Meadow","Kimmeridgian"
"4502",3.8,1.75,"Meadow","Kimmeridgian"
"4503",3.8,1.8,"Pasture","Kimmeridgian"
"4504",3.8,1.85,"Meadow","Kimmeridgian"
"4505",3.8,1.9,"Meadow","Kimmeridgian"
"4506",3.8,1.95,"Pasture","Quaternary"
"4507",3.8,2,"Pasture","Quaternary"
"4508",3.8,2.05,"Pasture","Quaternary"
"4509",3.8,2.1,"Meadow","Kimmeridgian"
"4510",3.8,2.15,"Meadow","Kimmeridgian"
"4511",3.8,2.2,"Meadow","Kimmeridgian"
"4512",3.8,2.25,"Meadow","Kimmeridgian"
"4513",3.8,2.3,"Forest","Kimmeridgian"
"4514",3.8,2.35,"Forest","Kimmeridgian"
"4515",3.8,2.4,"Forest","Kimmeridgian"
"4516",3.8,2.45,"Forest","Kimmeridgian"
"4517",3.8,2.5,"Forest","Kimmeridgian"
"4518",3.8,2.55,"Forest","Kimmeridgian"
"4519",3.8,2.6,"Forest","Kimmeridgian"
"4520",3.8,2.65,"Forest","Kimmeridgian"
"4521",3.8,2.7,"Forest","Kimmeridgian"
"4522",3.8,2.75,"Forest","Kimmeridgian"
"4523",3.8,2.8,"Forest","Kimmeridgian"
"4524",3.8,2.85,"Forest","Kimmeridgian"
"4525",3.8,2.9,"Meadow","Sequanian"
"4526",3.8,2.95,"Meadow","Sequanian"
"4527",3.8,3,"Meadow","Quaternary"
"4528",3.8,3.05,"Meadow","Quaternary"
"4529",3.8,3.1,"Meadow","Quaternary"
"4530",3.8,3.15,"Meadow","Quaternary"
"4531",3.8,3.2,"Meadow","Quaternary"
"4532",3.8,3.25,"Meadow","Quaternary"
"4533",3.8,3.3,"Meadow","Kimmeridgian"
"4534",3.8,3.35,"Meadow","Kimmeridgian"
"4535",3.8,3.4,"Meadow","Kimmeridgian"
"4536",3.8,3.45,"Meadow","Kimmeridgian"
"4537",3.8,3.5,"Meadow","Kimmeridgian"
"4538",3.8,3.55,"Meadow","Kimmeridgian"
"4539",3.8,3.6,"Meadow","Kimmeridgian"
"4540",3.8,3.65,"Forest","Kimmeridgian"
"4541",3.8,3.7,"Forest","Kimmeridgian"
"4542",3.8,3.75,"Forest","Kimmeridgian"
"4543",3.8,3.8,"Meadow","Quaternary"
"4544",3.8,3.85,"Meadow","Quaternary"
"4545",3.8,3.9,"Meadow","Quaternary"
"4546",3.8,3.95,"Meadow","Quaternary"
"4547",3.8,4,"Meadow","Sequanian"
"4548",3.8,4.05,"Meadow","Sequanian"
"4549",3.8,4.1,"Meadow","Sequanian"
"4550",3.8,4.15,"Meadow","Kimmeridgian"
"4551",3.8,4.2,"Meadow","Kimmeridgian"
"4552",3.8,4.25,"Meadow","Sequanian"
"4553",3.8,4.3,"Meadow","Sequanian"
"4554",3.8,4.35,"Meadow","Sequanian"
"4555",3.8,4.4,"Meadow","Sequanian"
"4556",3.8,4.45,"Meadow","Sequanian"
"4557",3.8,4.5,"Meadow","Argovian"
"4558",3.8,4.55,"Meadow","Argovian"
"4559",3.8,4.6,"Meadow","Argovian"
"4560",3.8,4.65,"Meadow","Argovian"
"4561",3.8,4.7,"Meadow","Argovian"
"4562",3.8,4.75,"Meadow","Argovian"
"4563",3.8,4.8,"Meadow","Argovian"
"4564",3.8,4.85,"Meadow","Argovian"
"4565",3.8,4.9,"Meadow","Quaternary"
"4566",3.8,4.95,"Meadow","Quaternary"
"4567",3.8,5,"Meadow","Quaternary"
"4568",3.8,5.05,"Forest","Argovian"
"4569",3.8,5.1,"Forest","Argovian"
"4570",3.8,5.15,"Meadow","Argovian"
"4571",3.8,5.2,"Meadow","Argovian"
"4572",3.8,5.25,"Meadow","Argovian"
"4573",3.8,5.3,"Meadow","Argovian"
"4574",3.8,5.35,"Meadow","Argovian"
"4575",3.8,5.4,"Meadow","Sequanian"
"4576",3.8,5.45,"Meadow","Sequanian"
"4577",3.8,5.5,"Meadow","Kimmeridgian"
"4578",3.8,5.55,"Meadow","Kimmeridgian"
"4579",3.8,5.6,"Meadow","Kimmeridgian"
"4580",3.8,5.65,"Pasture","Kimmeridgian"
"4581",3.8,5.7,"Pasture","Kimmeridgian"
"4582",3.8,5.75,"Pasture","Kimmeridgian"
"4583",3.8,5.8,"Pasture","Kimmeridgian"
"4584",3.8,5.85,"Pasture","Kimmeridgian"
"4585",3.8,5.9,"Pasture","Kimmeridgian"
"4586",3.85,0.7,"Pasture","Sequanian"
"4587",3.85,0.75,"Pasture","Sequanian"
"4588",3.85,0.8,"Pasture","Sequanian"
"4589",3.85,0.85,"Pasture","Kimmeridgian"
"4590",3.85,0.9,"Pasture","Kimmeridgian"
"4591",3.85,0.95,"Pasture","Kimmeridgian"
"4592",3.85,1,"Pasture","Kimmeridgian"
"4593",3.85,1.05,"Pasture","Kimmeridgian"
"4594",3.85,1.1,"Pasture","Portlandian"
"4595",3.85,1.15,"Pasture","Portlandian"
"4596",3.85,1.2,"Meadow","Kimmeridgian"
"4597",3.85,1.25,"Meadow","Kimmeridgian"
"4598",3.85,1.3,"Meadow","Kimmeridgian"
"4599",3.85,1.35,"Meadow","Kimmeridgian"
"4600",3.85,1.4,"Meadow","Kimmeridgian"
"4601",3.85,1.45,"Meadow","Kimmeridgian"
"4602",3.85,1.5,"Meadow","Kimmeridgian"
"4603",3.85,1.55,"Meadow","Kimmeridgian"
"4604",3.85,1.6,"Meadow","Kimmeridgian"
"4605",3.85,1.65,"Meadow","Kimmeridgian"
"4606",3.85,1.7,"Meadow","Kimmeridgian"
"4607",3.85,1.75,"Meadow","Kimmeridgian"
"4608",3.85,1.8,"Pasture","Kimmeridgian"
"4609",3.85,1.85,"Meadow","Kimmeridgian"
"4610",3.85,1.9,"Meadow","Kimmeridgian"
"4611",3.85,1.95,"Pasture","Quaternary"
"4612",3.85,2,"Pasture","Quaternary"
"4613",3.85,2.05,"Pasture","Quaternary"
"4614",3.85,2.1,"Meadow","Kimmeridgian"
"4615",3.85,2.15,"Meadow","Kimmeridgian"
"4616",3.85,2.2,"Meadow","Kimmeridgian"
"4617",3.85,2.25,"Meadow","Kimmeridgian"
"4618",3.85,2.3,"Forest","Kimmeridgian"
"4619",3.85,2.35,"Forest","Kimmeridgian"
"4620",3.85,2.4,"Forest","Kimmeridgian"
"4621",3.85,2.45,"Forest","Kimmeridgian"
"4622",3.85,2.5,"Forest","Kimmeridgian"
"4623",3.85,2.55,"Forest","Kimmeridgian"
"4624",3.85,2.6,"Forest","Kimmeridgian"
"4625",3.85,2.65,"Forest","Kimmeridgian"
"4626",3.85,2.7,"Forest","Kimmeridgian"
"4627",3.85,2.75,"Forest","Kimmeridgian"
"4628",3.85,2.8,"Forest","Kimmeridgian"
"4629",3.85,2.85,"Forest","Kimmeridgian"
"4630",3.85,2.9,"Meadow","Sequanian"
"4631",3.85,2.95,"Meadow","Sequanian"
"4632",3.85,3,"Meadow","Quaternary"
"4633",3.85,3.05,"Meadow","Quaternary"
"4634",3.85,3.1,"Meadow","Quaternary"
"4635",3.85,3.15,"Meadow","Quaternary"
"4636",3.85,3.2,"Meadow","Quaternary"
"4637",3.85,3.25,"Meadow","Quaternary"
"4638",3.85,3.3,"Meadow","Kimmeridgian"
"4639",3.85,3.35,"Meadow","Kimmeridgian"
"4640",3.85,3.4,"Meadow","Kimmeridgian"
"4641",3.85,3.45,"Meadow","Kimmeridgian"
"4642",3.85,3.5,"Meadow","Kimmeridgian"
"4643",3.85,3.55,"Meadow","Kimmeridgian"
"4644",3.85,3.6,"Meadow","Kimmeridgian"
"4645",3.85,3.65,"Forest","Kimmeridgian"
"4646",3.85,3.7,"Forest","Kimmeridgian"
"4647",3.85,3.75,"Forest","Kimmeridgian"
"4648",3.85,3.8,"Meadow","Quaternary"
"4649",3.85,3.85,"Meadow","Quaternary"
"4650",3.85,3.9,"Meadow","Quaternary"
"4651",3.85,3.95,"Meadow","Quaternary"
"4652",3.85,4,"Meadow","Sequanian"
"4653",3.85,4.05,"Meadow","Sequanian"
"4654",3.85,4.1,"Meadow","Sequanian"
"4655",3.85,4.15,"Meadow","Kimmeridgian"
"4656",3.85,4.2,"Meadow","Kimmeridgian"
"4657",3.85,4.25,"Meadow","Sequanian"
"4658",3.85,4.3,"Meadow","Sequanian"
"4659",3.85,4.35,"Meadow","Sequanian"
"4660",3.85,4.4,"Meadow","Sequanian"
"4661",3.85,4.45,"Meadow","Sequanian"
"4662",3.85,4.5,"Meadow","Argovian"
"4663",3.85,4.55,"Meadow","Argovian"
"4664",3.85,4.6,"Meadow","Argovian"
"4665",3.85,4.65,"Meadow","Argovian"
"4666",3.85,4.7,"Meadow","Argovian"
"4667",3.85,4.75,"Meadow","Argovian"
"4668",3.85,4.8,"Meadow","Argovian"
"4669",3.85,4.85,"Meadow","Argovian"
"4670",3.85,4.9,"Meadow","Quaternary"
"4671",3.85,4.95,"Meadow","Quaternary"
"4672",3.85,5,"Meadow","Quaternary"
"4673",3.85,5.05,"Forest","Argovian"
"4674",3.85,5.1,"Forest","Argovian"
"4675",3.85,5.15,"Meadow","Argovian"
"4676",3.85,5.2,"Meadow","Argovian"
"4677",3.85,5.25,"Meadow","Argovian"
"4678",3.85,5.3,"Meadow","Argovian"
"4679",3.85,5.35,"Meadow","Argovian"
"4680",3.85,5.4,"Meadow","Sequanian"
"4681",3.85,5.65,"Pasture","Kimmeridgian"
"4682",3.85,5.7,"Pasture","Kimmeridgian"
"4683",3.85,5.75,"Pasture","Kimmeridgian"
"4684",3.85,5.8,"Pasture","Kimmeridgian"
"4685",3.9,0.7,"Meadow","Sequanian"
"4686",3.9,0.75,"Meadow","Sequanian"
"4687",3.9,0.8,"Pasture","Sequanian"
"4688",3.9,0.85,"Pasture","Sequanian"
"4689",3.9,0.9,"Pasture","Sequanian"
"4690",3.9,0.95,"Pasture","Sequanian"
"4691",3.9,1,"Pasture","Kimmeridgian"
"4692",3.9,1.05,"Pasture","Kimmeridgian"
"4693",3.9,1.1,"Pasture","Portlandian"
"4694",3.9,1.15,"Pasture","Portlandian"
"4695",3.9,1.2,"Pasture","Kimmeridgian"
"4696",3.9,1.25,"Pasture","Kimmeridgian"
"4697",3.9,1.3,"Meadow","Kimmeridgian"
"4698",3.9,1.35,"Meadow","Kimmeridgian"
"4699",3.9,1.4,"Meadow","Kimmeridgian"
"4700",3.9,1.45,"Meadow","Kimmeridgian"
"4701",3.9,1.5,"Meadow","Kimmeridgian"
"4702",3.9,1.55,"Meadow","Kimmeridgian"
"4703",3.9,1.6,"Meadow","Kimmeridgian"
"4704",3.9,1.65,"Meadow","Kimmeridgian"
"4705",3.9,1.7,"Meadow","Kimmeridgian"
"4706",3.9,1.75,"Meadow","Kimmeridgian"
"4707",3.9,1.8,"Pasture","Kimmeridgian"
"4708",3.9,1.85,"Meadow","Kimmeridgian"
"4709",3.9,1.9,"Meadow","Kimmeridgian"
"4710",3.9,1.95,"Meadow","Kimmeridgian"
"4711",3.9,2,"Meadow","Kimmeridgian"
"4712",3.9,2.05,"Pasture","Kimmeridgian"
"4713",3.9,2.1,"Pasture","Kimmeridgian"
"4714",3.9,2.15,"Forest","Kimmeridgian"
"4715",3.9,2.2,"Forest","Kimmeridgian"
"4716",3.9,2.25,"Forest","Kimmeridgian"
"4717",3.9,2.3,"Forest","Kimmeridgian"
"4718",3.9,2.35,"Forest","Kimmeridgian"
"4719",3.9,2.4,"Forest","Portlandian"
"4720",3.9,2.45,"Forest","Portlandian"
"4721",3.9,2.5,"Forest","Kimmeridgian"
"4722",3.9,2.55,"Forest","Kimmeridgian"
"4723",3.9,2.6,"Forest","Kimmeridgian"
"4724",3.9,2.65,"Forest","Kimmeridgian"
"4725",3.9,2.7,"Forest","Kimmeridgian"
"4726",3.9,2.75,"Forest","Kimmeridgian"
"4727",3.9,2.8,"Forest","Kimmeridgian"
"4728",3.9,2.85,"Forest","Kimmeridgian"
"4729",3.9,2.9,"Forest","Sequanian"
"4730",3.9,2.95,"Forest","Sequanian"
"4731",3.9,3,"Meadow","Kimmeridgian"
"4732",3.9,3.05,"Meadow","Kimmeridgian"
"4733",3.9,3.1,"Meadow","Quaternary"
"4734",3.9,3.15,"Meadow","Quaternary"
"4735",3.9,3.2,"Meadow","Quaternary"
"4736",3.9,3.25,"Meadow","Quaternary"
"4737",3.9,3.3,"Pasture","Kimmeridgian"
"4738",3.9,3.35,"Pasture","Kimmeridgian"
"4739",3.9,3.4,"Meadow","Kimmeridgian"
"4740",3.9,3.45,"Meadow","Kimmeridgian"
"4741",3.9,3.5,"Meadow","Kimmeridgian"
"4742",3.9,3.55,"Meadow","Kimmeridgian"
"4743",3.9,3.6,"Forest","Kimmeridgian"
"4744",3.9,3.65,"Forest","Kimmeridgian"
"4745",3.9,3.7,"Forest","Kimmeridgian"
"4746",3.9,3.75,"Forest","Kimmeridgian"
"4747",3.9,3.8,"Meadow","Quaternary"
"4748",3.9,3.85,"Meadow","Quaternary"
"4749",3.9,3.9,"Meadow","Quaternary"
"4750",3.9,3.95,"Meadow","Sequanian"
"4751",3.9,4,"Meadow","Sequanian"
"4752",3.9,4.05,"Meadow","Sequanian"
"4753",3.9,4.1,"Meadow","Sequanian"
"4754",3.9,4.15,"Meadow","Sequanian"
"4755",3.9,4.2,"Meadow","Sequanian"
"4756",3.9,4.25,"Meadow","Sequanian"
"4757",3.9,4.3,"Meadow","Sequanian"
"4758",3.9,4.35,"Meadow","Sequanian"
"4759",3.9,4.4,"Meadow","Sequanian"
"4760",3.9,4.45,"Meadow","Sequanian"
"4761",3.9,4.5,"Meadow","Argovian"
"4762",3.9,4.55,"Pasture","Argovian"
"4763",3.9,4.6,"Pasture","Argovian"
"4764",3.9,4.65,"Meadow","Argovian"
"4765",3.9,4.7,"Meadow","Argovian"
"4766",3.9,4.75,"Meadow","Argovian"
"4767",3.9,4.8,"Meadow","Quaternary"
"4768",3.9,4.85,"Meadow","Quaternary"
"4769",3.9,4.9,"Meadow","Quaternary"
"4770",3.9,4.95,"Meadow","Quaternary"
"4771",3.9,5,"Forest","Quaternary"
"4772",3.9,5.05,"Forest","Argovian"
"4773",3.9,5.1,"Forest","Argovian"
"4774",3.9,5.15,"Meadow","Argovian"
"4775",3.9,5.2,"Meadow","Argovian"
"4776",3.9,5.25,"Meadow","Argovian"
"4777",3.9,5.3,"Meadow","Argovian"
"4778",3.9,5.35,"Meadow","Argovian"
"4779",3.9,5.4,"Meadow","Sequanian"
"4780",3.9,5.7,"Meadow","Kimmeridgian"
"4781",3.9,5.75,"Meadow","Kimmeridgian"
"4782",3.9,5.8,"Pasture","Kimmeridgian"
"4783",3.95,0.7,"Meadow","Sequanian"
"4784",3.95,0.75,"Meadow","Sequanian"
"4785",3.95,0.8,"Pasture","Sequanian"
"4786",3.95,0.85,"Pasture","Sequanian"
"4787",3.95,0.9,"Pasture","Sequanian"
"4788",3.95,0.95,"Pasture","Sequanian"
"4789",3.95,1,"Pasture","Kimmeridgian"
"4790",3.95,1.05,"Pasture","Kimmeridgian"
"4791",3.95,1.1,"Pasture","Portlandian"
"4792",3.95,1.15,"Pasture","Portlandian"
"4793",3.95,1.2,"Pasture","Kimmeridgian"
"4794",3.95,1.25,"Pasture","Kimmeridgian"
"4795",3.95,1.3,"Pasture","Kimmeridgian"
"4796",3.95,1.35,"Meadow","Kimmeridgian"
"4797",3.95,1.4,"Meadow","Kimmeridgian"
"4798",3.95,1.45,"Meadow","Kimmeridgian"
"4799",3.95,1.5,"Meadow","Kimmeridgian"
"4800",3.95,1.55,"Meadow","Kimmeridgian"
"4801",3.95,1.6,"Meadow","Kimmeridgian"
"4802",3.95,1.65,"Meadow","Kimmeridgian"
"4803",3.95,1.7,"Meadow","Kimmeridgian"
"4804",3.95,1.75,"Meadow","Kimmeridgian"
"4805",3.95,1.8,"Pasture","Kimmeridgian"
"4806",3.95,1.85,"Meadow","Kimmeridgian"
"4807",3.95,1.9,"Meadow","Kimmeridgian"
"4808",3.95,1.95,"Meadow","Kimmeridgian"
"4809",3.95,2,"Meadow","Kimmeridgian"
"4810",3.95,2.05,"Pasture","Kimmeridgian"
"4811",3.95,2.1,"Pasture","Kimmeridgian"
"4812",3.95,2.15,"Pasture","Portlandian"
"4813",3.95,2.2,"Pasture","Portlandian"
"4814",3.95,2.25,"Forest","Kimmeridgian"
"4815",3.95,2.3,"Forest","Kimmeridgian"
"4816",3.95,2.35,"Forest","Kimmeridgian"
"4817",3.95,2.4,"Forest","Portlandian"
"4818",3.95,2.45,"Forest","Portlandian"
"4819",3.95,2.5,"Forest","Kimmeridgian"
"4820",3.95,2.55,"Forest","Kimmeridgian"
"4821",3.95,2.6,"Forest","Kimmeridgian"
"4822",3.95,2.65,"Forest","Kimmeridgian"
"4823",3.95,2.7,"Forest","Kimmeridgian"
"4824",3.95,2.75,"Forest","Kimmeridgian"
"4825",3.95,2.8,"Forest","Kimmeridgian"
"4826",3.95,2.85,"Forest","Kimmeridgian"
"4827",3.95,2.9,"Forest","Sequanian"
"4828",3.95,2.95,"Forest","Sequanian"
"4829",3.95,3,"Meadow","Kimmeridgian"
"4830",3.95,3.05,"Meadow","Kimmeridgian"
"4831",3.95,3.1,"Meadow","Quaternary"
"4832",3.95,3.15,"Meadow","Kimmeridgian"
"4833",3.95,3.2,"Meadow","Kimmeridgian"
"4834",3.95,3.25,"Meadow","Kimmeridgian"
"4835",3.95,3.3,"Meadow","Kimmeridgian"
"4836",3.95,3.35,"Meadow","Kimmeridgian"
"4837",3.95,3.4,"Meadow","Kimmeridgian"
"4838",3.95,3.45,"Meadow","Kimmeridgian"
"4839",3.95,3.5,"Meadow","Kimmeridgian"
"4840",3.95,3.55,"Meadow","Kimmeridgian"
"4841",3.95,3.6,"Meadow","Kimmeridgian"
"4842",3.95,3.65,"Meadow","Kimmeridgian"
"4843",3.95,3.7,"Meadow","Kimmeridgian"
"4844",3.95,3.75,"Meadow","Kimmeridgian"
"4845",3.95,3.8,"Meadow","Quaternary"
"4846",3.95,3.85,"Meadow","Quaternary"
"4847",3.95,3.9,"Meadow","Quaternary"
"4848",3.95,3.95,"Meadow","Sequanian"
"4849",3.95,4,"Meadow","Sequanian"
"4850",3.95,4.05,"Meadow","Sequanian"
"4851",3.95,4.1,"Meadow","Sequanian"
"4852",3.95,4.15,"Meadow","Sequanian"
"4853",3.95,4.2,"Meadow","Sequanian"
"4854",3.95,4.25,"Meadow","Sequanian"
"4855",3.95,4.3,"Meadow","Sequanian"
"4856",3.95,4.35,"Meadow","Sequanian"
"4857",3.95,4.4,"Meadow","Sequanian"
"4858",3.95,4.45,"Meadow","Sequanian"
"4859",3.95,4.5,"Meadow","Sequanian"
"4860",3.95,4.55,"Meadow","Argovian"
"4861",3.95,4.6,"Meadow","Argovian"
"4862",3.95,4.65,"Meadow","Argovian"
"4863",3.95,4.7,"Meadow","Argovian"
"4864",3.95,4.75,"Meadow","Argovian"
"4865",3.95,4.8,"Meadow","Quaternary"
"4866",3.95,4.85,"Meadow","Quaternary"
"4867",3.95,4.9,"Forest","Quaternary"
"4868",3.95,4.95,"Forest","Quaternary"
"4869",3.95,5,"Forest","Quaternary"
"4870",3.95,5.05,"Meadow","Quaternary"
"4871",3.95,5.1,"Meadow","Quaternary"
"4872",3.95,5.15,"Meadow","Argovian"
"4873",3.95,5.2,"Meadow","Argovian"
"4874",4,0.7,"Meadow","Sequanian"
"4875",4,0.75,"Pasture","Sequanian"
"4876",4,0.8,"Pasture","Sequanian"
"4877",4,0.85,"Pasture","Sequanian"
"4878",4,0.9,"Pasture","Sequanian"
"4879",4,0.95,"Pasture","Sequanian"
"4880",4,1,"Pasture","Kimmeridgian"
"4881",4,1.05,"Pasture","Kimmeridgian"
"4882",4,1.1,"Pasture","Portlandian"
"4883",4,1.15,"Pasture","Portlandian"
"4884",4,1.2,"Pasture","Portlandian"
"4885",4,1.25,"Pasture","Kimmeridgian"
"4886",4,1.3,"Pasture","Kimmeridgian"
"4887",4,1.35,"Pasture","Kimmeridgian"
"4888",4,1.4,"Pasture","Kimmeridgian"
"4889",4,1.45,"Meadow","Kimmeridgian"
"4890",4,1.5,"Meadow","Kimmeridgian"
"4891",4,1.55,"Meadow","Kimmeridgian"
"4892",4,1.6,"Meadow","Kimmeridgian"
"4893",4,1.65,"Meadow","Kimmeridgian"
"4894",4,1.7,"Meadow","Kimmeridgian"
"4895",4,1.75,"Meadow","Kimmeridgian"
"4896",4,1.8,"Meadow","Kimmeridgian"
"4897",4,1.85,"Meadow","Kimmeridgian"
"4898",4,1.9,"Meadow","Kimmeridgian"
"4899",4,1.95,"Meadow","Kimmeridgian"
"4900",4,2,"Meadow","Kimmeridgian"
"4901",4,2.05,"Meadow","Kimmeridgian"
"4902",4,2.1,"Pasture","Kimmeridgian"
"4903",4,2.15,"Pasture","Portlandian"
"4904",4,2.2,"Pasture","Portlandian"
"4905",4,2.25,"Pasture","Portlandian"
"4906",4,2.3,"Forest","Portlandian"
"4907",4,2.35,"Forest","Portlandian"
"4908",4,2.4,"Forest","Portlandian"
"4909",4,2.45,"Forest","Portlandian"
"4910",4,2.5,"Forest","Kimmeridgian"
"4911",4,2.55,"Forest","Kimmeridgian"
"4912",4,2.6,"Forest","Kimmeridgian"
"4913",4,2.65,"Forest","Kimmeridgian"
"4914",4,2.7,"Forest","Kimmeridgian"
"4915",4,2.75,"Forest","Kimmeridgian"
"4916",4,2.8,"Forest","Kimmeridgian"
"4917",4,2.85,"Forest","Kimmeridgian"
"4918",4,2.9,"Forest","Sequanian"
"4919",4,2.95,"Forest","Sequanian"
"4920",4,3,"Meadow","Kimmeridgian"
"4921",4,3.05,"Meadow","Kimmeridgian"
"4922",4,3.1,"Meadow","Quaternary"
"4923",4,3.15,"Meadow","Kimmeridgian"
"4924",4,3.2,"Meadow","Kimmeridgian"
"4925",4,3.25,"Meadow","Kimmeridgian"
"4926",4,3.3,"Meadow","Kimmeridgian"
"4927",4,3.35,"Meadow","Kimmeridgian"
"4928",4,3.4,"Meadow","Kimmeridgian"
"4929",4,3.45,"Meadow","Kimmeridgian"
"4930",4,3.5,"Meadow","Kimmeridgian"
"4931",4,3.55,"Meadow","Kimmeridgian"
"4932",4,3.6,"Meadow","Kimmeridgian"
"4933",4,3.65,"Meadow","Kimmeridgian"
"4934",4,3.7,"Meadow","Kimmeridgian"
"4935",4,3.75,"Meadow","Kimmeridgian"
"4936",4,3.8,"Meadow","Quaternary"
"4937",4,3.85,"Meadow","Quaternary"
"4938",4,3.9,"Meadow","Quaternary"
"4939",4,3.95,"Meadow","Quaternary"
"4940",4,4,"Meadow","Sequanian"
"4941",4,4.05,"Meadow","Sequanian"
"4942",4,4.1,"Meadow","Sequanian"
"4943",4,4.15,"Meadow","Sequanian"
"4944",4,4.2,"Meadow","Sequanian"
"4945",4,4.25,"Meadow","Sequanian"
"4946",4,4.3,"Meadow","Sequanian"
"4947",4,4.35,"Meadow","Sequanian"
"4948",4,4.4,"Meadow","Sequanian"
"4949",4,4.45,"Meadow","Sequanian"
"4950",4,4.5,"Meadow","Sequanian"
"4951",4,4.55,"Meadow","Argovian"
"4952",4,4.6,"Meadow","Argovian"
"4953",4,4.65,"Meadow","Argovian"
"4954",4,4.7,"Meadow","Argovian"
"4955",4,4.75,"Meadow","Argovian"
"4956",4,4.8,"Pasture","Argovian"
"4957",4,4.85,"Pasture","Argovian"
"4958",4,4.9,"Forest","Quaternary"
"4959",4,4.95,"Forest","Quaternary"
"4960",4,5,"Forest","Quaternary"
"4961",4,5.05,"Meadow","Quaternary"
"4962",4,5.1,"Meadow","Quaternary"
"4963",4,5.15,"Meadow","Argovian"
"4964",4,5.2,"Meadow","Argovian"
"4965",4.05,0.7,"Meadow","Sequanian"
"4966",4.05,0.75,"Meadow","Sequanian"
"4967",4.05,0.8,"Meadow","Sequanian"
"4968",4.05,0.85,"Meadow","Sequanian"
"4969",4.05,0.9,"Meadow","Sequanian"
"4970",4.05,0.95,"Meadow","Quaternary"
"4971",4.05,1,"Meadow","Quaternary"
"4972",4.05,1.05,"Meadow","Quaternary"
"4973",4.05,1.1,"Pasture","Portlandian"
"4974",4.05,1.15,"Pasture","Portlandian"
"4975",4.05,1.2,"Pasture","Portlandian"
"4976",4.05,1.25,"Pasture","Portlandian"
"4977",4.05,1.3,"Pasture","Portlandian"
"4978",4.05,1.35,"Pasture","Kimmeridgian"
"4979",4.05,1.4,"Pasture","Kimmeridgian"
"4980",4.05,1.45,"Pasture","Kimmeridgian"
"4981",4.05,1.5,"Pasture","Kimmeridgian"
"4982",4.05,1.55,"Pasture","Kimmeridgian"
"4983",4.05,1.6,"Meadow","Kimmeridgian"
"4984",4.05,1.65,"Meadow","Kimmeridgian"
"4985",4.05,1.7,"Meadow","Kimmeridgian"
"4986",4.05,1.75,"Meadow","Kimmeridgian"
"4987",4.05,1.8,"Tillage","Kimmeridgian"
"4988",4.05,1.85,"Tillage","Kimmeridgian"
"4989",4.05,1.9,"Tillage","Kimmeridgian"
"4990",4.05,1.95,"Meadow","Kimmeridgian"
"4991",4.05,2,"Meadow","Kimmeridgian"
"4992",4.05,2.05,"Pasture","Kimmeridgian"
"4993",4.05,2.1,"Pasture","Kimmeridgian"
"4994",4.05,2.15,"Forest","Kimmeridgian"
"4995",4.05,2.2,"Forest","Kimmeridgian"
"4996",4.05,2.25,"Forest","Portlandian"
"4997",4.05,2.3,"Forest","Portlandian"
"4998",4.05,2.35,"Forest","Portlandian"
"4999",4.05,2.4,"Forest","Portlandian"
"5000",4.05,2.45,"Forest","Portlandian"
"5001",4.05,2.5,"Forest","Portlandian"
"5002",4.05,2.55,"Forest","Kimmeridgian"
"5003",4.05,2.6,"Forest","Kimmeridgian"
"5004",4.05,2.65,"Forest","Kimmeridgian"
"5005",4.05,2.7,"Forest","Kimmeridgian"
"5006",4.05,2.75,"Forest","Kimmeridgian"
"5007",4.05,2.8,"Forest","Kimmeridgian"
"5008",4.05,2.85,"Forest","Kimmeridgian"
"5009",4.05,2.9,"Forest","Kimmeridgian"
"5010",4.05,2.95,"Forest","Kimmeridgian"
"5011",4.05,3,"Forest","Portlandian"
"5012",4.05,3.05,"Forest","Portlandian"
"5013",4.05,3.1,"Meadow","Portlandian"
"5014",4.05,3.15,"Meadow","Kimmeridgian"
"5015",4.05,3.2,"Meadow","Kimmeridgian"
"5016",4.05,3.25,"Meadow","Kimmeridgian"
"5017",4.05,3.3,"Meadow","Kimmeridgian"
"5018",4.05,3.35,"Meadow","Kimmeridgian"
"5019",4.05,3.4,"Forest","Kimmeridgian"
"5020",4.05,3.45,"Forest","Kimmeridgian"
"5021",4.05,3.5,"Forest","Kimmeridgian"
"5022",4.05,3.55,"Forest","Kimmeridgian"
"5023",4.05,3.6,"Forest","Kimmeridgian"
"5024",4.05,3.65,"Meadow","Kimmeridgian"
"5025",4.05,3.7,"Meadow","Kimmeridgian"
"5026",4.05,3.75,"Meadow","Kimmeridgian"
"5027",4.05,3.8,"Meadow","Quaternary"
"5028",4.05,3.85,"Meadow","Quaternary"
"5029",4.05,3.9,"Meadow","Quaternary"
"5030",4.05,3.95,"Meadow","Quaternary"
"5031",4.05,4,"Meadow","Sequanian"
"5032",4.05,4.05,"Meadow","Sequanian"
"5033",4.05,4.1,"Meadow","Sequanian"
"5034",4.05,4.15,"Meadow","Sequanian"
"5035",4.05,4.2,"Meadow","Sequanian"
"5036",4.05,4.25,"Meadow","Sequanian"
"5037",4.05,4.3,"Meadow","Sequanian"
"5038",4.05,4.35,"Meadow","Sequanian"
"5039",4.05,4.4,"Meadow","Sequanian"
"5040",4.05,4.45,"Meadow","Sequanian"
"5041",4.05,4.5,"Forest","Sequanian"
"5042",4.05,4.55,"Meadow","Argovian"
"5043",4.05,4.6,"Meadow","Argovian"
"5044",4.05,4.65,"Forest","Argovian"
"5045",4.05,4.7,"Forest","Argovian"
"5046",4.05,4.75,"Forest","Argovian"
"5047",4.05,4.8,"Pasture","Argovian"
"5048",4.05,4.85,"Pasture","Argovian"
"5049",4.05,4.9,"Pasture","Argovian"
"5050",4.05,4.95,"Pasture","Argovian"
"5051",4.05,5,"Forest","Quaternary"
"5052",4.1,0.7,"Meadow","Sequanian"
"5053",4.1,0.75,"Meadow","Sequanian"
"5054",4.1,0.8,"Meadow","Sequanian"
"5055",4.1,0.85,"Meadow","Sequanian"
"5056",4.1,0.9,"Meadow","Sequanian"
"5057",4.1,0.95,"Meadow","Quaternary"
"5058",4.1,1,"Meadow","Quaternary"
"5059",4.1,1.05,"Meadow","Quaternary"
"5060",4.1,1.1,"Pasture","Portlandian"
"5061",4.1,1.15,"Pasture","Portlandian"
"5062",4.1,1.2,"Pasture","Portlandian"
"5063",4.1,1.25,"Pasture","Portlandian"
"5064",4.1,1.3,"Pasture","Portlandian"
"5065",4.1,1.35,"Pasture","Kimmeridgian"
"5066",4.1,1.4,"Pasture","Kimmeridgian"
"5067",4.1,1.45,"Pasture","Kimmeridgian"
"5068",4.1,1.5,"Pasture","Kimmeridgian"
"5069",4.1,1.55,"Pasture","Kimmeridgian"
"5070",4.1,1.6,"Meadow","Kimmeridgian"
"5071",4.1,1.65,"Meadow","Kimmeridgian"
"5072",4.1,1.7,"Meadow","Kimmeridgian"
"5073",4.1,1.75,"Meadow","Kimmeridgian"
"5074",4.1,1.8,"Tillage","Kimmeridgian"
"5075",4.1,1.85,"Tillage","Kimmeridgian"
"5076",4.1,1.9,"Tillage","Kimmeridgian"
"5077",4.1,1.95,"Meadow","Kimmeridgian"
"5078",4.1,2,"Meadow","Kimmeridgian"
"5079",4.1,2.05,"Pasture","Kimmeridgian"
"5080",4.1,2.1,"Pasture","Kimmeridgian"
"5081",4.1,2.15,"Forest","Kimmeridgian"
"5082",4.1,2.2,"Forest","Kimmeridgian"
"5083",4.1,2.25,"Forest","Portlandian"
"5084",4.1,2.3,"Forest","Portlandian"
"5085",4.1,2.35,"Forest","Portlandian"
"5086",4.1,2.4,"Forest","Portlandian"
"5087",4.1,2.45,"Forest","Portlandian"
"5088",4.1,2.5,"Forest","Portlandian"
"5089",4.1,2.55,"Forest","Kimmeridgian"
"5090",4.1,2.6,"Forest","Kimmeridgian"
"5091",4.1,2.65,"Forest","Kimmeridgian"
"5092",4.1,2.7,"Forest","Kimmeridgian"
"5093",4.1,2.75,"Forest","Kimmeridgian"
"5094",4.1,2.8,"Forest","Kimmeridgian"
"5095",4.1,2.85,"Forest","Kimmeridgian"
"5096",4.1,2.9,"Forest","Kimmeridgian"
"5097",4.1,2.95,"Forest","Kimmeridgian"
"5098",4.1,3,"Forest","Portlandian"
"5099",4.1,3.05,"Forest","Portlandian"
"5100",4.1,3.1,"Meadow","Portlandian"
"5101",4.1,3.15,"Meadow","Kimmeridgian"
"5102",4.1,3.2,"Meadow","Kimmeridgian"
"5103",4.1,3.25,"Meadow","Kimmeridgian"
"5104",4.1,3.3,"Meadow","Kimmeridgian"
"5105",4.1,3.35,"Meadow","Kimmeridgian"
"5106",4.1,3.4,"Forest","Kimmeridgian"
"5107",4.1,3.45,"Forest","Kimmeridgian"
"5108",4.1,3.5,"Forest","Kimmeridgian"
"5109",4.1,3.55,"Forest","Kimmeridgian"
"5110",4.1,3.6,"Forest","Kimmeridgian"
"5111",4.1,3.65,"Meadow","Kimmeridgian"
"5112",4.1,3.7,"Meadow","Kimmeridgian"
"5113",4.1,3.75,"Meadow","Kimmeridgian"
"5114",4.1,3.8,"Meadow","Quaternary"
"5115",4.1,3.85,"Meadow","Quaternary"
"5116",4.1,3.9,"Meadow","Quaternary"
"5117",4.1,3.95,"Meadow","Quaternary"
"5118",4.1,4,"Meadow","Sequanian"
"5119",4.1,4.05,"Meadow","Sequanian"
"5120",4.1,4.1,"Meadow","Sequanian"
"5121",4.1,4.15,"Meadow","Sequanian"
"5122",4.1,4.2,"Meadow","Sequanian"
"5123",4.1,4.25,"Meadow","Sequanian"
"5124",4.1,4.3,"Meadow","Sequanian"
"5125",4.1,4.35,"Meadow","Sequanian"
"5126",4.1,4.4,"Meadow","Sequanian"
"5127",4.1,4.45,"Meadow","Sequanian"
"5128",4.1,4.5,"Forest","Sequanian"
"5129",4.1,4.55,"Meadow","Argovian"
"5130",4.1,4.6,"Meadow","Argovian"
"5131",4.1,4.65,"Forest","Argovian"
"5132",4.1,4.7,"Forest","Argovian"
"5133",4.1,4.75,"Forest","Argovian"
"5134",4.1,4.8,"Pasture","Argovian"
"5135",4.1,4.85,"Pasture","Argovian"
"5136",4.1,4.9,"Pasture","Argovian"
"5137",4.1,4.95,"Pasture","Argovian"
"5138",4.1,5,"Forest","Quaternary"
"5139",4.15,0.7,"Meadow","Sequanian"
"5140",4.15,0.75,"Meadow","Sequanian"
"5141",4.15,0.8,"Meadow","Sequanian"
"5142",4.15,0.85,"Meadow","Sequanian"
"5143",4.15,0.9,"Meadow","Sequanian"
"5144",4.15,0.95,"Meadow","Sequanian"
"5145",4.15,1,"Meadow","Quaternary"
"5146",4.15,1.05,"Meadow","Quaternary"
"5147",4.15,1.1,"Pasture","Quaternary"
"5148",4.15,1.15,"Pasture","Quaternary"
"5149",4.15,1.2,"Pasture","Portlandian"
"5150",4.15,1.25,"Pasture","Portlandian"
"5151",4.15,1.3,"Pasture","Portlandian"
"5152",4.15,1.35,"Meadow","Portlandian"
"5153",4.15,1.4,"Meadow","Portlandian"
"5154",4.15,1.45,"Pasture","Kimmeridgian"
"5155",4.15,1.5,"Pasture","Kimmeridgian"
"5156",4.15,1.55,"Pasture","Kimmeridgian"
"5157",4.15,1.6,"Meadow","Kimmeridgian"
"5158",4.15,1.65,"Meadow","Kimmeridgian"
"5159",4.15,1.7,"Forest","Kimmeridgian"
"5160",4.15,1.75,"Forest","Kimmeridgian"
"5161",4.15,1.8,"Tillage","Kimmeridgian"
"5162",4.15,1.85,"Tillage","Kimmeridgian"
"5163",4.15,1.9,"Tillage","Kimmeridgian"
"5164",4.15,1.95,"Pasture","Kimmeridgian"
"5165",4.15,2,"Pasture","Kimmeridgian"
"5166",4.15,2.05,"Pasture","Kimmeridgian"
"5167",4.15,2.1,"Pasture","Kimmeridgian"
"5168",4.15,2.15,"Pasture","Kimmeridgian"
"5169",4.15,2.2,"Pasture","Kimmeridgian"
"5170",4.15,2.25,"Pasture","Kimmeridgian"
"5171",4.15,2.3,"Forest","Quaternary"
"5172",4.15,2.35,"Forest","Quaternary"
"5173",4.15,2.4,"Forest","Portlandian"
"5174",4.15,2.45,"Forest","Portlandian"
"5175",4.15,2.5,"Forest","Portlandian"
"5176",4.15,2.55,"Forest","Portlandian"
"5177",4.15,2.6,"Forest","Portlandian"
"5178",4.15,2.65,"Forest","Kimmeridgian"
"5179",4.15,2.7,"Forest","Kimmeridgian"
"5180",4.15,2.75,"Forest","Kimmeridgian"
"5181",4.15,2.8,"Forest","Kimmeridgian"
"5182",4.15,2.85,"Forest","Kimmeridgian"
"5183",4.15,2.9,"Forest","Kimmeridgian"
"5184",4.15,2.95,"Meadow","Portlandian"
"5185",4.15,3,"Meadow","Portlandian"
"5186",4.15,3.05,"Meadow","Portlandian"
"5187",4.15,3.1,"Meadow","Portlandian"
"5188",4.15,3.15,"Meadow","Kimmeridgian"
"5189",4.15,3.2,"Meadow","Kimmeridgian"
"5190",4.15,3.25,"Meadow","Kimmeridgian"
"5191",4.15,3.3,"Meadow","Kimmeridgian"
"5192",4.15,3.35,"Meadow","Kimmeridgian"
"5193",4.15,3.4,"Forest","Kimmeridgian"
"5194",4.15,3.45,"Forest","Kimmeridgian"
"5195",4.15,3.5,"Forest","Kimmeridgian"
"5196",4.15,3.55,"Forest","Kimmeridgian"
"5197",4.15,3.6,"Pasture","Kimmeridgian"
"5198",4.15,3.65,"Forest","Quaternary"
"5199",4.15,3.7,"Forest","Quaternary"
"5200",4.15,3.75,"Forest","Quaternary"
"5201",4.15,3.8,"Pasture","Quaternary"
"5202",4.15,3.85,"Pasture","Quaternary"
"5203",4.15,3.9,"Meadow","Sequanian"
"5204",4.15,3.95,"Meadow","Sequanian"
"5205",4.15,4,"Meadow","Sequanian"
"5206",4.15,4.05,"Meadow","Sequanian"
"5207",4.15,4.1,"Meadow","Sequanian"
"5208",4.15,4.15,"Meadow","Sequanian"
"5209",4.15,4.2,"Meadow","Sequanian"
"5210",4.15,4.25,"Meadow","Sequanian"
"5211",4.15,4.3,"Meadow","Sequanian"
"5212",4.15,4.35,"Meadow","Sequanian"
"5213",4.15,4.4,"Meadow","Sequanian"
"5214",4.15,4.55,"Forest","Argovian"
"5215",4.15,4.6,"Forest","Argovian"
"5216",4.15,4.65,"Forest","Argovian"
"5217",4.15,4.7,"Forest","Argovian"
"5218",4.15,4.75,"Forest","Argovian"
"5219",4.15,4.8,"Forest","Argovian"
"5220",4.2,0.7,"Meadow","Sequanian"
"5221",4.2,0.75,"Meadow","Sequanian"
"5222",4.2,0.8,"Meadow","Sequanian"
"5223",4.2,0.85,"Meadow","Sequanian"
"5224",4.2,0.9,"Meadow","Sequanian"
"5225",4.2,0.95,"Meadow","Sequanian"
"5226",4.2,1,"Meadow","Quaternary"
"5227",4.2,1.05,"Meadow","Quaternary"
"5228",4.2,1.1,"Pasture","Quaternary"
"5229",4.2,1.15,"Pasture","Quaternary"
"5230",4.2,1.2,"Pasture","Portlandian"
"5231",4.2,1.25,"Pasture","Portlandian"
"5232",4.2,1.3,"Pasture","Portlandian"
"5233",4.2,1.35,"Meadow","Portlandian"
"5234",4.2,1.4,"Meadow","Portlandian"
"5235",4.2,1.45,"Pasture","Kimmeridgian"
"5236",4.2,1.5,"Pasture","Kimmeridgian"
"5237",4.2,1.55,"Pasture","Kimmeridgian"
"5238",4.2,1.6,"Meadow","Kimmeridgian"
"5239",4.2,1.65,"Meadow","Kimmeridgian"
"5240",4.2,1.7,"Forest","Kimmeridgian"
"5241",4.2,1.75,"Forest","Kimmeridgian"
"5242",4.2,1.8,"Tillage","Kimmeridgian"
"5243",4.2,1.85,"Tillage","Kimmeridgian"
"5244",4.2,1.9,"Tillage","Kimmeridgian"
"5245",4.2,1.95,"Pasture","Kimmeridgian"
"5246",4.2,2,"Pasture","Kimmeridgian"
"5247",4.2,2.05,"Pasture","Kimmeridgian"
"5248",4.2,2.1,"Pasture","Kimmeridgian"
"5249",4.2,2.15,"Pasture","Kimmeridgian"
"5250",4.2,2.2,"Pasture","Kimmeridgian"
"5251",4.2,2.25,"Pasture","Kimmeridgian"
"5252",4.2,2.3,"Forest","Quaternary"
"5253",4.2,2.35,"Forest","Quaternary"
"5254",4.2,2.4,"Forest","Portlandian"
"5255",4.2,2.45,"Forest","Portlandian"
"5256",4.2,2.5,"Forest","Portlandian"
"5257",4.2,2.55,"Forest","Portlandian"
"5258",4.2,2.6,"Forest","Portlandian"
"5259",4.2,2.65,"Forest","Kimmeridgian"
"5260",4.2,2.7,"Forest","Kimmeridgian"
"5261",4.2,2.75,"Forest","Kimmeridgian"
"5262",4.2,2.8,"Forest","Kimmeridgian"
"5263",4.2,2.85,"Forest","Kimmeridgian"
"5264",4.2,2.9,"Forest","Kimmeridgian"
"5265",4.2,2.95,"Meadow","Portlandian"
"5266",4.2,3,"Meadow","Portlandian"
"5267",4.2,3.05,"Meadow","Portlandian"
"5268",4.2,3.1,"Meadow","Portlandian"
"5269",4.2,3.15,"Meadow","Kimmeridgian"
"5270",4.2,3.2,"Meadow","Kimmeridgian"
"5271",4.2,3.25,"Meadow","Kimmeridgian"
"5272",4.2,3.3,"Meadow","Kimmeridgian"
"5273",4.2,3.35,"Meadow","Kimmeridgian"
"5274",4.2,3.4,"Forest","Kimmeridgian"
"5275",4.2,3.45,"Forest","Kimmeridgian"
"5276",4.2,3.5,"Forest","Kimmeridgian"
"5277",4.2,3.55,"Forest","Kimmeridgian"
"5278",4.2,3.6,"Pasture","Kimmeridgian"
"5279",4.2,3.65,"Forest","Quaternary"
"5280",4.2,3.7,"Forest","Quaternary"
"5281",4.2,3.75,"Forest","Quaternary"
"5282",4.2,3.8,"Pasture","Quaternary"
"5283",4.2,3.85,"Pasture","Quaternary"
"5284",4.2,3.9,"Meadow","Sequanian"
"5285",4.2,3.95,"Meadow","Sequanian"
"5286",4.2,4,"Meadow","Sequanian"
"5287",4.2,4.05,"Meadow","Sequanian"
"5288",4.2,4.1,"Meadow","Sequanian"
"5289",4.2,4.15,"Meadow","Sequanian"
"5290",4.2,4.2,"Meadow","Sequanian"
"5291",4.2,4.25,"Meadow","Sequanian"
"5292",4.2,4.3,"Meadow","Sequanian"
"5293",4.2,4.35,"Meadow","Sequanian"
"5294",4.2,4.4,"Meadow","Sequanian"
"5295",4.2,4.6,"Forest","Argovian"
"5296",4.2,4.65,"Forest","Argovian"
"5297",4.2,4.7,"Forest","Argovian"
"5298",4.2,4.75,"Forest","Argovian"
"5299",4.2,4.8,"Forest","Argovian"
"5300",4.25,0.7,"Meadow","Sequanian"
"5301",4.25,0.75,"Meadow","Sequanian"
"5302",4.25,0.8,"Pasture","Kimmeridgian"
"5303",4.25,0.85,"Meadow","Sequanian"
"5304",4.25,0.9,"Meadow","Sequanian"
"5305",4.25,0.95,"Meadow","Sequanian"
"5306",4.25,1,"Meadow","Quaternary"
"5307",4.25,1.05,"Meadow","Quaternary"
"5308",4.25,1.1,"Meadow","Quaternary"
"5309",4.25,1.15,"Meadow","Quaternary"
"5310",4.25,1.2,"Pasture","Portlandian"
"5311",4.25,1.25,"Pasture","Portlandian"
"5312",4.25,1.3,"Meadow","Quaternary"
"5313",4.25,1.35,"Meadow","Portlandian"
"5314",4.25,1.4,"Meadow","Portlandian"
"5315",4.25,1.45,"Forest","Portlandian"
"5316",4.25,1.5,"Forest","Portlandian"
"5317",4.25,1.55,"Forest","Portlandian"
"5318",4.25,1.6,"Forest","Kimmeridgian"
"5319",4.25,1.65,"Forest","Kimmeridgian"
"5320",4.25,1.7,"Forest","Portlandian"
"5321",4.25,1.75,"Forest","Portlandian"
"5322",4.25,1.8,"Forest","Kimmeridgian"
"5323",4.25,1.85,"Meadow","Kimmeridgian"
"5324",4.25,1.9,"Meadow","Kimmeridgian"
"5325",4.25,1.95,"Pasture","Kimmeridgian"
"5326",4.25,2,"Pasture","Kimmeridgian"
"5327",4.25,2.05,"Pasture","Kimmeridgian"
"5328",4.25,2.1,"Pasture","Kimmeridgian"
"5329",4.25,2.15,"Forest","Kimmeridgian"
"5330",4.25,2.2,"Forest","Kimmeridgian"
"5331",4.25,2.25,"Forest","Quaternary"
"5332",4.25,2.3,"Forest","Quaternary"
"5333",4.25,2.35,"Forest","Quaternary"
"5334",4.25,2.4,"Forest","Portlandian"
"5335",4.25,2.45,"Forest","Portlandian"
"5336",4.25,2.5,"Forest","Portlandian"
"5337",4.25,2.55,"Forest","Portlandian"
"5338",4.25,2.6,"Forest","Portlandian"
"5339",4.25,2.65,"Forest","Kimmeridgian"
"5340",4.25,2.7,"Forest","Kimmeridgian"
"5341",4.25,2.75,"Forest","Kimmeridgian"
"5342",4.25,2.8,"Forest","Kimmeridgian"
"5343",4.25,2.85,"Forest","Kimmeridgian"
"5344",4.25,2.9,"Pasture","Kimmeridgian"
"5345",4.25,2.95,"Meadow","Portlandian"
"5346",4.25,3,"Meadow","Portlandian"
"5347",4.25,3.05,"Meadow","Portlandian"
"5348",4.25,3.1,"Forest","Portlandian"
"5349",4.25,3.15,"Meadow","Kimmeridgian"
"5350",4.25,3.2,"Meadow","Kimmeridgian"
"5351",4.25,3.25,"Meadow","Kimmeridgian"
"5352",4.25,3.3,"Meadow","Kimmeridgian"
"5353",4.25,3.35,"Meadow","Kimmeridgian"
"5354",4.25,3.4,"Meadow","Kimmeridgian"
"5355",4.25,3.45,"Forest","Kimmeridgian"
"5356",4.25,3.5,"Forest","Kimmeridgian"
"5357",4.25,3.55,"Forest","Kimmeridgian"
"5358",4.25,3.6,"Pasture","Sequanian"
"5359",4.25,3.65,"Pasture","Quaternary"
"5360",4.25,3.7,"Pasture","Quaternary"
"5361",4.25,3.75,"Pasture","Quaternary"
"5362",4.25,3.8,"Pasture","Sequanian"
"5363",4.25,3.85,"Pasture","Sequanian"
"5364",4.25,3.9,"Pasture","Sequanian"
"5365",4.25,3.95,"Meadow","Sequanian"
"5366",4.25,4,"Meadow","Sequanian"
"5367",4.25,4.05,"Meadow","Sequanian"
"5368",4.25,4.1,"Meadow","Sequanian"
"5369",4.25,4.15,"Meadow","Sequanian"
"5370",4.25,4.2,"Meadow","Sequanian"
"5371",4.25,4.25,"Meadow","Sequanian"
"5372",4.25,4.3,"Meadow","Sequanian"
"5373",4.3,0.7,"Pasture","Kimmeridgian"
"5374",4.3,0.75,"Pasture","Kimmeridgian"
"5375",4.3,0.8,"Pasture","Kimmeridgian"
"5376",4.3,0.85,"Meadow","Quaternary"
"5377",4.3,0.9,"Meadow","Quaternary"
"5378",4.3,0.95,"Meadow","Quaternary"
"5379",4.3,1,"Meadow","Quaternary"
"5380",4.3,1.05,"Meadow","Quaternary"
"5381",4.3,1.1,"Meadow","Quaternary"
"5382",4.3,1.15,"Meadow","Quaternary"
"5383",4.3,1.2,"Meadow","Quaternary"
"5384",4.3,1.25,"Meadow","Quaternary"
"5385",4.3,1.3,"Meadow","Quaternary"
"5386",4.3,1.35,"Meadow","Quaternary"
"5387",4.3,1.4,"Meadow","Quaternary"
"5388",4.3,1.45,"Forest","Portlandian"
"5389",4.3,1.5,"Forest","Portlandian"
"5390",4.3,1.55,"Forest","Portlandian"
"5391",4.3,1.6,"Forest","Kimmeridgian"
"5392",4.3,1.65,"Forest","Kimmeridgian"
"5393",4.3,1.7,"Forest","Portlandian"
"5394",4.3,1.75,"Forest","Portlandian"
"5395",4.3,1.8,"Forest","Kimmeridgian"
"5396",4.3,1.85,"Meadow","Kimmeridgian"
"5397",4.3,1.9,"Meadow","Kimmeridgian"
"5398",4.3,1.95,"Pasture","Kimmeridgian"
"5399",4.3,2,"Pasture","Kimmeridgian"
"5400",4.3,2.05,"Pasture","Kimmeridgian"
"5401",4.3,2.1,"Pasture","Kimmeridgian"
"5402",4.3,2.15,"Forest","Kimmeridgian"
"5403",4.3,2.2,"Forest","Kimmeridgian"
"5404",4.3,2.25,"Forest","Quaternary"
"5405",4.3,2.3,"Forest","Quaternary"
"5406",4.3,2.35,"Forest","Quaternary"
"5407",4.3,2.4,"Forest","Portlandian"
"5408",4.3,2.45,"Forest","Portlandian"
"5409",4.3,2.5,"Forest","Portlandian"
"5410",4.3,2.55,"Forest","Portlandian"
"5411",4.3,2.6,"Forest","Portlandian"
"5412",4.3,2.65,"Forest","Kimmeridgian"
"5413",4.3,2.7,"Forest","Kimmeridgian"
"5414",4.3,2.75,"Forest","Kimmeridgian"
"5415",4.3,2.8,"Forest","Kimmeridgian"
"5416",4.3,2.85,"Forest","Kimmeridgian"
"5417",4.3,2.9,"Pasture","Kimmeridgian"
"5418",4.3,2.95,"Pasture","Kimmeridgian"
"5419",4.3,3,"Forest","Portlandian"
"5420",4.3,3.05,"Forest","Portlandian"
"5421",4.3,3.1,"Forest","Portlandian"
"5422",4.3,3.15,"Meadow","Kimmeridgian"
"5423",4.3,3.2,"Meadow","Kimmeridgian"
"5424",4.3,3.25,"Meadow","Kimmeridgian"
"5425",4.3,3.3,"Meadow","Kimmeridgian"
"5426",4.3,3.35,"Meadow","Kimmeridgian"
"5427",4.3,3.4,"Meadow","Kimmeridgian"
"5428",4.3,3.45,"Pasture","Kimmeridgian"
"5429",4.3,3.5,"Pasture","Kimmeridgian"
"5430",4.3,3.55,"Pasture","Kimmeridgian"
"5431",4.3,3.6,"Pasture","Sequanian"
"5432",4.3,3.65,"Pasture","Quaternary"
"5433",4.3,3.7,"Pasture","Quaternary"
"5434",4.3,3.75,"Pasture","Quaternary"
"5435",4.3,3.8,"Pasture","Sequanian"
"5436",4.3,3.85,"Pasture","Sequanian"
"5437",4.3,3.9,"Pasture","Sequanian"
"5438",4.3,3.95,"Meadow","Sequanian"
"5439",4.3,4,"Meadow","Sequanian"
"5440",4.3,4.05,"Meadow","Sequanian"
"5441",4.3,4.1,"Meadow","Sequanian"
"5442",4.3,4.15,"Meadow","Sequanian"
"5443",4.3,4.2,"Meadow","Sequanian"
"5444",4.3,4.25,"Meadow","Sequanian"
"5445",4.3,4.3,"Forest","Sequanian"
"5446",4.35,0.75,"Pasture","Kimmeridgian"
"5447",4.35,0.8,"Pasture","Kimmeridgian"
"5448",4.35,0.85,"Meadow","Quaternary"
"5449",4.35,0.9,"Meadow","Quaternary"
"5450",4.35,0.95,"Meadow","Quaternary"
"5451",4.35,1,"Meadow","Quaternary"
"5452",4.35,1.05,"Meadow","Quaternary"
"5453",4.35,1.1,"Meadow","Quaternary"
"5454",4.35,1.15,"Meadow","Quaternary"
"5455",4.35,1.2,"Meadow","Quaternary"
"5456",4.35,1.25,"Meadow","Quaternary"
"5457",4.35,1.3,"Meadow","Quaternary"
"5458",4.35,1.35,"Meadow","Quaternary"
"5459",4.35,1.4,"Meadow","Quaternary"
"5460",4.35,1.45,"Forest","Portlandian"
"5461",4.35,1.5,"Forest","Portlandian"
"5462",4.35,1.55,"Forest","Portlandian"
"5463",4.35,1.6,"Forest","Kimmeridgian"
"5464",4.35,1.65,"Forest","Kimmeridgian"
"5465",4.35,1.7,"Forest","Portlandian"
"5466",4.35,1.75,"Forest","Portlandian"
"5467",4.35,1.8,"Forest","Kimmeridgian"
"5468",4.35,1.85,"Meadow","Kimmeridgian"
"5469",4.35,1.9,"Meadow","Kimmeridgian"
"5470",4.35,1.95,"Pasture","Kimmeridgian"
"5471",4.35,2,"Pasture","Kimmeridgian"
"5472",4.35,2.05,"Pasture","Kimmeridgian"
"5473",4.35,2.1,"Pasture","Kimmeridgian"
"5474",4.35,2.15,"Forest","Kimmeridgian"
"5475",4.35,2.2,"Forest","Kimmeridgian"
"5476",4.35,2.25,"Forest","Quaternary"
"5477",4.35,2.3,"Forest","Quaternary"
"5478",4.35,2.35,"Forest","Quaternary"
"5479",4.35,2.4,"Forest","Portlandian"
"5480",4.35,2.45,"Forest","Portlandian"
"5481",4.35,2.5,"Forest","Portlandian"
"5482",4.35,2.55,"Forest","Portlandian"
"5483",4.35,2.6,"Forest","Portlandian"
"5484",4.35,2.65,"Forest","Kimmeridgian"
"5485",4.35,2.7,"Forest","Kimmeridgian"
"5486",4.35,2.75,"Forest","Kimmeridgian"
"5487",4.35,2.8,"Forest","Kimmeridgian"
"5488",4.35,2.85,"Forest","Kimmeridgian"
"5489",4.35,2.9,"Pasture","Kimmeridgian"
"5490",4.35,2.95,"Pasture","Kimmeridgian"
"5491",4.35,3,"Forest","Portlandian"
"5492",4.35,3.05,"Forest","Portlandian"
"5493",4.35,3.1,"Forest","Portlandian"
"5494",4.35,3.15,"Meadow","Kimmeridgian"
"5495",4.35,3.2,"Meadow","Kimmeridgian"
"5496",4.35,3.25,"Meadow","Kimmeridgian"
"5497",4.35,3.3,"Meadow","Kimmeridgian"
"5498",4.35,3.35,"Meadow","Kimmeridgian"
"5499",4.35,3.4,"Meadow","Kimmeridgian"
"5500",4.35,3.45,"Pasture","Kimmeridgian"
"5501",4.35,3.5,"Pasture","Kimmeridgian"
"5502",4.35,3.55,"Pasture","Kimmeridgian"
"5503",4.35,3.6,"Pasture","Sequanian"
"5504",4.35,3.65,"Pasture","Quaternary"
"5505",4.35,3.7,"Pasture","Quaternary"
"5506",4.35,3.75,"Pasture","Quaternary"
"5507",4.35,3.8,"Pasture","Sequanian"
"5508",4.35,3.85,"Pasture","Sequanian"
"5509",4.35,3.9,"Pasture","Sequanian"
"5510",4.35,3.95,"Meadow","Sequanian"
"5511",4.35,4,"Meadow","Sequanian"
"5512",4.35,4.05,"Meadow","Sequanian"
"5513",4.35,4.1,"Meadow","Sequanian"
"5514",4.4,0.8,"Pasture","Kimmeridgian"
"5515",4.4,0.85,"Meadow","Kimmeridgian"
"5516",4.4,0.9,"Meadow","Kimmeridgian"
"5517",4.4,0.95,"Meadow","Quaternary"
"5518",4.4,1,"Meadow","Quaternary"
"5519",4.4,1.05,"Meadow","Quaternary"
"5520",4.4,1.1,"Meadow","Quaternary"
"5521",4.4,1.15,"Meadow","Quaternary"
"5522",4.4,1.2,"Meadow","Quaternary"
"5523",4.4,1.25,"Meadow","Quaternary"
"5524",4.4,1.3,"Meadow","Quaternary"
"5525",4.4,1.35,"Meadow","Quaternary"
"5526",4.4,1.4,"Meadow","Quaternary"
"5527",4.4,1.45,"Meadow","Quaternary"
"5528",4.4,1.5,"Meadow","Quaternary"
"5529",4.4,1.55,"Meadow","Quaternary"
"5530",4.4,1.6,"Meadow","Portlandian"
"5531",4.4,1.65,"Meadow","Portlandian"
"5532",4.4,1.7,"Meadow","Quaternary"
"5533",4.4,1.75,"Meadow","Kimmeridgian"
"5534",4.4,1.8,"Meadow","Kimmeridgian"
"5535",4.4,1.85,"Meadow","Kimmeridgian"
"5536",4.4,1.9,"Meadow","Kimmeridgian"
"5537",4.4,1.95,"Pasture","Kimmeridgian"
"5538",4.4,2,"Pasture","Kimmeridgian"
"5539",4.4,2.05,"Pasture","Kimmeridgian"
"5540",4.4,2.1,"Meadow","Kimmeridgian"
"5541",4.4,2.15,"Meadow","Kimmeridgian"
"5542",4.4,2.2,"Meadow","Kimmeridgian"
"5543",4.4,2.25,"Meadow","Kimmeridgian"
"5544",4.4,2.3,"Forest","Kimmeridgian"
"5545",4.4,2.35,"Forest","Kimmeridgian"
"5546",4.4,2.4,"Forest","Portlandian"
"5547",4.4,2.45,"Forest","Portlandian"
"5548",4.4,2.5,"Forest","Portlandian"
"5549",4.4,2.55,"Forest","Portlandian"
"5550",4.4,2.6,"Forest","Portlandian"
"5551",4.4,2.65,"Forest","Kimmeridgian"
"5552",4.4,2.7,"Forest","Kimmeridgian"
"5553",4.4,2.75,"Forest","Kimmeridgian"
"5554",4.4,2.8,"Forest","Kimmeridgian"
"5555",4.4,2.85,"Forest","Kimmeridgian"
"5556",4.4,2.9,"Pasture","Kimmeridgian"
"5557",4.4,2.95,"Pasture","Kimmeridgian"
"5558",4.4,3,"Pasture","Portlandian"
"5559",4.4,3.05,"Pasture","Portlandian"
"5560",4.4,3.1,"Meadow","Portlandian"
"5561",4.4,3.15,"Meadow","Portlandian"
"5562",4.4,3.2,"Meadow","Portlandian"
"5563",4.4,3.25,"Meadow","Kimmeridgian"
"5564",4.4,3.3,"Meadow","Kimmeridgian"
"5565",4.4,3.35,"Meadow","Kimmeridgian"
"5566",4.4,3.4,"Meadow","Kimmeridgian"
"5567",4.4,3.45,"Meadow","Kimmeridgian"
"5568",4.4,3.5,"Tillage","Kimmeridgian"
"5569",4.4,3.55,"Tillage","Kimmeridgian"
"5570",4.4,3.6,"Tillage","Kimmeridgian"
"5571",4.4,3.65,"Pasture","Sequanian"
"5572",4.4,3.7,"Pasture","Sequanian"
"5573",4.4,3.75,"Pasture","Sequanian"
"5574",4.4,3.8,"Pasture","Sequanian"
"5575",4.4,3.85,"Pasture","Sequanian"
"5576",4.4,3.9,"Pasture","Sequanian"
"5577",4.4,3.95,"Pasture","Sequanian"
"5578",4.4,4,"Meadow","Sequanian"
"5579",4.4,4.05,"Meadow","Sequanian"
"5580",4.4,4.1,"Meadow","Sequanian"
"5581",4.45,0.8,"Pasture","Kimmeridgian"
"5582",4.45,0.85,"Meadow","Kimmeridgian"
"5583",4.45,0.9,"Meadow","Kimmeridgian"
"5584",4.45,0.95,"Meadow","Quaternary"
"5585",4.45,1,"Meadow","Quaternary"
"5586",4.45,1.05,"Meadow","Quaternary"
"5587",4.45,1.1,"Meadow","Quaternary"
"5588",4.45,1.15,"Meadow","Quaternary"
"5589",4.45,1.2,"Meadow","Quaternary"
"5590",4.45,1.25,"Meadow","Quaternary"
"5591",4.45,1.3,"Meadow","Quaternary"
"5592",4.45,1.35,"Meadow","Quaternary"
"5593",4.45,1.4,"Meadow","Quaternary"
"5594",4.45,1.45,"Meadow","Quaternary"
"5595",4.45,1.5,"Meadow","Quaternary"
"5596",4.45,1.55,"Meadow","Quaternary"
"5597",4.45,1.6,"Meadow","Portlandian"
"5598",4.45,1.65,"Meadow","Portlandian"
"5599",4.45,1.7,"Meadow","Quaternary"
"5600",4.45,1.75,"Meadow","Kimmeridgian"
"5601",4.45,1.8,"Meadow","Kimmeridgian"
"5602",4.45,1.85,"Meadow","Kimmeridgian"
"5603",4.45,1.9,"Meadow","Kimmeridgian"
"5604",4.45,1.95,"Pasture","Kimmeridgian"
"5605",4.45,2,"Pasture","Kimmeridgian"
"5606",4.45,2.05,"Pasture","Kimmeridgian"
"5607",4.45,2.1,"Meadow","Kimmeridgian"
"5608",4.45,2.15,"Meadow","Kimmeridgian"
"5609",4.45,2.2,"Meadow","Kimmeridgian"
"5610",4.45,2.25,"Meadow","Kimmeridgian"
"5611",4.45,2.3,"Forest","Kimmeridgian"
"5612",4.45,2.35,"Forest","Kimmeridgian"
"5613",4.45,2.4,"Forest","Portlandian"
"5614",4.45,2.45,"Forest","Portlandian"
"5615",4.45,2.5,"Forest","Portlandian"
"5616",4.45,2.55,"Forest","Portlandian"
"5617",4.45,2.6,"Forest","Portlandian"
"5618",4.45,2.65,"Forest","Kimmeridgian"
"5619",4.45,2.7,"Forest","Kimmeridgian"
"5620",4.45,2.75,"Forest","Kimmeridgian"
"5621",4.45,2.8,"Forest","Kimmeridgian"
"5622",4.45,2.85,"Forest","Kimmeridgian"
"5623",4.45,2.9,"Pasture","Kimmeridgian"
"5624",4.45,2.95,"Pasture","Kimmeridgian"
"5625",4.45,3,"Pasture","Portlandian"
"5626",4.45,3.05,"Pasture","Portlandian"
"5627",4.45,3.1,"Meadow","Portlandian"
"5628",4.45,3.15,"Meadow","Portlandian"
"5629",4.45,3.2,"Meadow","Portlandian"
"5630",4.45,3.25,"Meadow","Kimmeridgian"
"5631",4.45,3.3,"Meadow","Kimmeridgian"
"5632",4.45,3.35,"Meadow","Kimmeridgian"
"5633",4.45,3.4,"Meadow","Kimmeridgian"
"5634",4.45,3.45,"Meadow","Kimmeridgian"
"5635",4.45,3.5,"Tillage","Kimmeridgian"
"5636",4.45,3.55,"Tillage","Kimmeridgian"
"5637",4.45,3.6,"Tillage","Kimmeridgian"
"5638",4.45,3.65,"Pasture","Sequanian"
"5639",4.45,3.7,"Pasture","Sequanian"
"5640",4.45,3.75,"Pasture","Sequanian"
"5641",4.45,3.8,"Pasture","Sequanian"
"5642",4.45,3.85,"Pasture","Sequanian"
"5643",4.45,3.9,"Pasture","Sequanian"
"5644",4.5,0.8,"Pasture","Kimmeridgian"
"5645",4.5,0.85,"Meadow","Kimmeridgian"
"5646",4.5,0.9,"Meadow","Kimmeridgian"
"5647",4.5,0.95,"Meadow","Kimmeridgian"
"5648",4.5,1,"Meadow","Quaternary"
"5649",4.5,1.05,"Meadow","Quaternary"
"5650",4.5,1.1,"Meadow","Quaternary"
"5651",4.5,1.15,"Meadow","Quaternary"
"5652",4.5,1.2,"Meadow","Quaternary"
"5653",4.5,1.25,"Meadow","Kimmeridgian"
"5654",4.5,1.3,"Meadow","Kimmeridgian"
"5655",4.5,1.35,"Meadow","Kimmeridgian"
"5656",4.5,1.4,"Meadow","Kimmeridgian"
"5657",4.5,1.45,"Meadow","Kimmeridgian"
"5658",4.5,1.5,"Meadow","Kimmeridgian"
"5659",4.5,1.55,"Meadow","Kimmeridgian"
"5660",4.5,1.6,"Meadow","Kimmeridgian"
"5661",4.5,1.65,"Meadow","Kimmeridgian"
"5662",4.5,1.7,"Meadow","Kimmeridgian"
"5663",4.5,1.75,"Meadow","Kimmeridgian"
"5664",4.5,1.8,"Meadow","Portlandian"
"5665",4.5,1.85,"Meadow","Kimmeridgian"
"5666",4.5,1.9,"Meadow","Kimmeridgian"
"5667",4.5,1.95,"Meadow","Kimmeridgian"
"5668",4.5,2,"Meadow","Kimmeridgian"
"5669",4.5,2.05,"Meadow","Kimmeridgian"
"5670",4.5,2.1,"Meadow","Kimmeridgian"
"5671",4.5,2.15,"Meadow","Kimmeridgian"
"5672",4.5,2.2,"Meadow","Kimmeridgian"
"5673",4.5,2.25,"Pasture","Kimmeridgian"
"5674",4.5,2.3,"Pasture","Kimmeridgian"
"5675",4.5,2.35,"Pasture","Kimmeridgian"
"5676",4.5,2.4,"Forest","Quaternary"
"5677",4.5,2.45,"Forest","Quaternary"
"5678",4.5,2.5,"Forest","Portlandian"
"5679",4.5,2.55,"Forest","Portlandian"
"5680",4.5,2.6,"Forest","Portlandian"
"5681",4.5,2.65,"Forest","Kimmeridgian"
"5682",4.5,2.7,"Forest","Kimmeridgian"
"5683",4.5,2.75,"Forest","Kimmeridgian"
"5684",4.5,2.8,"Forest","Kimmeridgian"
"5685",4.5,2.85,"Forest","Kimmeridgian"
"5686",4.5,2.9,"Pasture","Kimmeridgian"
"5687",4.5,2.95,"Pasture","Portlandian"
"5688",4.5,3,"Pasture","Portlandian"
"5689",4.5,3.05,"Pasture","Portlandian"
"5690",4.5,3.1,"Pasture","Portlandian"
"5691",4.5,3.15,"Meadow","Portlandian"
"5692",4.5,3.2,"Meadow","Portlandian"
"5693",4.5,3.25,"Meadow","Portlandian"
"5694",4.5,3.3,"Meadow","Portlandian"
"5695",4.5,3.35,"Meadow","Portlandian"
"5696",4.5,3.4,"Meadow","Kimmeridgian"
"5697",4.5,3.45,"Meadow","Kimmeridgian"
"5698",4.5,3.5,"Tillage","Kimmeridgian"
"5699",4.5,3.55,"Tillage","Kimmeridgian"
"5700",4.5,3.6,"Pasture","Kimmeridgian"
"5701",4.5,3.65,"Pasture","Sequanian"
"5702",4.5,3.7,"Pasture","Sequanian"
"5703",4.5,3.75,"Pasture","Sequanian"
"5704",4.5,3.8,"Pasture","Sequanian"
"5705",4.5,3.85,"Pasture","Sequanian"
"5706",4.5,3.9,"Pasture","Sequanian"
"5707",4.55,0.85,"Pasture","Kimmeridgian"
"5708",4.55,0.9,"Pasture","Kimmeridgian"
"5709",4.55,0.95,"Pasture","Kimmeridgian"
"5710",4.55,1,"Meadow","Kimmeridgian"
"5711",4.55,1.05,"Meadow","Kimmeridgian"
"5712",4.55,1.1,"Meadow","Kimmeridgian"
"5713",4.55,1.15,"Meadow","Kimmeridgian"
"5714",4.55,1.2,"Meadow","Kimmeridgian"
"5715",4.55,1.25,"Meadow","Kimmeridgian"
"5716",4.55,1.3,"Meadow","Kimmeridgian"
"5717",4.55,1.35,"Meadow","Kimmeridgian"
"5718",4.55,1.4,"Meadow","Kimmeridgian"
"5719",4.55,1.45,"Meadow","Kimmeridgian"
"5720",4.55,1.5,"Meadow","Kimmeridgian"
"5721",4.55,1.55,"Meadow","Kimmeridgian"
"5722",4.55,1.6,"Meadow","Kimmeridgian"
"5723",4.55,1.65,"Meadow","Kimmeridgian"
"5724",4.55,1.7,"Pasture","Quaternary"
"5725",4.55,1.75,"Pasture","Quaternary"
"5726",4.55,1.8,"Meadow","Kimmeridgian"
"5727",4.55,2.25,"Pasture","Kimmeridgian"
"5728",4.55,2.3,"Pasture","Kimmeridgian"
"5729",4.55,2.35,"Pasture","Kimmeridgian"
"5730",4.55,2.4,"Forest","Kimmeridgian"
"5731",4.55,2.45,"Forest","Kimmeridgian"
"5732",4.55,2.5,"Forest","Kimmeridgian"
"5733",4.55,2.55,"Forest","Kimmeridgian"
"5734",4.55,2.6,"Forest","Kimmeridgian"
"5735",4.55,2.65,"Forest","Kimmeridgian"
"5736",4.55,2.7,"Forest","Kimmeridgian"
"5737",4.55,2.95,"Forest","Portlandian"
"5738",4.55,3,"Forest","Portlandian"
"5739",4.55,3.05,"Forest","Portlandian"
"5740",4.55,3.1,"Forest","Portlandian"
"5741",4.55,3.15,"Pasture","Portlandian"
"5742",4.55,3.2,"Pasture","Portlandian"
"5743",4.55,3.25,"Forest","Portlandian"
"5744",4.55,3.3,"Forest","Portlandian"
"5745",4.55,3.35,"Forest","Portlandian"
"5746",4.55,3.4,"Tillage","Portlandian"
"5747",4.55,3.45,"Tillage","Portlandian"
"5748",4.55,3.5,"Tillage","Kimmeridgian"
"5749",4.55,3.55,"Tillage","Kimmeridgian"
"5750",4.55,3.6,"Tillage","Kimmeridgian"
"5751",4.55,3.65,"Tillage","Kimmeridgian"
"5752",4.55,3.7,"Tillage","Kimmeridgian"
"5753",4.6,0.9,"Pasture","Kimmeridgian"
"5754",4.6,0.95,"Pasture","Kimmeridgian"
"5755",4.6,1,"Meadow","Kimmeridgian"
"5756",4.6,1.05,"Meadow","Kimmeridgian"
"5757",4.6,1.1,"Meadow","Kimmeridgian"
"5758",4.6,1.15,"Meadow","Kimmeridgian"
"5759",4.6,1.2,"Meadow","Kimmeridgian"
"5760",4.6,1.25,"Meadow","Kimmeridgian"
"5761",4.6,1.3,"Meadow","Kimmeridgian"
"5762",4.6,1.35,"Meadow","Kimmeridgian"
"5763",4.6,1.4,"Meadow","Kimmeridgian"
"5764",4.6,1.45,"Meadow","Kimmeridgian"
"5765",4.6,1.5,"Meadow","Kimmeridgian"
"5766",4.6,1.55,"Meadow","Kimmeridgian"
"5767",4.6,1.6,"Meadow","Kimmeridgian"
"5768",4.6,1.65,"Meadow","Kimmeridgian"
"5769",4.6,1.7,"Pasture","Quaternary"
"5770",4.6,1.75,"Pasture","Quaternary"
"5771",4.6,1.8,"Meadow","Kimmeridgian"
"5772",4.6,2.3,"Pasture","Kimmeridgian"
"5773",4.6,2.35,"Pasture","Kimmeridgian"
"5774",4.6,2.4,"Forest","Kimmeridgian"
"5775",4.6,2.45,"Forest","Kimmeridgian"
"5776",4.6,2.5,"Forest","Kimmeridgian"
"5777",4.6,2.55,"Forest","Kimmeridgian"
"5778",4.6,2.6,"Forest","Kimmeridgian"
"5779",4.6,2.65,"Forest","Kimmeridgian"
"5780",4.6,2.7,"Forest","Kimmeridgian"
"5781",4.6,3,"Forest","Portlandian"
"5782",4.6,3.05,"Forest","Portlandian"
"5783",4.6,3.1,"Forest","Portlandian"
"5784",4.6,3.15,"Pasture","Portlandian"
"5785",4.6,3.2,"Pasture","Portlandian"
"5786",4.6,3.25,"Forest","Portlandian"
"5787",4.6,3.3,"Forest","Portlandian"
"5788",4.6,3.35,"Forest","Portlandian"
"5789",4.6,3.4,"Tillage","Portlandian"
"5790",4.6,3.45,"Tillage","Portlandian"
"5791",4.6,3.5,"Tillage","Kimmeridgian"
"5792",4.6,3.55,"Tillage","Kimmeridgian"
"5793",4.6,3.6,"Tillage","Kimmeridgian"
"5794",4.6,3.65,"Tillage","Kimmeridgian"
"5795",4.6,3.7,"Tillage","Kimmeridgian"
"5796",4.65,0.95,"Meadow","Kimmeridgian"
"5797",4.65,1,"Meadow","Kimmeridgian"
"5798",4.65,1.05,"Meadow","Kimmeridgian"
"5799",4.65,1.1,"Pasture","Kimmeridgian"
"5800",4.65,1.15,"Pasture","Kimmeridgian"
"5801",4.65,1.2,"Meadow","Kimmeridgian"
"5802",4.65,1.25,"Meadow","Kimmeridgian"
"5803",4.65,1.3,"Meadow","Kimmeridgian"
"5804",4.65,1.35,"Meadow","Kimmeridgian"
"5805",4.65,1.4,"Meadow","Kimmeridgian"
"5806",4.65,1.45,"Meadow","Kimmeridgian"
"5807",4.65,1.5,"Meadow","Kimmeridgian"
"5808",4.65,1.55,"Meadow","Kimmeridgian"
"5809",4.65,1.6,"Pasture","Kimmeridgian"
"5810",4.65,1.65,"Pasture","Kimmeridgian"
"5811",4.65,1.7,"Pasture","Kimmeridgian"
"5812",4.65,1.75,"Pasture","Kimmeridgian"
"5813",4.65,1.8,"Meadow","Kimmeridgian"
"5814",4.65,3,"Forest","Portlandian"
"5815",4.65,3.05,"Forest","Portlandian"
"5816",4.65,3.1,"Forest","Portlandian"
"5817",4.65,3.15,"Pasture","Portlandian"
"5818",4.65,3.2,"Pasture","Portlandian"
"5819",4.65,3.25,"Pasture","Portlandian"
"5820",4.65,3.3,"Pasture","Portlandian"
"5821",4.65,3.35,"Pasture","Portlandian"
"5822",4.65,3.4,"Tillage","Portlandian"
"5823",4.65,3.45,"Tillage","Portlandian"
"5824",4.65,3.5,"Tillage","Kimmeridgian"
"5825",4.7,1,"Meadow","Kimmeridgian"
"5826",4.7,1.05,"Meadow","Kimmeridgian"
"5827",4.7,1.1,"Pasture","Kimmeridgian"
"5828",4.7,1.15,"Pasture","Kimmeridgian"
"5829",4.7,1.2,"Meadow","Kimmeridgian"
"5830",4.7,1.25,"Meadow","Kimmeridgian"
"5831",4.7,1.3,"Meadow","Kimmeridgian"
"5832",4.7,1.35,"Meadow","Kimmeridgian"
"5833",4.7,1.4,"Meadow","Kimmeridgian"
"5834",4.7,1.45,"Meadow","Kimmeridgian"
"5835",4.7,1.5,"Meadow","Kimmeridgian"
"5836",4.7,1.55,"Meadow","Kimmeridgian"
"5837",4.7,1.6,"Pasture","Kimmeridgian"
"5838",4.7,1.65,"Pasture","Kimmeridgian"
"5839",4.7,1.7,"Pasture","Kimmeridgian"
"5840",4.7,1.75,"Pasture","Kimmeridgian"
"5841",4.7,1.8,"Meadow","Kimmeridgian"
"5842",4.7,3,"Forest","Portlandian"
"5843",4.7,3.05,"Forest","Portlandian"
"5844",4.7,3.1,"Forest","Portlandian"
"5845",4.7,3.15,"Pasture","Portlandian"
"5846",4.7,3.2,"Pasture","Portlandian"
"5847",4.7,3.25,"Pasture","Portlandian"
"5848",4.7,3.3,"Pasture","Portlandian"
"5849",4.7,3.35,"Pasture","Portlandian"
"5850",4.7,3.4,"Tillage","Portlandian"
"5851",4.7,3.45,"Tillage","Portlandian"
"5852",4.7,3.5,"Tillage","Kimmeridgian"
"5853",4.75,1,"Pasture","Kimmeridgian"
"5854",4.75,1.05,"Pasture","Kimmeridgian"
"5855",4.75,1.1,"Pasture","Kimmeridgian"
"5856",4.75,1.15,"Pasture","Kimmeridgian"
"5857",4.75,1.2,"Pasture","Kimmeridgian"
"5858",4.75,1.25,"Meadow","Kimmeridgian"
"5859",4.75,1.3,"Meadow","Kimmeridgian"
"5860",4.75,1.35,"Meadow","Kimmeridgian"
"5861",4.75,1.4,"Meadow","Kimmeridgian"
"5862",4.75,1.45,"Meadow","Kimmeridgian"
"5863",4.75,1.5,"Meadow","Kimmeridgian"
"5864",4.75,1.55,"Meadow","Kimmeridgian"
"5865",4.75,1.6,"Pasture","Kimmeridgian"
"5866",4.75,1.65,"Pasture","Kimmeridgian"
"5867",4.75,1.7,"Meadow","Kimmeridgian"
"5868",4.75,3.05,"Forest","Portlandian"
"5869",4.75,3.1,"Forest","Portlandian"
"5870",4.75,3.15,"Pasture","Portlandian"
"5871",4.75,3.2,"Pasture","Portlandian"
"5872",4.75,3.25,"Tillage","Portlandian"
"5873",4.75,3.3,"Tillage","Portlandian"
"5874",4.8,1,"Pasture","Kimmeridgian"
"5875",4.8,1.05,"Pasture","Kimmeridgian"
"5876",4.8,1.1,"Pasture","Kimmeridgian"
"5877",4.8,1.15,"Pasture","Kimmeridgian"
"5878",4.8,1.2,"Pasture","Kimmeridgian"
"5879",4.8,1.25,"Pasture","Kimmeridgian"
"5880",4.8,1.3,"Pasture","Kimmeridgian"
"5881",4.8,1.35,"Meadow","Kimmeridgian"
"5882",4.8,1.4,"Meadow","Kimmeridgian"
"5883",4.8,1.45,"Meadow","Kimmeridgian"
"5884",4.8,1.5,"Meadow","Kimmeridgian"
"5885",4.8,1.55,"Meadow","Kimmeridgian"
"5886",4.8,1.6,"Meadow","Kimmeridgian"
"5887",4.8,1.65,"Meadow","Kimmeridgian"
"5888",4.8,1.7,"Meadow","Kimmeridgian"
"5889",4.8,3.1,"Forest","Portlandian"
"5890",4.8,3.15,"Forest","Portlandian"
"5891",4.8,3.2,"Forest","Portlandian"
"5892",4.8,3.25,"Tillage","Portlandian"
"5893",4.8,3.3,"Tillage","Portlandian"
"5894",4.85,1.05,"Pasture","Kimmeridgian"
"5895",4.85,1.1,"Pasture","Kimmeridgian"
"5896",4.85,1.15,"Pasture","Kimmeridgian"
"5897",4.85,1.2,"Pasture","Kimmeridgian"
"5898",4.85,1.25,"Pasture","Kimmeridgian"
"5899",4.85,1.3,"Pasture","Kimmeridgian"
"5900",4.85,1.35,"Meadow","Kimmeridgian"
"5901",4.85,1.4,"Meadow","Kimmeridgian"
"5902",4.85,1.45,"Meadow","Kimmeridgian"
"5903",4.85,1.5,"Meadow","Kimmeridgian"
"5904",4.85,1.55,"Meadow","Kimmeridgian"
"5905",4.85,1.6,"Meadow","Kimmeridgian"
"5906",4.85,1.65,"Meadow","Kimmeridgian"
"5907",4.85,1.7,"Meadow","Kimmeridgian"
"5908",4.9,1.1,"Meadow","Kimmeridgian"
"5909",4.9,1.15,"Meadow","Kimmeridgian"
"5910",4.9,1.2,"Meadow","Kimmeridgian"
"5911",4.9,1.25,"Pasture","Kimmeridgian"
"5912",4.9,1.3,"Pasture","Kimmeridgian"
"5913",4.9,1.35,"Pasture","Kimmeridgian"
"5914",4.9,1.4,"Pasture","Kimmeridgian"
"5915",4.9,1.45,"Pasture","Kimmeridgian"
"5916",4.9,1.5,"Pasture","Kimmeridgian"
"5917",4.9,1.55,"Pasture","Kimmeridgian"
"5918",4.9,1.6,"Pasture","Kimmeridgian"
"5919",4.9,1.65,"Pasture","Kimmeridgian"
"5920",4.9,1.7,"Meadow","Kimmeridgian"
"5921",4.95,1.1,"Meadow","Kimmeridgian"
"5922",4.95,1.15,"Meadow","Kimmeridgian"
"5923",4.95,1.2,"Meadow","Kimmeridgian"
"5924",4.95,1.25,"Pasture","Kimmeridgian"
"5925",4.95,1.3,"Pasture","Kimmeridgian"
"5926",4.95,1.35,"Pasture","Kimmeridgian"
"5927",4.95,1.4,"Pasture","Kimmeridgian"
"5928",4.95,1.45,"Pasture","Kimmeridgian"
"5929",4.95,1.5,"Pasture","Kimmeridgian"
"5930",4.95,1.55,"Pasture","Kimmeridgian"
"5931",4.95,1.6,"Pasture","Kimmeridgian"
"5932",5,1.1,"Meadow","Kimmeridgian"
"5933",5,1.15,"Meadow","Kimmeridgian"
"5934",5,1.2,"Meadow","Kimmeridgian"
"5935",5,1.25,"Meadow","Kimmeridgian"
"5936",5,1.3,"Meadow","Kimmeridgian"
"5937",5,1.35,"Pasture","Kimmeridgian"
"5938",5,1.4,"Pasture","Kimmeridgian"
"5939",5,1.45,"Pasture","Kimmeridgian"
"5940",5,1.5,"Pasture","Kimmeridgian"
"5941",5,1.55,"Pasture","Kimmeridgian"
"5942",5,1.6,"Pasture","Kimmeridgian"
"5943",5.05,1.15,"Meadow","Kimmeridgian"
"5944",5.05,1.2,"Meadow","Kimmeridgian"
"5945",5.05,1.25,"Meadow","Kimmeridgian"
"5946",5.05,1.3,"Meadow","Kimmeridgian"
"5947",5.05,1.35,"Pasture","Kimmeridgian"
"5948",5.05,1.4,"Pasture","Kimmeridgian"
"5949",5.05,1.45,"Pasture","Kimmeridgian"
"5950",5.05,1.5,"Pasture","Kimmeridgian"
"5951",5.1,1.2,"Meadow","Kimmeridgian"
"5952",5.1,1.25,"Meadow","Kimmeridgian"
"5953",5.1,1.3,"Meadow","Kimmeridgian"
"5954",5.1,1.35,"Pasture","Kimmeridgian"
"5955",5.1,1.4,"Pasture","Kimmeridgian"
"5956",5.1,1.45,"Pasture","Kimmeridgian"
"5957",5.1,1.5,"Pasture","Kimmeridgian"
